rank,address,lit,pct_supply
1,0xe554dcb002e4f3546d67e6deed84323eed989d62,234261292.000000,23.42612920
2,0x3b4d794a66304f130a4db8f2551b0070dfcf5ca7,157569141.547549,15.75691415
3,0xa9f5beb22c396ab05552fce0fe8b4335875e44e8,58917589.000000,5.89175890
4,0x47fa2aaa7acd628a1e72683cdb3c4d7fc9fab2d6,51218199.000000,5.12181990
5,0xe5fd7437d0ee86b4789a9f489ed0670b0966fa59,42386227.000000,4.23862270
6,0xb3058a7f08df0e252bfc012ec44314ee827019e4,36116444.000000,3.61164440
7,0x1aab61267a3b58af8102dc9f58e0abb18e24b04c,23370369.000000,2.33703690
8,0x72b23aebbd4abfc1cea755686710e74c93696fae,18333137.000000,1.83331370
9,0x000000000000000000000000000000000000dead,15638703.000000,1.56387030
10,0x1a51016fad47de690d1f48adf2f6407f3cdc160d,12609965.500000,1.26099655
11,0xcb8e76416f4a2511a6d01e879c48c92b4acfaa17,10241749.000000,1.02417490
12,0x208f02624dc2973e9a05089b3c76abed676dbeee,10000000.000000,1.00000000
13,0xa3d937a36a63ae36ff4b248a28d8fc8931ecb1c3,10000000.000000,1.00000000
14,0x0df848fb2e5ac5a7569c4e9f9f0ec66927b27371,10000000.000000,1.00000000
15,0x83c8aadccbd9ca276a3006b5136450bceac4456f,10000000.000000,1.00000000
16,0xf38dfc3c6d5c54d7023bf25c6cb41c5b726fc8d0,10000000.000000,1.00000000
17,0x74ce0b0c50e681caff76be4bb9249e64f364eb3d,10000000.000000,1.00000000
18,0x1833dc049ff934763f855ddba465b059922927af,9900983.000000,0.99009830
19,0x8cc5dafdd4cfd7636b1b9c05fd0899a48d6274eb,8841576.000000,0.88415760
20,0xbc5bb15911aa50b1ef32581c1973c0f4dd23d224,8147550.000000,0.81475500
21,0x763bea76b89cbb89a52bf010f7732142676e38dd,7364699.000000,0.73646990
22,0x5ee84d30c7ee57f63f71c92247ff31f95e26916b,7360470.987286,0.73604710
23,0xfa2d7c3767b08087db725fee6661ef0c114fea2c,6878042.546331,0.68780425
24,0x35fb1dbc43277519dd42b36f3fd047bcf3aa0a3a,6316191.000000,0.63161910
25,0x4a4aaa0155237881fbd5c34bfae16e985a7b068d,6123390.087616,0.61233901
26,0x91d40e4818f4d4c57b4578d9eca6afc92ac8debe,5817162.283296,0.58171623
27,0xf70c9547ca5016797d7fd9623320d653e82d83a5,5690879.000000,0.56908790
28,0x36f41e60057e2b16f165b331595c15df999c8247,5521586.000000,0.55215860
29,0x3c12dbfbf9d654d61a820b5a80d98e63fab9ee51,5072859.000000,0.50728590
30,0x83bf2fabcf50495ff344f55c91d3026a564dc44b,4878681.000000,0.48786810
31,0x73781209f3b0f195d0d3fa9d6b95bb61c54c1ca6,4741109.998610,0.47411100
32,0x63f0daee00b61505c9adc3138f59b4d13158b088,4684331.000000,0.46843310
33,0xdeb3524810d76429fac0e367986fdc0f8e3e88e2,4526776.000000,0.45267760
34,0xb829e684df8e31b402a4d4aedf3bbc18a52e7589,4500001.000000,0.45000010
35,0xab04909dfe42c513b7e8ebbb75291c2968221de9,4489983.000000,0.44899830
36,0x8688d08cda043ad9243c3e0a115ea4607aa136a4,4434887.000000,0.44348870
37,0xe9e24a80b12946fc0731d808999ea1bbd47cda0a,4408086.000000,0.44080860
38,0x1a3819f109cf98b6a057a9464be2cc0f4b0e361f,4400289.000000,0.44002890
39,0xba3015e1c0e1a75c92b1b73197cd20fd5689bc9a,4398776.000000,0.43987760
40,0x6d469a15045417693ee8bcd3d0baa9bcba686bd1,4372642.000000,0.43726420
41,0xd0c0dc5636e6c6e2b2da37b0e2ce56c96f64cdb6,4141190.000000,0.41411900
42,0x699510cdaa13b533b5603a3f0d49d22a5022a968,4141190.000000,0.41411900
43,0x841ed663f2636863d40be4ee76243377dff13a34,4028798.135914,0.40287981
44,0x1190cea3e2c8727218768bfb990c3228aa06dfa9,3659656.000000,0.36596560
45,0x57a71f8db4e5ae0e08d4def0db3848af2df829e3,3576141.000000,0.35761410
46,0xc77437bd005d37a32a9cc765c0f72c7f713a3b50,3450986.000000,0.34509860
47,0x09293146f266e8abc4b9914ba57567f3ecbd23d3,3142271.000000,0.31422710
48,0x1b0ba7c90914e327163b817685a9b99ae8b30b06,3102993.000000,0.31029930
49,0x260b364fe0d3d37e6fd3cda0fa50926a06c54cea,3100780.781587,0.31007808
50,0xf89d7b9c864f589bbf53a82105107622b35eaa40,3099604.657664,0.30996047
51,0x33ae48dbfe0a818635ba6e84e1ae03477ce1b971,2876995.000000,0.28769950
52,0xdd86b9e81bfc27ff2bd021cefcbd9b4a14a7c2aa,2780776.000000,0.27807760
53,0x0dfe1180b81f3c8aa3743eae7cbfb26ad9f7e4f4,2612131.000000,0.26121310
54,0xef4268e5b09562122ab3aa747078c7ee601773c0,2206611.000000,0.22066110
55,0x069a1c829c2fe9d5a5c0bc1cc64cc0aae29ed04d,2184958.000000,0.21849580
56,0xb135faa59ab685f3c70765f66956ac1cb276f7ae,1945426.500980,0.19454265
57,0x3aec3e54dd1ab2d30be6c020cfd5e080bc07437d,1885363.000000,0.18853630
58,0x40d20c794a4f3ed5ee45e65d3e1c4b9a23c60ecc,1882090.000000,0.18820900
59,0x4350e9ca17724aacc15ac1e21aacfcb52e808184,1873137.000000,0.18731370
60,0x543dc3006988352f0e3917d86004953189665ad1,1865724.000000,0.18657240
61,0x826e6786e58dad1c0eb08292cda82dd7e7cb7b1c,1534318.210198,0.15343182
62,0x20e732d4330d9857be69f3b539958e0d7b441bcc,1497358.323050,0.14973583
63,0xa7ab22be1cc8f9075afcbd9f695dec61071ef596,1472940.000000,0.14729400
64,0x4424237c9d0a233c7f7921ed339ed13cd0ec71fc,1380387.000000,0.13803870
65,0xb22d8af3e2ead3f7d6a8ebe45701aed035aedc8b,1366732.399322,0.13667324
66,0xdbe8d8b418a8db8c72f05abcd450cc7c38116171,1333325.000000,0.13333250
67,0xb4ad5d109dde0c01f652184778059acd0036f2da,1333325.000000,0.13333250
68,0x3c9df24f248ff949161a5a43bbf6dd69378d7799,1300123.639282,0.13001236
69,0x97c99466a4a58123d41957bf333740699c786dc1,1268215.000000,0.12682150
70,0xfde998369e2a0e7855198e915775603f17eb096b,1244058.000000,0.12440580
71,0x6287316f7e7715914e5d42c95e8d237f559f05b8,1242356.000000,0.12423560
72,0xe3f235f6e8fe414ca774bb72aab3df963d660c5d,1188000.000048,0.11880000
73,0xc52a907e34c62c2bcb10fd85c3b9e7a40d31cb84,1178352.000000,0.11783520
74,0x75a779eafe449281a66a553d6a3f97dd6f0ae8aa,1099795.000000,0.10997950
75,0x7c47645449a8e694ffbbc5df2cc3576ee80fc775,981960.000000,0.09819600
76,0x419e1e9b736a21bc3e23b66585eea618bf13f457,981960.000000,0.09819600
77,0x6adc6ed084a1cdbcc571d98a1b34076151442c34,980791.000000,0.09807910
78,0xbcda26b7c6fe36b4f97c21a57807817b06e15c77,965604.160445,0.09656042
79,0x88aaf7d5ab1adb00acb1ea4e292ba57bd40e4f3f,962704.000000,0.09627040
80,0xc882b111a75c0c657fc507c04fbfcd2cc984f071,867760.954920,0.08677610
81,0x37f1a6a284aff8482361b9adf444dcf88937554a,834666.000000,0.08346660
82,0xceb39aabdac87ff10eb42b9f44eb2a24375a884f,828239.000000,0.08282390
83,0x618a9066d6ca57c85d25668f92ea775bf40be0aa,828238.000000,0.08282380
84,0x9d36506dff3cc1793128a0b2dc5b0759286d6813,818300.000000,0.08183000
85,0x787347985bf454f0f24ad8b22cd92d9dc463f888,808480.000000,0.08084800
86,0x1715f728f16ffd41593642ad1c6b75f15707662d,790092.000000,0.07900920
87,0x89d8a175055e4a99c0854911fb980f15052951e1,750000.000000,0.07500000
88,0x27cd450ae337bdf2d16992b7f52dcf52ac0e52b0,726650.000000,0.07266500
89,0x114665aa388d8e213570a212d956309209216676,720452.103579,0.07204521
90,0x1d6f4d93ac7aa8574865666ab863de72129c1781,702833.750008,0.07028338
91,0x0ef438228551bdd7133a3cdd26aa52b03287dae5,696422.000000,0.06964220
92,0xf8191d98ae98d2f7abdfb63a9b0b812b93c873aa,694666.915127,0.06946669
93,0xfa7a10c46d63577296245ca7ed16f731dd940add,693843.000000,0.06938430
94,0x1a83460a74be0164466e7b2183ffb0c95551f965,687372.000000,0.06873720
95,0x8518a2e6857ad4caad25787f651aa86ebd149dbf,683326.000000,0.06833260
96,0x345061b15725a4e60acc3e084fa8e62bf44861c1,666662.000000,0.06666620
97,0x1367a93e793ac8a04e451e93cf362a6f4f1f8069,666652.000000,0.06666520
98,0x373704e394ef150241aee836115d78aba3fc5c76,629917.722007,0.06299177
101,0xe0989e1f74d79cfa7867e5243fc96436fb120f87,628454.000000,0.06284540
102,0xafe67968657350988e462ef6bff9234b330e29cb,628454.000000,0.06284540
99,0xeb8152b24b037af1253fcd4fc875cfcc3f135ac9,628454.000000,0.06284540
100,0xcbe7d00cc6e94bb97463473a49d9e7b319ecbb67,628454.000000,0.06284540
103,0xc3e7017e240e1f3b2d3ba548fbd3fc51e2e9d279,618825.000000,0.06188250
104,0x8fc8f2a6182128009b76e25da3d465d4869f8786,618635.000000,0.06186350
105,0xc333e80ef2dec2805f239e3f1e810612d294f771,613699.711043,0.06136997
106,0x456bf28149bae810fb51a4007af0712178d04af0,589176.000000,0.05891760
109,0xf0bb34828f51a696cb933ace6b5715b85ad6f3bd,552159.000000,0.05521590
110,0x88e7703d40b0d97eecd02506a0f48ed4486aaad5,552159.000000,0.05521590
111,0x3f3919f53f7d31496118a92f68a83c7a3aa86763,552159.000000,0.05521590
107,0xc6bd907de688762b512c73aee40a4ba71efd77a3,552159.000000,0.05521590
108,0x9394217ee3624cd72f22a2ea8df2b27dca9199b5,552159.000000,0.05521590
112,0x0d0707963952f2fba59dd06f2b425ace40b492fe,551055.913711,0.05510559
113,0x26209d9f0dc3ac0129c3fb1badabfeb9ee728c66,519922.268151,0.05199223
114,0x6ae52dca153b49ce332f71cbe00fa3ccc062ff8a,495376.712611,0.04953767
115,0x7a39337ee4bfc9187ea3fc34a87c40bc953bb238,490980.000000,0.04909800
116,0xee19a97b610632c96407b82473833518e418cccf,490980.000000,0.04909800
117,0xa23f54e0bb57a6114d831c080823f5fe2616cf98,475256.181494,0.04752562
118,0x2ffc2b2398130bd4febaa48696771c1ceca2833e,447524.065386,0.04475241
119,0x3eb196334f565ad4f8903e4fc6199cc7d7f29de8,445008.106065,0.04450081
120,0x494ec1dc2a2eafef16054fa2ad2aeb0b65b43da1,438036.000000,0.04380360
121,0xe1602d7560809d49424fdff46a61f62951a2ae21,416665.000000,0.04166650
122,0x0ff78e1fe48641ed63615a7b3ebb908f3f4bae34,414119.000000,0.04141190
123,0x0ac17107ed62a693520db8d3ae749403a94afb8a,414112.000000,0.04141120
124,0x2c1ba0dd6a48461fbbed3df163f193100e2069c0,412423.000000,0.04124230
125,0x7dafba1d69f6c01ae7567ffd7b046ca03b706f83,402135.073095,0.04021351
126,0xfc0d9342d210b5bef6c595b0220c00c5e6fc43e8,392784.000000,0.03927840
127,0x6ead861c9e5459bf56ba67aaabff11c471f51091,377582.431953,0.03775824
128,0xfb97dd18d379c856bbc114041e1836bcee063d8f,373145.000000,0.03731450
129,0xb0f8a81ee401c9bb27a1ee63917f2fee42dbb475,373145.000000,0.03731450
130,0xc7bf110f5d43e4fe69db9ce6cde71082a3a66cae,364143.000000,0.03641430
131,0x18add7f0bd3ee215677d6b55b5c967e057777e4b,353592.422970,0.03535924
132,0x684384f980ba7a31cb16046934bda1e9782de831,353506.000000,0.03535060
133,0x60d99e3c37da40cf34e3bcf7cfc2094dc87a742f,353505.000000,0.03535050
134,0x466442771f95477588c24da6562f7598625dd1a9,348210.000000,0.03482100
135,0xa1f0f84895a467a915d9f90a812a2821cb0876d3,346703.327863,0.03467033
136,0x54957c4fcb0a9998a1829e15aa4249f6ab29e079,336596.859198,0.03365969
137,0xcdb5076bac09d5795b7ac389f05d3fe8d5b94dab,333326.000000,0.03333260
138,0xe570ce69c05dc8bb627620a0fdd846adbc51572f,333326.000000,0.03333260
139,0xd7264d035dfcc72f357cadb3ee8862a864856e36,333326.000000,0.03333260
140,0x28716df83200d54db0a4915bb5dd486570ab2f2f,333326.000000,0.03333260
141,0x1b6dbdfe3b99e00d10b1b5913c245ba32f1cf7e1,333326.000000,0.03333260
142,0xabbce0640362c092708fce3b36bc454b7e18d86e,333326.000000,0.03333260
143,0x8497f03907646f9468d4dd926267d5c23fc7cdc0,331295.000000,0.03312950
144,0x4d8960b5b663c96e2928094f5d083cf18a45cb09,331295.000000,0.03312950
145,0xeb9af6505bdfd2b64848a21ed02f8ccab9144f5d,331204.000000,0.03312040
146,0xc899eeea7195fc839a2a987bbcc4c24d181e4b0b,329292.999998,0.03292930
147,0x93228d328c9c74c2bfe9f97638bbb5ef322f2bd5,328956.174922,0.03289562
148,0x1b1a99d72cc4bcf4a24def66026eef6dc944f57b,327320.000000,0.03273200
149,0x85001cc4867c5e1c22da4b79bb8852b9e2a06da0,325954.668487,0.03259547
150,0x9ed0c50c0e695da842bef920bdb4a8dcbf7f6323,314227.000000,0.03142270
151,0x9642b23ed1e01df1092b92641051881a322f5d4e,309640.622483,0.03096406
152,0x0106a731dd7bb190c42bf7cee76717c7c24e4598,300823.000000,0.03008230
153,0x6fc9823f5d722231bac8c0383a9eaebe6d4ea9ab,294588.000000,0.02945880
154,0xa2308acaf9c331e6b1766c9ddddce7e07e4a09df,294588.000000,0.02945880
155,0x7b905fe351619607fdadd57599ed9f26bb0c18c9,276080.000000,0.02760800
156,0xd9eca8a6605a395175142150f24ccf8660ae5c88,276080.000000,0.02760800
157,0xa3fdf4724bf4369310b1bb2789c0527e29ba1b64,276024.000000,0.02760240
158,0x0fa6561afb8a9613aa88349db0bfa8a0425bff59,275941.000000,0.02759410
159,0x58d1b0b034b3d9a1ff192250d8aee5c91862511b,265947.000000,0.02659470
160,0x44a13caef95ce26799ecb23212abc0219a1f86bb,265004.415263,0.02650044
161,0x96d4180b4cf90875ce187ebe8ffb9618049b24a4,253709.972675,0.02537100
162,0x1157a2076b9bb22a85cc2c162f20fab3898f4101,250533.773906,0.02505338
163,0x75d55ba206e0b4650a11a2a6ea663625b91bc61b,248472.000000,0.02484720
166,0x25d2f56b4286227651fa2a123c4e9a6438327bc3,245490.000000,0.02454900
167,0x16658ec4cac929c5cb1821c325f335851e9ee14b,245490.000000,0.02454900
164,0xc8596c73be13f1cb5bb114ce37d4505f43f7c0b4,245490.000000,0.02454900
165,0x4075f3960b75025c90de8942b7033d373b6cb436,245490.000000,0.02454900
168,0xd2dd7b597fd2435b6db61ddf48544fd931e6869f,238635.549283,0.02386355
169,0x1887fa9edadeab7562b01cc3f4fa246ace2c3cdd,219274.690005,0.02192747
170,0xfcc67582ecffd5965f51cd64c307130ed4d2f6ce,209468.000000,0.02094680
171,0x0529ea5885702715e83923c59746ae8734c553b7,209435.393899,0.02094354
172,0x5daa0a4a8b966c6b8402043045c37a40d046e387,207059.000000,0.02070590
173,0x74db5798fe0c047c496e8613f31e85fd531ece16,207059.000000,0.02070590
174,0x2a79473a38be1469d34e0bca235205d29f58351b,206650.000000,0.02066500
175,0xb29061078df3e8f4ea28cfb6414cc64f6ff3b88e,202917.470000,0.02029175
176,0xfd73fe674486f6163840b929b20bab449cf802c0,200123.346552,0.02001233
177,0xf63f5fcc54f5fd11f3c098053f330e032e4d9259,200000.144633,0.02000001
178,0x272189888d66761957813a99818ffe433797f1af,199996.000000,0.01999960
179,0xeacae26e13cf45f3f69fef96b3ce59ef0f9723b2,199996.000000,0.01999960
180,0xe3237023fb9cf7b570154411a326021128175306,199996.000000,0.01999960
181,0x442ded1275e84e7372d0837bbdfcfb679d514d60,199996.000000,0.01999960
182,0xf584f8728b874a6a5c7a8d4d387c9aae9172d621,198889.005500,0.01988890
183,0xd9fc67cecdb216b9e91cd9524dcf4bb8a5228c2b,193256.000000,0.01932560
184,0xb0a3a2b60e969afd26561429aa4c1444c57e4411,187436.657583,0.01874367
185,0x0cd5fcdd88f468786a7f97821c9c93095a17b229,186572.000000,0.01865720
186,0x8ab2a293226145da2f6150381af0cac8397231e2,186572.000000,0.01865720
187,0xd7bd30973be3894d9bdb84fe9f328d0c0a8b3ba7,180003.344057,0.01800033
188,0x7f604d597c15b2e2f60dc645844f68b1d781b752,179519.206130,0.01795192
189,0x983251a0a54d6349883660cfe731aa25ba12df38,174105.000000,0.01741050
190,0x90fd1cebc0deeb0d23157eaee5849482ee21fd53,170033.000000,0.01700330
191,0x13f8dbef61b525ce19f50d695c33979ebc929da6,169476.342691,0.01694763
192,0x165773528e5f5d0cb19ce2364ffa07404c6a1869,166658.000000,0.01666580
193,0xff286bc35d9a6550b45b73acfa9a111dcf15d0ec,166658.000000,0.01666580
194,0x1148880208075029d240592e56ef98a1479b9635,166658.000000,0.01666580
195,0x0fa65eff1db6fe0dc1e0f10c1f5dccd29ca66014,166658.000000,0.01666580
196,0x316921fab4118767e70b836044fac9f1dbf8ef63,166658.000000,0.01666580
197,0xa24579e4df2e7adc5cb35849546b848e48f88ca0,166658.000000,0.01666580
198,0x9b70fe5700a649886ca4272be9cb9f061a76508e,165648.000000,0.01656480
199,0x3da329c75bd6f1a37e9023fa96ad7409cddd5a19,165648.000000,0.01656480
200,0xd13a176e5c9e44147555bbc04f0b101735c59d71,160126.000000,0.01601260
201,0xc64acf6277b87590159e193785a07d7cc4a9da90,158013.602067,0.01580136
202,0x000000000004444c5dc75cb358380d2e3de08a90,153635.319511,0.01536353
203,0xf5b4747dfbad40be2cb7dc33f45837548fb76631,153431.000000,0.01534310
204,0xbc1fdbabe788128166cb1a4207d81ff807a470be,150000.350143,0.01500004
205,0xc4f18aaafe379dee5e605df4df679d080950816b,147294.000000,0.01472940
206,0x477771c22dffb86218ffa5b6fa811057cae8bda3,141312.064946,0.01413121
207,0xdb2484555a2c9177bba142b76724d5f6706d6199,138040.000000,0.01380400
208,0x06064054c1c31c2bf7fc1e848f87a4a11cd96888,138040.000000,0.01380400
209,0xf32b458b3d92eb4212797e74e7ce89734e58d08e,138040.000000,0.01380400
210,0x416755020ca413958b565ea34d4a8de8d33a864b,138040.000000,0.01380400
211,0x0755406a0c619e96efe9df94322a9b43806c246a,138040.000000,0.01380400
212,0xc9f3c1c02caa0c97f8e881499893bdd6c44badd2,138040.000000,0.01380400
213,0x63290f387ae6a091f1933f45a73d1a7f189cf8c4,138040.000000,0.01380400
214,0x9bf8b0d6a29ed5398c118b4fa53ed3f6d00e51fa,138040.000000,0.01380400
215,0xcc7d08772637a32155d706c4251a0292c391dafc,138040.000000,0.01380400
216,0xf81467838d83ee2f58b8179eb8b80dda9c15a5b7,135772.561400,0.01357726
217,0xfc25f34d2714936fa9ecef76e8fcb19882adbfaa,133330.000000,0.01333300
218,0x1486bc03fb8f6a248b2062e2b56d102d0de0912c,129336.297427,0.01293363
219,0xdd12a74607e8ed332e3dd37ec2b987fdbdfc59d5,121878.500000,0.01218785
220,0x504ce9e51e508c85a161058c12e970a903d482fc,118090.732037,0.01180907
221,0x36848f9811d14e04ac33fcfde5763337aca53e8c,115659.000000,0.01156590
222,0xd06fcc60a86f1cb405cab7f991535402e4ef296f,114420.883141,0.01144209
223,0xbd02c51150a4ab6ce97b9de2025644594f3e75b8,112455.812423,0.01124558
224,0x35d2578d17de3605d22e728b6f61f03078a95604,110432.000000,0.01104320
225,0x24638a873a4391ef7596f9a181326595bee21f00,110432.000000,0.01104320
226,0x71942275fe9c7ef1cf48f949182837d45c68057f,110432.000000,0.01104320
227,0x825c21ebbc405869cfd3d38511a225b22cdda3e4,110432.000000,0.01104320
228,0x0032c602a655ef561085b7ede5ae706165b03631,110432.000000,0.01104320
229,0x55dfc8a7cb9e92702c0d365594bcdefa30b05e9b,110432.000000,0.01104320
230,0x6ac49d53b203d9423d1c475c605a140d19e86e0b,110432.000000,0.01104320
231,0x3e3912642254db1d02fa588b6d34bfbcd3ce2d5c,110432.000000,0.01104320
232,0x4cd4e7d7dd0d041af36fa65125af14584749c733,109609.097492,0.01096091
233,0x01bbdb5504970ff8378d9369778873d69b400db0,107166.631401,0.01071666
234,0x3279e5ed4be40633393ff43f4bc33738e8362b2d,107057.640000,0.01070576
235,0x55823001c8cd87a6e86716ca768bce51f2d89c9c,106282.975947,0.01062830
236,0xa9262b3a1ba4c5897b4eeb08d28258034e0b36c0,102155.005509,0.01021550
237,0xadbe1265c0df1b623a56d324de494bcb8e8914ff,101000.000000,0.01010000
238,0xdb2382bec256846241c3f9548ab36579ac573416,100000.000000,0.01000000
239,0x8e8e6bf9cd10a3da90694cd8ce82e95f067740a8,98516.347583,0.00985163
248,0xa29546af9759f5636f83b83c9872385265bbeb41,98196.000000,0.00981960
240,0x03e7d7719cd42a570f2bc24211abe6108dbc41f3,98196.000000,0.00981960
241,0xfc4900383f261f7ce780d3822e3d553581cacee5,98196.000000,0.00981960
242,0x0155e8771b6e3e8e15c4e89dab7d80a67c63d609,98196.000000,0.00981960
243,0x15f972e967fc9844e2012bf2e3d7306743bdefbb,98196.000000,0.00981960
244,0x64ca19d0bd1eb6319d927439e9528b50c4fb0cc4,98196.000000,0.00981960
245,0x6d5c605197b5f1007874e2e9743be5c804b33375,98196.000000,0.00981960
246,0x3faf4b79a4962741cb5037c346e731d4515df692,98196.000000,0.00981960
247,0xe00600831590084b0bc3731a03ccfa6183908dd3,98196.000000,0.00981960
249,0x6d6d126bc34f809aa643a2d2b8f41854cc4515e9,97862.273502,0.00978623
250,0xfd21ede8f6c1bf82d64394b4f25c51ac43812d51,92469.201595,0.00924692
251,0x0b1f002785637b44aa693a767204d052090e5e13,92432.000000,0.00924320
252,0x8dedb72660632bf629f9f20c9905566ed6c2ae67,92432.000000,0.00924320
253,0xa9d1e08c7793af67e9d92fe308d5697fb81d3e43,92057.715250,0.00920577
254,0xc8e761081ad494609e563277f74127d36615323c,91489.000000,0.00914890
255,0x13057d675e9d86b33bd61ac26566d57a76bc6cca,91486.000000,0.00914860
256,0x4d22723db521bdbf875c5558fd09104ad4113826,90393.000000,0.00903930
257,0xf547516efed89ed3cc5955976d238b79e5854ea4,90393.000000,0.00903930
258,0x19b6e491b890182bb7df703ff3a47aa710c58903,90291.677799,0.00902917
259,0x066686c3626e2a48f9b760da5a7046a8f044ba57,88376.000000,0.00883760
260,0x2677c4c8757da1857cc7cc4071e0e0dd32ccb975,82830.060000,0.00828301
261,0x385994226756832a95db1be47c4f692f9bac36ed,82824.000000,0.00828240
262,0xa606f975f5ffe5569387e38d764023741eebad4c,82824.000000,0.00828240
263,0x69be413d648ae00f0fbd9856f1355e22b36ee5e0,81998.661527,0.00819987
264,0xd3e24d15482962f2afc1dd2da46be07567b7639a,81829.000000,0.00818290
265,0x443a73c8d665e899b715f293d35a589cad6628f4,79123.474902,0.00791235
266,0x5ac6720d12ef7cce95d8fb5c40590ce957c0d6f5,75429.087213,0.00754291
267,0xaeb3d485d091b244e51dfc74beedd63752c8922c,71905.879850,0.00719059
268,0xffec0df753b6171e8cd6cf3d13d872c012242f00,70000.000000,0.00700000
269,0x58b398763362a0529cee12b3394df9af0b417ec0,69641.000000,0.00696410
270,0x322ba52b3440fd0fb22249b7c922d856813f648c,69641.000000,0.00696410
271,0xad2893ac36446e2163e09d681dd04ed66f443dbf,69641.000000,0.00696410
272,0x04c26a27313498e656531ae67b8539e6443decce,68844.772254,0.00688448
274,0x61e3279fb8df9e516a3dccc48a22b7bb67a02cc3,66665.000000,0.00666650
275,0xe8d9ad391f17adb57f3b6d98078bb44f32d1cf3b,66665.000000,0.00666650
273,0x5b2c4fe64b335c1c2c825e964e7f59f625aea03a,66665.000000,0.00666650
276,0x1ab4973a48dc892cd9971ece8e01dcc7688f8f23,66061.995555,0.00660620
277,0x75decc6005ae2fabe4c3ead33488bb5a6c058c90,65113.822304,0.00651138
278,0x426e36b803520760a792d74a7fa092b0c85c4d9a,64644.463408,0.00646445
279,0x446b86a33e2a438f569b15855189e3da28d027ba,62122.550000,0.00621225
280,0x42d52444fe780b4f73fa5e6e03e4d67ab57b9a39,61372.000000,0.00613720
281,0x5172104bdbd02291fa3a1d6c1bce717211ce75a5,61163.970000,0.00611640
282,0x3695e2d40b61a3b2a69b339fab39ab9f86d7638c,61159.800000,0.00611598
283,0xb334a61a6209f14b5fa5f1684a4ed7621f66e1ef,59015.037305,0.00590150
284,0x323a037b9a09701543bd2b222532bd99c9f925ed,58918.000000,0.00589180
285,0xf850b5ed2a6a8ffb15079a848b0a1697867e7035,58918.000000,0.00589180
286,0xe8c15aad9d4cd3f59c9dfa18828b91a8b2c49596,58069.120000,0.00580691
287,0x916ed5586bb328e0ec1a428af060dc3d10919d84,57466.328457,0.00574663
288,0xf440139a62b2b939699c5b3e09f88e40464ab9bc,57248.949108,0.00572489
290,0xc3e82e67decf531a23140efce5687166fb395c99,55216.000000,0.00552160
291,0xfed92819518a7ab509dbcc1826d57e9d28dedd75,55216.000000,0.00552160
292,0x470ecde2263b26c41641ba772e996fd0699fcda9,55216.000000,0.00552160
293,0x5c7b3078f2529750871ae665c29dec1ba85c6566,55216.000000,0.00552160
294,0x7238a7f89b95878fe715edfbf02e559354bdae9c,55216.000000,0.00552160
295,0xd4951cd9fb9ea71b00c0e96fb244410cc171940f,55216.000000,0.00552160
296,0xbf1d1316b414293b99a0029e60162fcefe70b5dd,55216.000000,0.00552160
297,0x5142474252d1540d92cb15fd154c9a2f5bf1d0a7,55216.000000,0.00552160
298,0x158df32678dbc04a87abbca61279c55a9ad4faad,55216.000000,0.00552160
299,0xa31327fe318aa263e02334de646ceaccb532d115,55216.000000,0.00552160
300,0x9ba0dcbe2098073997886be811b60fa198184201,55216.000000,0.00552160
301,0x1585705d06a1a76fc9a085dfc9ecd45cb4f1e27a,55216.000000,0.00552160
302,0xb00ab27e5deefd221808d0c7fffd5da3500a6bd5,55216.000000,0.00552160
303,0x6699ac30d64fd390980c2bd3617e437c5ad67705,55216.000000,0.00552160
304,0x0370a90dc05d8b46841a3fb7c675ca6a1b6e948a,55216.000000,0.00552160
305,0x546e6eb9d9193ef6b44b9ebc432d690828431ac5,55216.000000,0.00552160
306,0x3b77e9282798f6511d825ae1fbb192105f56d297,55216.000000,0.00552160
307,0x10cba0c360642d4449b97e0491f6907e93fb0d01,55216.000000,0.00552160
308,0xd84c59787cd3616dbfc104cef72f23c762a14719,55216.000000,0.00552160
289,0x6422d91a100bc79abda272f872aca406d7fd272e,55216.000000,0.00552160
309,0x377b8ce04761754e8ac153b47805a9cf6b190873,53308.293102,0.00533083
310,0x8cc64a3bbd12c646d6b1a58725800b0bceb48ec6,53194.800000,0.00531948
311,0x973db17b64bf1d431b0b17b31d14b7a9f92b0ddc,53189.000000,0.00531890
312,0x4e6b7d150b47022967b14122bf2d7cc6907de47c,53170.469079,0.00531705
313,0xa023f08c70a23abc7edfc5b6b5e171d78dfc947e,51968.080442,0.00519681
314,0xaa10db8804d076601999c7cd769e02e44a99d5b2,51768.790000,0.00517688
315,0x6d42cf58d1c92f0dccf676bb2f419fb5e9c3b044,51144.000000,0.00511440
316,0xd4bf61ecf4d520ff8754018ec4bef0e2b8d289f4,50907.949976,0.00509079
317,0x8ebec88c00f1bbf91381ff521042b3e71a0556bc,50134.022586,0.00501340
318,0x1bfd0fea907d94cc4557cc6690674ea5f6e300c4,49098.000000,0.00490980
319,0x916ab129947982899f6edaf71dc3e63386cf7901,49098.000000,0.00490980
320,0x0a3d66030e18d9c8a67c6478befb4c9c299617eb,49098.000000,0.00490980
321,0xdd276dc5223d0120f9bf1776f38957cc8da23cb0,48415.030000,0.00484150
322,0x0ba9bf6ece534ef7d43ec50f6f08c899ddecebbe,47710.796831,0.00477108
323,0x1b14376ee2d46ae5c27a43d902d96d4f3f264b83,47586.400000,0.00475864
324,0x1bb2a56618ef9a4f71ee90690dd8d130572b0d38,46496.571431,0.00464966
325,0xa5c16f114393b1d81f81aba376708531f011f5ff,46263.000000,0.00462630
326,0x5fbcfe9bef4c62f52dd8d31291ef2fc348aef8a2,45743.000000,0.00457430
327,0x3aa528457cd8603f272136657269f5ab3cff5020,45743.000000,0.00457430
328,0x41e69e7fee9bd4dfe33c1e69fe70c4cb5afd89e3,45384.754266,0.00453848
329,0xcafeed0c0ce5895e2cab39a9281967d2d76b1f01,44083.000000,0.00440830
330,0x550c68c1eaa9ee4b43088a0b76039ec06371f690,43000.000000,0.00430000
331,0x51c72848c68a965f66fa7a88855f9f7784502a7f,42814.904384,0.00428149
332,0xe41b7ca4758fdf11bed36710cbaf42ce95faa287,41723.288920,0.00417233
333,0x70c865630ee9d9921ceded5089dc9bafcd4b0a79,41667.893795,0.00416679
334,0x6ee093fbb0020b506545bfe5d8920b081c2909e1,41569.947668,0.00415699
335,0xb8e6d31e7b212b2b7250ee9c26c56cebbfbe6b23,41415.030000,0.00414150
336,0x11b869925767f09864fb23774dc4183a0e3885a0,41411.000000,0.00414110
337,0xcffad3200574698b78f32232aa9d63eabd290703,40765.674005,0.00407657
338,0x8c2cd35ec599199c1e8265c9a3d2fa213c6e2e05,40648.393949,0.00406484
339,0xd97107064b8c7520aae6c6e6ca75bb2aa73b670d,40505.797476,0.00405058
340,0x2496093a613f1665692570bbec3b2513a86082e0,39639.920000,0.00396399
341,0xe19ed11103265687a351662aab588a890ec598b4,39600.717871,0.00396007
342,0xd2c8b28a0f0144433495bf1f6f478ed4095a9ca2,39278.000000,0.00392780
343,0x9c41cda6806a85ad073fa62a628b4367bfa2ec56,38539.962000,0.00385400
344,0x3e250a0ae9ff6005ea9dab67b5bea09948a0a1df,38306.319673,0.00383063
345,0x6a7cf3fdf851d55f36eabf72535819e1855e749e,37954.357372,0.00379544
346,0xa2849fc6b31af821f43ccebd5226fa23d9be6929,37740.000000,0.00377400
347,0xab782bc7d4a2b306825de5a7730034f8f63ee1bc,37488.951683,0.00374890
348,0x8d54e68279a8e8b3e23a6dd3ff5b14ad0b5e6819,36837.234636,0.00368372
349,0xe77884cddf148dd5f0e9191b33d8dbaddb16dfb5,35467.891392,0.00354679
350,0x8ebdb15f20feec6b9d12b6104814062d80cd0cc6,35432.107513,0.00354321
351,0x7d328f5d5f4640f81b2f93d2903ec0a6c030eed6,35320.074500,0.00353201
352,0xa7752076c01b43ff55dc453ec7d89607668dac7c,34603.686011,0.00346037
353,0x2f23c16e01b0c2bc19178994bb845435f9a708cc,34387.587850,0.00343876
354,0x3ad13e5ecec45874f55313b6760f44cec72bf4ac,34115.098938,0.00341151
357,0x760389d0cefdda01a3a369a812336b70fef82d90,33328.000000,0.00333280
355,0x580fa97ac3d1432e077106d0974a57d300b52c11,33328.000000,0.00333280
356,0x21e59dd850f331009cdc155babf9867a7b2f53fc,33328.000000,0.00333280
358,0x91e207ceb7379a7b46b2fc988ee7d5b2d5c64312,32896.000000,0.00328960
359,0xe785d7774d07d01c8d2ffd75e3c94b2ea9dd7fb8,32896.000000,0.00328960
360,0x6265498c1f7132c317e3c10a57edcf4c276dcdcc,32731.000000,0.00327310
361,0xf63bf5e3363cfbe4f7787e0ede2eb8b44fc233d6,32669.098223,0.00326691
362,0x3ba018f4219461cdb1566295845d50ef7112a04f,32556.142157,0.00325561
363,0x70e1735a31b091cc5fc6ede87cc315bf7c1c2c90,32320.747186,0.00323207
364,0x2025137a136bea7446deba681cbfc7cf1970840e,31265.259748,0.00312653
365,0xcc735bdc3fe5029460ec0bda136bebed62e58f44,30704.366000,0.00307044
366,0x65c4b6feda69f8f846c7fb1f5eaaacdeeabecea9,30680.230568,0.00306802
367,0x36020da76371a4fe3855bcec10dda246cd35c076,30000.684839,0.00300007
368,0x9494f3a304194b79c97bd1d440a33f0693c096d4,30000.000000,0.00300000
369,0xba205e9763c0486df1ab5ef22f8381493f1501af,29541.290000,0.00295413
371,0xb4629380b6c7ddf1a9e33cfcbbafb1ccb8f1a848,29459.000000,0.00294590
372,0x904754c98d812a47c9a42494d488d24f9660df9d,29459.000000,0.00294590
370,0xe74ed28524ca620a76236093817cf9654ea57fe1,29459.000000,0.00294590
373,0xadfdcb48843780ee40ab127c838dcd7688a01d62,29022.770000,0.00290228
374,0xa1cbea7293c2d25c2f0a87331e8178faed9f03e8,28954.671633,0.00289547
375,0x9be5b8a7314552fa47feb1355cd5b4adc7bb7516,28745.778734,0.00287458
376,0x7178cb49b426b090264bfb1f564d5042c8ceb90f,28395.611338,0.00283956
377,0x5c84fe50b7a8ce19a862104e825e4264c44aa8cd,27608.000000,0.00276080
378,0x91dca37856240e5e1906222ec79278b16420dc92,27235.223886,0.00272352
379,0xff20d09322dbc43b2eb95b939d050283baa3ce1f,26860.868085,0.00268609
380,0x5b80727b589fdcf8c0cd3288fe7841f6f77046cb,26550.220000,0.00265502
381,0xbdb3ba9ffe392549e1f8658dd2630c141fdf47b6,26532.879468,0.00265329
382,0x8dac80ce96f69f9762bc450faa4d7fbd5891ae18,26455.881759,0.00264559
383,0x55f9765ce4d7f7532f54b43915d525301a77e3e4,26267.000000,0.00262670
384,0x5dad2cd9195c4954ec13af1f39f9725643d85a05,26198.712885,0.00261987
385,0x3774da4dbf631a5c5ca111261ce4f11b27384385,26158.830560,0.00261588
386,0x9fee7d002b2bcac860a6f07776b60fed54b3abba,25789.007823,0.00257890
387,0xc789bb2196c388ada654fc8d17dc689d6c8287cf,25364.557128,0.00253646
388,0x17fde709ba33f9fb089347d9a327fdfed64f5424,25000.370489,0.00250004
389,0x5e589b68857a96f0cc89de94a32d35c3c556e7ac,25000.001078,0.00250000
390,0xae549b969dc91b022b8cf1ef2d5d5d2131ac00f7,25000.000000,0.00250000
391,0x876c9332dff069bfd21213bc038f8e592bd4fc6a,24964.898566,0.00249649
392,0x92fc8fd35429a7d3a2d53d8c55a84ac6f1377fd4,24662.410342,0.00246624
393,0x675345c76131bb4e0c906955a6d50720f5d0e485,24114.541539,0.00241145
394,0xa39fe1753e812b6cfdda856eefe739954712715e,23917.723033,0.00239177
395,0x9b11596f80f84ddd8eb37852aeed01ca091574c6,23616.433800,0.00236164
396,0x9400d96518b97fefc52fa0950e153da9309631fe,23519.171995,0.00235192
397,0xa2efdac3d6681186932cd185cfa3b0ebf2688693,23115.718844,0.00231157
398,0x714af47dbef27773b7ab5b6efbe4c6477ec416ba,22991.144276,0.00229911
399,0xc8d078d26dc14437ddd48e7963029c59d4ce236c,22775.033000,0.00227750
400,0xbf90664017218ac7d9db5ae0c84873628e9ae1ae,22251.739430,0.00222517
401,0x1ee69225a391ffb285ba7fec08b03e8a4e09c47c,22127.298438,0.00221273
402,0x74c7052ad76f5c6e40b95f94f0bd8974d6e25570,22088.679626,0.00220887
403,0xf509ed0cd6e2009c76ee722374b4bccb71d7c159,21959.587811,0.00219596
404,0x636858d62f2e81deb7fd563621faef1a6a14d6c5,21664.205330,0.00216642
405,0x87eef6155aba955d626a3a97ad837d7ec7bd2e32,21635.453167,0.00216355
406,0x1a9d699aee3a56ca49d0cc3b542ae3a37885a3e1,21629.860515,0.00216299
407,0xaf6e08926da465fb3c59c2ad5dad47f6dca252ab,21363.597405,0.00213636
408,0x8707e90c54b31fb38e577d1c1635763889bfe544,21309.000000,0.00213090
409,0xe9bbc9c18b5773bf0cad1f322d6d9d69c3be33b6,21287.407123,0.00212874
410,0xe7e77219d62e417d8c949688364ca52511391f3e,21000.000000,0.00210000
411,0x97f7892b2373b38c460d0ff127b3d3e1626bbeaa,20962.800000,0.00209628
412,0x58e237c08ea78abd15a0abf72ea22580cd515f52,20741.722315,0.00207417
413,0xfffc32c86c54cdcc190fff0cfbeb6341ea76ee23,20078.000000,0.00200780
414,0xbfbe5ae8bdbd0c4e349b717da501e8a159bcfdc9,20042.284970,0.00200423
415,0xeb04bfb539f1473d56264edbbcee97475f2c9e32,20010.000000,0.00200100
416,0x57865992a368d4a827741294afd3dbcb0f679267,20000.028422,0.00200000
417,0xa7f1971fd3bebf9e0cfecf35049b378b5e13728f,20000.000000,0.00200000
418,0xb53b6dfd5fef38aaea1880e0462584d56827f8f3,20000.000000,0.00200000
419,0x4ab6011356ef9ef1e228e79410377b6183ecf2e8,19873.965251,0.00198740
420,0x5c45dd5159d17c269c06975e2587f43eac42daf6,19830.246178,0.00198302
421,0x302e82cc4c08d72935b637586e100830a239819c,18488.218106,0.00184882
422,0x48b48f8db10bdda8fafda0dc380ebb7fcb119e66,18356.943697,0.00183569
423,0x53e1641d638df4cf11d53ad60e1b76a4f6430274,18260.240495,0.00182602
424,0xcd4abaf39691dcbb877165b7ba6d04ec6436c22a,17967.084564,0.00179671
425,0x0dd3fd87bb825f55f8e5cd6aa794c02f535e08c6,17684.566555,0.00176846
426,0x38740516f691a66b4c1cd9156e9434c7915e73b3,17636.747569,0.00176367
427,0xd65fe9db69044f97609aff0810f9c86652db6452,17593.013062,0.00175930
428,0x0963ff7612d4135ac80ddf3347c98353f7143c23,17568.684432,0.00175687
429,0x7e593457ed381546787beb14fdc9ec6cc0c135fd,17531.956621,0.00175320
430,0x9214fe2d225f3f5ffd82af0571044e864a073c7b,17508.970229,0.00175090
431,0x7477a5cb50c2753e461ca332622347262f3c4f3a,17474.690895,0.00174747
432,0x7cc0648515ef1979a41c00a04c1d1ed249e7c830,17233.660898,0.00172337
433,0xa7edd6ada5572057fc5b565a31d07db2ae790483,17220.546510,0.00172205
434,0x5a407469ea0c85a92650940dded4301484589aa7,17100.000000,0.00171000
435,0xf765f02a16e2485614982d8a2a8a4a12fef2e53f,17000.510000,0.00170005
436,0xa01ca55e560e59ce754925a419cb4f23b8971b07,17000.000000,0.00170000
441,0x37daabeaa30cc0599344662495fb09d5d18275a0,16664.000000,0.00166640
437,0x7c93aceb6fe30d3e6e6ba5c1d46048f8af0467dc,16664.000000,0.00166640
438,0xbedd5fbb2757cb4aa1233fd5b5d0a5d2926c7381,16664.000000,0.00166640
439,0x3e6e3f9324edcfcced3b44bde7ea1bfd7cf79355,16664.000000,0.00166640
440,0xb8b7a108f2ea34e14f3df9f6cdc0976537f4b311,16664.000000,0.00166640
442,0xe147a6a9840f015c5a60ad8cc190a7c271bcee16,16366.000000,0.00163660
443,0x97162365263790526f9dab008e8bab834e7e8a6f,16256.278338,0.00162563
444,0xdaa4393013f359fd63a133a3b893d311aba4e471,16200.000000,0.00162000
445,0xe2efb81eb3571e9a6711ced6edee00e8c2311907,16196.916019,0.00161969
446,0xe92e65049b3c2ca12806e9567b08895118c5a03f,16176.922561,0.00161769
447,0x77666ae684eefe99b21e8bd6ea7586a9420b66a1,15808.187540,0.00158082
448,0x1826b98a9ebe2620f8c3c235d3117a082f4a39ef,15544.151079,0.00155442
449,0x800d6de60b33d3e07571979fd6247a2e25f68d12,15540.298477,0.00155403
450,0x1206bce3df18bb08033ffc1ceecc36ead0c3f1d9,15460.439190,0.00154604
451,0x4f0db9173a8c03aef9d2dea6a28d11d14bdf3df4,15366.121111,0.00153661
452,0x2228e5704b637131a3798a186caf18366c146f74,15167.999380,0.00151680
453,0xca21339782321b6256108f92685fc2f32c265c4a,15099.387154,0.00150994
454,0xa24c59989d74f22a9a818f2c79fe8f2f73ed3112,15046.902954,0.00150469
455,0xa1fe56f13d8d41a8592335402c521fec1668459c,15000.210000,0.00150002
456,0xa5572cedad93493843a3739f7ede0a04b9080887,14997.000000,0.00149970
457,0x1a720ce7dea32e0074d2e4599cbf0739397677a4,14984.446093,0.00149844
458,0x631456089b908a73cb5563763869ef3bd067f7a9,14877.786122,0.00148778
459,0x792871ad947a5118e7d4d38a75183d0831aefee6,14858.703411,0.00148587
460,0xb1aabcdd2b5c203d03a2e9da51ea8d0ff5a96994,14543.290000,0.00145433
461,0x24fde0a2af0bc2333e54b5d8ce3b3a6f8d91c776,14459.723280,0.00144597
462,0x46340b20830761efd32832a74d7169b29feb9758,14301.539400,0.00143015
463,0xbc65e64f455900b56b0ef52fe2ae553640775257,14243.304499,0.00142433
464,0x887a6d356e117c148e98278bb5c9cbf1691979fb,14082.557827,0.00140826
465,0xfbeedcfe378866dab6abbafd8b2986f5c1768737,14059.304976,0.00140593
466,0xc8aa8438a90fb33adf72a632b4b8a97df822dcb4,14000.155052,0.00140002
467,0x888a5fc107492417dd38a995bab1fb138890cc1a,13960.532179,0.00139605
468,0xe2759ecded268614a6911b3aa302d417efc22cad,13881.931173,0.00138819
469,0x74b84aac3a9795bf37b1d58ac423afb06bf02b5a,13804.000000,0.00138040
470,0x7f234c92f70b532ca63cb52d4f03bc7fb0469779,13796.410005,0.00137964
471,0x7b26d51202bb17d8cb1bd258e3dabbbeab15eeae,13774.231051,0.00137742
472,0x910df188b5018d1c3e4437fa46c5ac2492b1524c,13683.568943,0.00136836
473,0xcea2eb0ee3bd66c4359d6447fe03554d6808cf22,13535.505067,0.00135355
474,0xbb2d6d4c7eb53f17f4366db8e08aba7579ef327f,13348.508835,0.00133485
477,0xe1d68dfb620adced2e310215b79ecc029a164ecf,13325.000000,0.00133250
478,0x393d744ee2485c98912d355a7e4a188c1cb35746,13325.000000,0.00133250
475,0x95a1f5186a8066c52ab049cb0bb7e0c05edb0b99,13325.000000,0.00133250
476,0xb29716a5a21260aa638f4210a2bcc9eeafd3cab3,13325.000000,0.00133250
479,0x07288b35ac0cceca2fd79c4b286616dbc34c58c0,13272.309883,0.00132723
480,0xa068267e9d4a2bad8d566f7d6ddab4995f546155,13070.447223,0.00130704
481,0xbb0c18033004550ab05aaff59d685ff28cc6bf3c,13021.043946,0.00130210
482,0x9c54a0cba7aeb5d84020b02bdc8c3ae5ff65dd8e,12866.937173,0.00128669
483,0xb365aaa3028b044aab3f40ff7cc01e24080a600f,12770.788692,0.00127708
484,0x8a749756b7901110d72f1aee774f875cabe6a52d,12725.620000,0.00127256
485,0x0dc124b9678671f26327a0c4129b1c9a1dcc3209,12725.014590,0.00127250
486,0x86b7055acbc68d5ad604ee0fbf14a86370601807,12587.183624,0.00125872
487,0xf3f58a329ddb9b5a04943871db236896a85bf984,12225.636656,0.00122256
488,0x9611a58d266135e3532f9f0c62ef0716564aee6e,12054.997736,0.00120550
489,0xff8a035ea6c80673f741c2265985ed976a40d390,12036.631653,0.00120366
490,0x564a22047eceb28eb71d3511fa21f4233c12d190,12005.279182,0.00120053
491,0x990c6b162f71aaee6dc08ac024a78607a95e49dd,11936.550847,0.00119366
492,0xcd531ae9efcce479654c4926dec5f6209531ca7b,11883.809077,0.00118838
493,0x5b71d5fd6bb118665582dd87922bf3b9de6c75f9,11738.430000,0.00117384
494,0xf44b64f6d71ea6df1862b8f9a23e11e346fc9b7d,11723.389280,0.00117234
495,0x4d70851bc1c59a27af4a14342cb4ccc96c0ae563,11624.000000,0.00116240
496,0xa4cbe661ac2305960d6495572d3e10c87d2a2c92,11589.864992,0.00115899
497,0x58edf78281334335effa23101bbe3371b6a36a51,11484.470334,0.00114845
498,0x2b3a50c13db0813af58e574c49c75a5249cfdfde,11301.857641,0.00113019
499,0x3bb8361d964ba81f87c5584690ddcf993e0d95ab,11298.890928,0.00112989
500,0xba3ad907aa43127906594f172162dcaa2de82f7e,11170.739046,0.00111707
501,0x73eb09f0c2f5c425f0636c3651ecbb71985c6236,11133.789904,0.00111338
502,0x7d51181c1fe37de141b25118cad896c49d61deb9,11079.634000,0.00110796
503,0x6c9fb58005869da52170a08040f8bb3ab7aff4c4,11003.368745,0.00110034
504,0x1c165ce53e9c5af5e9296f2756c358082b1f7671,10950.619910,0.00109506
505,0x0c0856805c4b9468683968852b05079ab1695b52,10931.763980,0.00109318
506,0x3f7f409a20d2c8296fcb089551d632886c111d0b,10902.000000,0.00109020
507,0xfb4b6b889e8ba9e1aa424dad4da9f8ba6b83bb0a,10821.846344,0.00108218
508,0x6da2e01180bdb55c52b1a584faefea5aa7125f34,10801.919417,0.00108019
509,0x405183fb620e4a8fc1d948c9f46760deb92d601d,10780.807312,0.00107808
510,0x4965633d3beb2ef4f5e2024107b04bcb961f639f,10684.600000,0.00106846
511,0x32e14e3defe0383d9dcd963a213780a787cdc063,10601.440760,0.00106014
512,0xb3c3074b004596de84c7585cd01aefb9d8cc5230,10530.635930,0.00105306
513,0x73e46f9f43ec9ca41e94686406dd4b682be7090c,10522.979035,0.00105230
514,0x446aadf92b3806d6e47eb2681d774af0dfd91d93,10059.368316,0.00100594
515,0x3d99d58c58ac501b80fc2fa079cdc80df89e4f86,10049.398340,0.00100494
516,0x1fa80a18b9564535408a8832a61def9574c60564,10000.990000,0.00100010
517,0x2bdcf25efd2acf9070e2764d9457949b82bd239e,10000.049405,0.00100000
518,0x5c03c84b133780ab148eb1183357408aa822420d,10000.000000,0.00100000
519,0xc942cfa84c380ebac36acb4c6cf6cb45a0081c1c,10000.000000,0.00100000
520,0xa77efd22ed33d502d107569bed8f8fde949ce2a8,9961.586945,0.00099616
521,0x02dedf54f8dd2a86f1871de4cea0b9a89a5c848d,9952.340855,0.00099523
522,0x085132243cec7d0502aeaec3f6c985d094bde9f8,9820.000000,0.00098200
523,0xfe77dfb4a5237d732bf62216ddb36f4c2d715080,9820.000000,0.00098200
524,0xfa205120907585d2c46214beb2f27bc496e4235d,9746.168181,0.00097462
525,0xd40db87528dba3d18e54ed3f6997fc20f229a67a,9743.514756,0.00097435
526,0x6af72917070f441ced9b3416ba2fcb9a69f69a9f,9693.600000,0.00096936
527,0x559aaefa791a14c1abc454bdacb480c2a9c678f6,9675.439290,0.00096754
528,0x2ed65eb5888cd73d74b9c847ffe4b801ee818720,9670.799026,0.00096708
529,0x3952724c36fa3503b692c8473e7290ee3fe62c63,9636.657982,0.00096367
530,0xcc629832575d77771843e981e0fdd00fa1581c89,9634.192731,0.00096342
531,0x755c6b5deeea2177c75b7363ac4c8972d0c19376,9628.833270,0.00096288
532,0x2e462f4151f1b031d3fe3ee5c8675f9ddc52bc98,9575.417633,0.00095754
533,0xbdb2ac1d00fb18e2304244b12360b1d26833ccff,9512.615571,0.00095126
534,0x22f08491184f37ade8e71006eaa07906ea3e8b08,9499.786252,0.00094998
535,0xe6b95c284b88709ac3dbd39432f51d92d791ad8d,9471.658468,0.00094717
536,0x7b9d3ce5d5dadd6da1f0f4c17e576069747a2fe5,9404.482171,0.00094045
537,0xcc282e2004428939ee5149a9e7872f0b4d5d5ec7,9399.254894,0.00093993
538,0x10cb02ff58492ed4358a1b7087721546fe9ff864,9332.647114,0.00093326
539,0x1f378305a40cd8b5b5289a372f9a529b23ea1875,9241.134954,0.00092411
540,0xb4e58aa996ee3508dba7a042938d55c63e353b37,9221.428158,0.00092214
541,0xe7a560d50613c05fa93bd84f550133b739313ca8,9221.000000,0.00092210
542,0x5d928a971b2b98363449bad125966d70ec16046f,9197.813374,0.00091978
543,0xafe727628d63420f027f64eca994126efbf7fece,9141.171596,0.00091412
544,0x1cff49855dc165899a2a8cef4980dd9147b2ec09,9123.619509,0.00091236
545,0x9d2c5e75f698a6a5c7e8eea1bd01bbed23b7378e,9000.000000,0.00090000
546,0x0d072757c550c3125aaa02392969f74f38b70737,8872.016192,0.00088720
547,0x319020240a00c903c1f34414917e06766ed9f519,8820.699479,0.00088207
548,0x70fd8c598b1b34a5ddb6c7631bef8a8c94901ec7,8644.905076,0.00086449
549,0x053518ea0704bac9fb6a96b630cc6bcb6e052e1e,8465.364407,0.00084654
550,0x172af3750612184b9529fa1f9afdbabb0c8de1cb,8392.990725,0.00083930
551,0x90ef53a3714298eb51a9ed4fd8eaf66240c883e5,8386.402000,0.00083864
552,0x3f63c689958508a54f76963de8bc5352f14d55cb,8369.800000,0.00083698
553,0xd4cbcc7012d8d86e1996c9ff16a2926a6e257db9,8314.150595,0.00083142
554,0x689a0f956dbf4d4bbff4b6f8d88dbc15aadc04a4,8312.220737,0.00083122
555,0xa3df26b5369b07ca93f66a2ac6daa9152437786b,8306.780191,0.00083068
556,0x21fb123865f34c4b5ac49bf3b07f484fec075e2b,8226.390000,0.00082264
557,0xbad89bc90a0fdcd87264dcd1e493a0516cd78c39,8158.491321,0.00081585
558,0x6ae795c3716cc66aa057fa0316476d26a611a031,8092.800000,0.00080928
559,0x80787af194c33b74a811f5e5c549316269d7ee1a,8000.000000,0.00080000
560,0x06f3bb6b1ffc2d9962b1b0eb59e77942014e90aa,7986.650841,0.00079867
561,0x2347cef6ab1318f42fda7dcdd7f9c582bfca5995,7968.876592,0.00079689
562,0xd07fcadc808f40b8e5286f54001cedcc7d6cc1d5,7911.077842,0.00079111
563,0xc322e386e33602beaa7cc845c3c465679724ae9b,7863.891114,0.00078639
564,0xd5e26d1583a8f6e6a3c023d407525d79cd081ec2,7814.693210,0.00078147
565,0xc299ec8df956266a3787b99bf95b624cfb7cb65c,7808.610339,0.00078086
566,0x912ef68af7497651e65a9f35320653b5f3a4c1e3,7776.539188,0.00077765
567,0x2f2f89d7aefea4c99ef8d02c320607bc10c3ad21,7700.720062,0.00077007
568,0xa55af4763b63d3512ac9d749f4a880b370665182,7672.888064,0.00076729
569,0x6ceebd6fab270362e13cc00f68485ec6801eebee,7657.995632,0.00076580
570,0x3a7bd7c19b76bbe34d26e7603fd2581ad55ee421,7650.000000,0.00076500
571,0xce60615c0f55a855663b47e69b342374137a7967,7617.870000,0.00076179
572,0x94448ed48f984fe34a457c3120baa5b90c02a9c3,7581.814252,0.00075818
573,0xdb5a7b0728aa0041fe66a4f775c77e559aa81248,7532.982234,0.00075330
574,0xcad8ec0831896be8481d766212a06ff581466f3f,7523.797656,0.00075238
575,0xdb8434a6052f7e071d3f1775e5a46089106f3a87,7514.356105,0.00075144
576,0x9d53734821f68edf9a2ad84f9d3c3b04a4eb5767,7421.919104,0.00074219
577,0x0b266c7b90a3f98160d71e75088a082bacc65be9,7420.960703,0.00074210
578,0x74627ddc73c2a85c3d8b4c854676f76959e0f36d,7389.084522,0.00073891
579,0x3ab445ad2bd46ca6ac3ec75850ea26d6bd7da126,7324.942345,0.00073249
580,0x719e67af46316b931fb93961a02e956b6d2dddf0,7317.166492,0.00073172
581,0x9089896a02eeb3f7dc665c0db5abb711e5446b86,7245.870823,0.00072459
582,0x82858b7dbaa6966c0f23a45ec1df2a26ea8cf8ff,7243.546608,0.00072435
583,0x7d9e91a8a47eb553cbfd323e7633c0c213327124,7108.190978,0.00071082
584,0xbb7ec7244d3c6e60d16aff6c4ce782e115df5480,7093.568462,0.00070936
585,0xe73903c5cfd48d43ac2b26aad1ff115fc4200e7d,7052.000000,0.00070520
586,0xb6c21351ba5a208b5388cfa1b9662792cdb96e86,7022.290000,0.00070223
587,0x613619468850be0d93ef7701aeafbb8bd5b59aa0,7000.775711,0.00070008
588,0x186cd74f09fca394a28125f6fdcb2828bb73ad80,7000.000000,0.00070000
589,0xe829697f42e1a952fa1f3eab8e948d5b6d878fd2,6933.457537,0.00069335
590,0xd123b746c3944b61c685d259fe71938a75bd4446,6900.393088,0.00069004
591,0xb0c0da62de312e6ee83ef98293cdad8f1032aeb0,6854.232489,0.00068542
592,0x61a7ebc69a34e72005a195b42b5d5577c20032ad,6817.287536,0.00068173
593,0xdb7442e2a5f251dc08e1113b8d6c5c9daba3a998,6781.879510,0.00067819
594,0x687c802162e79ad95309df8eedcb8e814c7f459e,6777.823803,0.00067778
595,0x728a1558135e210b9bf782015ed1cfd3c387f130,6772.083730,0.00067721
596,0x18004fe5b924edd299c2150c9d7d78287602a7f1,6730.036840,0.00067300
597,0x2bf298b8492296b684b95750f1f71e7f3a74dfb0,6715.325717,0.00067153
598,0xd7fbb0faded47c5bbe2da45ce8b8326182542dc4,6706.487138,0.00067065
599,0x05327ca0590e721d5af0549ec40415d05155a2a4,6705.810000,0.00067058
600,0x60cf9d61370d44ccf55289aebea33a072d9f93bd,6684.256940,0.00066843
601,0xb59425245d31c2f7eccc8c6fdd023db7dac2cb1d,6670.443291,0.00066704
602,0x5c41ae967463e5c524c4ac92893f582141ecdb9f,6658.000000,0.00066580
603,0xd31d5a04a304396210b925bced9a91a9905010b2,6658.000000,0.00066580
604,0x8f8d5a2a58cc55a58a19430cbfabdf332f01be3e,6658.000000,0.00066580
605,0xc36762e0b0ac899d7c5087950c012fbea4f1c3eb,6658.000000,0.00066580
606,0x720c8e74ee2a2f5c52379a5ad35c126abce7f74a,6658.000000,0.00066580
607,0xfbbc56c08eda2d11a9da64575fe97e3d8495c77a,6658.000000,0.00066580
608,0x8b5a9d8fa8a23074ec2f69441cd323072595b631,6658.000000,0.00066580
609,0x0bce081860e205b58cec237e23c3180287a00851,6658.000000,0.00066580
610,0xd0cb2e646850fbeb06d0e672491461d41decc9b5,6658.000000,0.00066580
611,0x5995867bd0b9f3e7ad2fbcfe73c82962c57fffcf,6527.567082,0.00065276
612,0xcac58f6de770f339047b1944ead8b1f77f016fa4,6512.951875,0.00065130
613,0x40c204d9146d04d6cb0fefdbfa17e7e289634dd4,6500.490000,0.00065005
614,0x7f82b4cdcc92ae35efb01bdbc1fb71d0cd70e29c,6498.773584,0.00064988
615,0xc80afd311c9626528de66d86814770361fe92416,6461.983139,0.00064620
616,0xd50347791d618f80b8db9a07c8a171ba869c452c,6438.109277,0.00064381
617,0x4e5bc1cd2c421ecfef65395b3237f90a97178c55,6368.659808,0.00063687
618,0x8d6f04b4e2231e458719820c2a8447cf6ade1309,6340.417823,0.00063404
619,0x558e9887c2d8deecc862a51bbab3b2ca969fedb6,6330.690796,0.00063307
620,0x2873e5282911f97fb371d4603208ecd485e7dc0b,6319.094229,0.00063191
621,0xaf493fd806659ff6c709973c8b1d662e5f9bc1eb,6294.362253,0.00062944
622,0x589d14a3ce0735030e3ae97ba86dbbe03c5bcb11,6268.073179,0.00062681
623,0x67a828fcdcace3500e3e0600f3bad22137100630,6175.585277,0.00061756
624,0x519b8ab55ae2a18b57ce2cff382d9342e2f1d1ea,6149.800381,0.00061498
625,0xc98061c50135ee3778528ff1deaf2d7d30d39801,6087.000000,0.00060870
626,0xa7c955eeac8b5b8c7ab67ac10b427b8293e10164,6069.878402,0.00060699
627,0xf404d3155641836e414a34412228c9e9b56c69f8,6058.317406,0.00060583
628,0x7ff8bbf9c8ab106db589e7863fb100525f61cce5,6022.250189,0.00060223
629,0x83e4f44b93d6f210addefc56d2d27ec7a1c1006d,6000.435816,0.00060004
630,0x2feaf661831413515b0c1bdcb677a4fb24417f49,6000.000000,0.00060000
631,0x223fea5291d43a2fb372c5f332e9ade371ded0b5,5998.864426,0.00059989
632,0x7c0a2301afe216dee7750896fdfb2f4a184d3d64,5995.618843,0.00059956
633,0x27b62b51debc4b29aa446d01bc8c4da3bf26ceb5,5963.910000,0.00059639
634,0x4d27df39254feb7b0aefc23a23d77b7d511b3d33,5946.624609,0.00059466
635,0xca216800bb9c5dc0b101cb693fd9240be3efa1de,5936.684077,0.00059367
636,0x86562e1d064a41dc71e368a01ff5c507b248a844,5877.424836,0.00058774
637,0x704a288b17f739690f5248659f941da0e68dca95,5859.756218,0.00058598
638,0x7cef1abe5528cf5eda2d8423749dd2ce47f353c0,5827.017204,0.00058270
639,0x9d7d6ff0351dd8c7f91a6e202d3cfd22bbfa3fe6,5741.731332,0.00057417
640,0x376d7fb535783c9a9c39c85eb529eaa9617c0382,5726.592567,0.00057266
641,0xe164e3c815e88b22a64389033d7c2b31074630ba,5696.114182,0.00056961
642,0x4860a902fb2ecbd3c93d3b5d25970cf2a149eff6,5671.610000,0.00056716
643,0xb6abd5338f712017353a0cce449f3edac1885eab,5616.399888,0.00056164
644,0xda85cc648536738dcd01fe97628dd1efc7f55dd6,5582.858324,0.00055829
645,0xc73f462b6c915c4fd0ae6f8fca0b2a56f8ed343f,5580.341172,0.00055803
646,0xae1255c532435e99132fafbd982b434775f7ca65,5576.734843,0.00055767
647,0xfe75e9f8bfac00468fd86bd7711b0233b536c9db,5574.640270,0.00055746
648,0xe49649fb31678efefac0cf66380238662e30a308,5511.474054,0.00055115
649,0xab4a40b8ec966f209497593498f60076012f0e49,5482.955646,0.00054830
650,0x333da37110d4b07fad58a280d80b2d41a134fea2,5475.244111,0.00054752
651,0x4b8380a5b44b52205fe55cc3bd53f43f3fbeabc4,5445.719583,0.00054457
652,0x21b5313e3476951f7bd7e40b1c20abdda8b25e7a,5412.294684,0.00054123
653,0x39f6a6c85d39d5abad8a398310c52e7c374f2ba3,5405.139202,0.00054051
654,0x4f6b9a7cdff5cccf1987e0b8d2832fc85976d297,5385.630000,0.00053856
655,0xab8ae1155fc78779cd8e14fb91283865a5e21423,5385.171935,0.00053852
656,0x44afd278be9d417d56f7deaadf0a3c767139d5c1,5383.541891,0.00053835
657,0x2ab41d2b3af2d9849bd0d74c2b3f8d2be0a19bf7,5380.109506,0.00053801
658,0x62d26d2bd6a26916efc2de91a557783150e7c645,5361.520000,0.00053615
659,0x52e2a9734d81e0cf38d9bfb8f0d497119db98195,5284.965728,0.00052850
660,0xf0394aa7aad9474005be5a43501cf4d1f038247f,5199.275232,0.00051993
661,0x73f6d91281570cafac1aed317c4fc2ddab4e7e17,5197.151821,0.00051972
662,0xb54459baa145b47aa327d24f95a3977a698b68db,5188.491506,0.00051885
663,0x02abed0a0b2c6508959465e56a6c3952c95a877a,5173.516623,0.00051735
664,0x1e5139c78050d014f05968dc5c0755dae958481b,5169.519242,0.00051695
665,0xe2bd177d7cdccf99eb3ea15054286164f49915d9,5154.018201,0.00051540
666,0x28177864d57e295bf2c676518b1676777af45b5c,5144.882216,0.00051449
667,0xd8c73bcef080f33e37ea5a415bb0778ecd72ce3b,5139.823758,0.00051398
668,0xcf013baae5595e69e3ca8f9ccfc51509fd5d78ec,5132.392341,0.00051324
669,0xec4bac63a753824f184ebf3a0c43545bb1f0fd6d,5131.737548,0.00051317
670,0xcb90c001be1aa9c7c4379cd7565cc1915e4e51a9,5130.538225,0.00051305
671,0x5fd66c9c95b1b39c0096f642c9d0e5b74474bac4,5083.679283,0.00050837
672,0xee9250c04cea7ab8fef216ebe9fab54491ff5480,5005.000000,0.00050050
673,0x219d612b83554291e2adaf012391c98ba6f2bc23,5004.270000,0.00050043
674,0xb932d7ea640b6c4a706b3cbb9c14470dd761fe18,5002.471235,0.00050025
675,0x442689f3f26cbccc2e288daea986b9d67346149a,5001.819546,0.00050018
676,0x4b3e77089c5eb6558b5355eab3bf2ee4156bf2a9,5000.808590,0.00050008
677,0xc4a25ae53ddcbc62acacbc0c3f25a38d3bdd77fa,5000.452181,0.00050005
678,0x78534850c112c7ad076646b91d00ba0297cf22ed,5000.000000,0.00050000
679,0xd72748acb56d8e85dd921742cfa238b448794930,5000.000000,0.00050000
680,0x9a383d4ba306fa5c44c124d5fa6f1675f11eebee,5000.000000,0.00050000
681,0x2c8b2fa98cc1b3f0d84f39efd79305d0eeffc597,4975.124379,0.00049751
682,0x66158344d42e3de868a698362b9f2a2f5307a43b,4947.280000,0.00049473
683,0x8b0c8c832c2f4aac2ab883fdf28c8154cebd805a,4920.937426,0.00049209
684,0xe7a26bc46178b232e5eab2a19b51c0b30668382d,4841.919590,0.00048419
685,0x62a79a8fbb36cac23fbbb921aaccaa3d70214542,4777.303680,0.00047773
686,0x63365c186e560d6df863af3da5808d95126b5c4a,4767.821414,0.00047678
687,0x6cbb2add2a126e65cef029afca45576910a26b5f,4763.900000,0.00047639
688,0x1f05d6879c2ba4abc2f9a3b42f4ac30dd4f49935,4758.749776,0.00047587
689,0xf0bc8fddb1f358cef470d63f96ae65b1d7914953,4749.827346,0.00047498
690,0xa4afb36cbf28c8c1ff049338ff77ae960dec58db,4740.337951,0.00047403
691,0x9c308b1665097af7ab2e38a41577bfecdc2d1c5c,4717.045552,0.00047170
692,0xaeb00420e91a45e636f1d527410a934ec4ed559d,4700.598137,0.00047006
693,0xb01dffc691351ce5faedd48062eabe6396f02b2c,4691.200000,0.00046912
694,0xfca5c821bf97a3cf3b60614eee43e268b4410bf9,4664.000000,0.00046640
695,0x4fa70df1be9e68b048c2f9db4d96aa4893ba9df0,4658.801186,0.00046588
696,0x7847c6c03bb39b3fd02f5217b050ec4dca3af557,4658.352308,0.00046584
697,0x9ed8d42b19d323a6c8fb4f44756dd77d6ec75c5c,4657.902942,0.00046579
698,0x4d5ab82d0744cd7b959bd67f1f65415e90f1165a,4651.287380,0.00046513
699,0x598fa512563babb04c8ba566c97d92756d3b0d27,4649.907542,0.00046499
700,0x2cca0648046f12fd011d69d1754947635ef5ce98,4594.236242,0.00045942
701,0x387af9df1a190cfaf420a0470a55f5ce22c5d356,4591.277863,0.00045913
702,0x93823c1905ed41a43365410b25f09947a83b8d48,4580.800000,0.00045808
703,0x5d75b11c9a6651fe064e75802aa60f985a340e08,4573.956426,0.00045740
704,0x5c67869e34adab769bad70be9f39728b4bb261d7,4566.926301,0.00045669
705,0x1c8abb4a30b902a2b76038ba37f39fbd21a4fe0b,4560.500353,0.00045605
706,0xda4628fd4f37ed6403d01ee57840e771cc26c32a,4539.020797,0.00045390
707,0x8f806357c196d3f7fca677b70b70849e2fe4bcb4,4520.000000,0.00045200
708,0xe60df8d416206c525d7242acf379b30915bb4270,4510.041094,0.00045100
709,0x2abf857669116a9022a6a2581fbe4cf0b90a1e61,4493.572366,0.00044936
710,0x5ec9c7df982d22a64f0aa377a0ec8627870122b8,4477.000000,0.00044770
711,0x167bdb80d85fe4533fe502f63227f5afce5bed3a,4474.140000,0.00044741
712,0xe1566e29a507afa9cb8b102d50200a12607c5b2f,4455.914070,0.00044559
713,0x058118d30900878197b83fc4961624aa8b85add5,4443.331587,0.00044433
714,0x82d295c06eeaf15b12a7feb8f2dcfa145cf18be7,4435.924049,0.00044359
715,0x877cea592fd83dcc76243636dedc31ca7ce46ce1,4405.973892,0.00044060
716,0x787db55870fd591328f718c8fc08222c9e10b7fd,4401.123182,0.00044011
717,0x4a86611f59d6b91072c9fa4011aa030639bbe25a,4400.000000,0.00044000
718,0x2bc0601222e5295aa8dfbbd825c2841e1404de4d,4398.322974,0.00043983
719,0x93ed0a2c363478b23a6f009769f60205349203cc,4382.647443,0.00043826
720,0xbdd1df18eebc9dda63d289054ceb6e7cd70e55dd,4376.758653,0.00043768
721,0x309890d9bd09742f08cef91114e5f4a9feb39745,4362.027650,0.00043620
722,0x445e54d8dca66c103158c0868a4b29144ffbe620,4341.665000,0.00043417
723,0x63758ad691b3d9496b1cd0d2cfe19685a74e116e,4337.128704,0.00043371
724,0x37fb6c069edb551b68b0f8ffd053b51e335a938b,4336.486236,0.00043365
725,0xb18a0237a54b4ae10ab0563e1345cb57d879cfab,4320.800000,0.00043208
726,0x2325670f4290de39442b2e16967954a7ccf6a498,4291.831715,0.00042918
727,0x31ebb8c26fba8a052dd53a992648a58ee7ef1a87,4284.711154,0.00042847
728,0x78b8f7453e17899ea9bf6a8dfd8311f2a515cbee,4280.470842,0.00042805
729,0x5a8ce6e6a04bd6ea97ef1ee4b53c890309460ab3,4277.535665,0.00042775
730,0x9cdc9044f20281feba8b2d33b16aaf99511baf50,4254.006325,0.00042540
731,0x889032a99577f1dc535020b06a6e6528fb54c008,4238.027820,0.00042380
732,0x5623408afa2e79e740c0ce4ec21683f61492a38e,4232.471206,0.00042325
733,0x951026ea35445edacc4604b3611684f5d1424a53,4157.653734,0.00041577
734,0xe3b4aa2dfe3a8e4cf2d901dbc7367d59bcf35eb9,4156.816652,0.00041568
735,0x87885c553f3daa76067dbadc3285e0134ea3db55,4153.516341,0.00041535
736,0xd20fb075dcadfd0b0c960e671ac44af2bc8ef2ad,4078.085258,0.00040781
737,0xceb62cd07d3799ff40ade2a150511def30184c75,4069.477164,0.00040695
738,0xb69662ab8195b21d2dfa07121f24d18d3ad4a37a,4025.367280,0.00040254
739,0x77f33bdb79da28defc96d9dafe5019b33c3b817e,4009.670085,0.00040097
740,0x4c84695c45585f932ade6da3cc371d471729644d,4000.805923,0.00040008
741,0x28e642cb8d0163e9272bf80b38344f31bea1c77b,4000.000000,0.00040000
742,0x81e8202674f0ea0131a79f8e756755d969aeb9ed,3930.778475,0.00039308
743,0x09b5d396a09bf254b52034c219dd0239a4e02fc4,3916.758980,0.00039168
744,0x3f0c91d86a51cb39ceff2fdeaa09d1a0df9c0184,3913.515833,0.00039135
745,0x5001c7aa60e6b7d1736f7b2d68f2862b9788f4b8,3892.609868,0.00038926
746,0x5cc7787778b4d20a947dcc53b41f593cfd27d548,3861.244217,0.00038612
747,0x990727aa8c9667c02e7826851c0513d38a148f18,3830.412968,0.00038304
748,0x1f27e50e9cf782203dddb524e6193f7404857a4f,3822.860000,0.00038229
749,0xc4d50263c1e89b65b63c830ff93fadc957064fa4,3806.224816,0.00038062
750,0x68f1638c664d7a839adaf2662e8286f2c554f77f,3786.434659,0.00037864
751,0x4f9a04bf67a65a59ef0beb8dcc83f7f3cc5c5d23,3760.856275,0.00037609
752,0x1fa356a72c9134b02d6d3c1ad4cffd6cbc52c782,3749.362500,0.00037494
753,0xad55df79fc48258e526beca6648b157941320a1c,3730.427580,0.00037304
754,0x96fcfa83cdcb23b87ab28d8f765c7d5e8ec27965,3708.540000,0.00037085
755,0xd4ccc3932d9e3c0f23698a9074ee7d67ca7da896,3687.797661,0.00036878
756,0xe047a0833aa80b7a6888f079c40fde970eb6532b,3686.703338,0.00036867
757,0x4db0d16b6e2fd1a6e89f007ddf9a9674b4a6d69e,3652.994018,0.00036530
758,0xd2c8bac18b5635ac55429b274b1f688ee16bcc4e,3649.688536,0.00036497
759,0x21bbe058060b28ca1d1fe024ce93d09b1ffde74e,3647.532897,0.00036475
760,0x4d9438b8a0d0dad700d2ef25d373d3f047f8416d,3623.306413,0.00036233
761,0xddf26a85f4d24e8b2839f4151488c679f294e508,3617.376198,0.00036174
762,0x3ec54a7451f5bb8e4cc81e3bb138d02784ce681a,3608.000000,0.00036080
763,0x42e3da8e7c1dbff7f9fe544fff5c4531ecd6f8a4,3590.400000,0.00035904
764,0x8d89e4d1a42e154a139632f7779dad35e497cff3,3580.208647,0.00035802
765,0xe3e8703418043a0925d199b1ee5fe089c6f1fb19,3566.814903,0.00035668
766,0x4e891aed0743251a56e8820b4167ff0e2ada4d2a,3558.040692,0.00035580
767,0x758bf097fecd6489c06ffa593465dfe5c9573fcb,3551.548319,0.00035515
768,0x00dc5ea68d043db3869b32c74d432d1fe874605d,3501.942918,0.00035019
769,0xa2eddd24b76e2514f537daa0a6e0e1c34c814d50,3475.840000,0.00034758
770,0x4bba80c0d1b6b3efa25c05a70615887ab7691263,3472.108389,0.00034721
771,0x1dc3ec66d3c92c89100a75892da5020736c7baff,3452.772377,0.00034528
772,0x1b6060d70c874edbbcc6c67c1f42cc5f8dc911d6,3434.227641,0.00034342
773,0xb2be6af9ce976b3a6926d0955bb80743fcd2fc57,3421.107104,0.00034211
774,0xd7efae6e8e0556ebb5e77a499a34fce6a4d8c722,3414.147489,0.00034141
775,0x8a9ae3393801cfa423a54e1031639cf8c6f65fbf,3411.008677,0.00034110
776,0x5a3d453e0f5b4ca1351a8d82fad66108c12472b1,3405.374709,0.00034054
777,0xfc2593b618530c8740888dfca4e8960dcabeea40,3380.540357,0.00033805
778,0x273dc240b5cc9986b38d6c395cbb17b0d9ac5991,3376.010936,0.00033760
779,0x0d4610451be22d17e1208cdfc0b9e0737f45b2b6,3359.597731,0.00033596
780,0x22e9c18364117ec40711ec03d9bd971d19ac7e91,3346.291864,0.00033463
781,0x1348e1fab736e84c1cc64e153e3adfa4b28ab95f,3344.294517,0.00033443
782,0xab046a5ef7c4394d386567b2f332cdb89166f5d6,3343.981671,0.00033440
783,0x6d83bf2b607c5688507c8d2fd023bab19c4295ea,3343.474808,0.00033435
784,0xe91061191b2683b158a6d2e15d1485c4988cc080,3336.331249,0.00033363
785,0x7f3c52476cbeeca47a9f88a3ebe2fb573af03d6b,3329.000000,0.00033290
786,0x38b34883202cec756926fcc402d468cf6a5c8f26,3329.000000,0.00033290
787,0x0df7e892f545d164c40dc7dbf0c87bd69de732fb,3290.883601,0.00032909
788,0x6986b7a359a1a34f7bbcb20b14144d94fbfaaab9,3274.076776,0.00032741
789,0xc3313203ab01f5aabc05fee478f38fa65b547532,3273.000000,0.00032730
790,0x817dafcee58beef498fe640dbe0fac09929920aa,3264.658655,0.00032647
791,0x14d7b4b74c6d7f7ee60256252cf23d3ebd3f528f,3249.620000,0.00032496
792,0x220cb45445571d861402f7592bc474dc6a13e88d,3241.502411,0.00032415
793,0x2756e01782458e0a133a7fb31d9f235b453bda20,3228.877756,0.00032289
794,0x99135f33306e722de9c4321e45efdfc5140de2f7,3218.802291,0.00032188
795,0x04c0e875a19b3c13c245867752f9c363ab6b93ce,3210.641618,0.00032106
796,0x798d8002e26d87d5f04195ba141e4524fdf93237,3205.265725,0.00032053
797,0xad709c741fc90977961d1354bbea31f5c2d3987e,3201.776100,0.00032018
798,0x6cb20f9565591fc28277ff9847a472bb24642179,3194.313955,0.00031943
799,0x19cb4dd34a85c43b2dd54b46937a51f60c93bd03,3182.811648,0.00031828
800,0x732290f09ced4ce42eb3ff7de3591fa5ef026c5f,3181.760000,0.00031818
801,0xba135cb16d64064b1994e25af20f8dc06bb3771f,3177.125460,0.00031771
802,0xd750b0b48c7dd9ff711be2bcd061c486508388c2,3170.623169,0.00031706
803,0xadd44b55487c0bd32d1e88530fbb04eb0b0d91f2,3148.782924,0.00031488
804,0x5d06dc9c27a1b7a5320b18bea14724f5b9ba8b62,3146.250709,0.00031463
805,0x33f63800418d47860b76c13804404f186dc5d9d0,3139.450000,0.00031394
806,0xa1c1d471219cfd08a09edef8049d7c806411185f,3137.118534,0.00031371
807,0xf6dafbb015ebb65fd5d52f05ce6defc66ff40584,3128.906670,0.00031289
808,0x9f452b7cc24e6e6fa690fe77cf5dd2ba3dbf1ed9,3126.265460,0.00031263
809,0xb41e56e119a44df61d31f1725a0d1e94522c65a7,3113.289199,0.00031133
810,0x29a4f285e336f1cf956cf92e2fbd60d5a51c2761,3111.756226,0.00031118
811,0x840bbeaba8b839d80e13ee013596a02591ecba8c,3100.653293,0.00031007
812,0x81b35fecb97c2fd5330fb4dada1ff65cd2d78d22,3079.403452,0.00030794
813,0x54266a4bab49b9a4e9a9bb664ff60f230f06c2da,3076.590527,0.00030766
814,0xe383efebbceb554990962b1fd76107b1e7df1ab1,3076.380000,0.00030764
815,0x1a2b793d24cf32e27046a3f5a4f42e9791643bbd,3072.267060,0.00030723
816,0x15402e52d860a1823c2942fcb78867a4481fbd8c,3070.609068,0.00030706
817,0x6b7c06658a902003660a3e343d4fa1f1b8018ea9,3058.822741,0.00030588
818,0x5a4826ef9baaa494905840204a1b008f143bb3a6,3058.553619,0.00030586
819,0x040d6d590f4deb5013cdfdd7cd0df46ec9fe0f3f,3057.497479,0.00030575
820,0x178480876f3fda6a1385a6c5b86194a2fa0f6174,3056.063382,0.00030561
821,0x68346ad6d4df50d8618b68e87d277ad5a5d341f8,3046.365020,0.00030464
822,0xf887fb5b10f4722afd50c29b1e5bfbe90193c93e,3038.484597,0.00030385
823,0x1be236d570898a7bd233683b6d516f3ad69aadd0,3025.050000,0.00030251
824,0x3307735ecf1c80de46804581382d6bdd3fa7a850,3007.573410,0.00030076
825,0x787da3f289247ac72f75b642abf1015c020a12d5,3002.534440,0.00030025
826,0x435f13aaab6f286b245173d8e780e8fc4eb070fa,3001.953035,0.00030020
827,0x26ed166c0a4f3185d95ee8d08925643cae856382,3000.653267,0.00030007
828,0xf1b2857de7d38cce3a506bd6f85a9aec0a253f2e,2998.588700,0.00029986
829,0xfc5480d57c7dbff406bc8ad7044bdae7a8fedecb,2990.344958,0.00029903
830,0x3965207eabfbbf24d3c81ea6b6a55c7b6a93eece,2983.368983,0.00029834
831,0xdb5a65be39168db77fc8605c43506d991c372974,2968.110000,0.00029681
832,0xd2803c8a549aba683a868cd196d98aff48dfc8c1,2967.406338,0.00029674
833,0x4976e3f23144c22d1412271aa6bcd848858b7490,2948.018330,0.00029480
834,0x84ca359d2d1824e0a9b0b9c963d18ddad25e7520,2946.519351,0.00029465
835,0x1a7d839dad213e8664411be731754ca9abcac2f7,2945.638083,0.00029456
836,0xbc035a36730e7933425f3d81f206e468eb4c4da2,2943.000000,0.00029430
837,0x040f8169ba82426acce4f31510c9550d20586fb4,2932.327610,0.00029323
838,0x009a4206fd022955ed345cf6f10742864326a036,2921.728560,0.00029217
839,0xb1984f24355a3f8575564591117328e02e9f7719,2899.076174,0.00028991
840,0xe0399814c6b7ac2a0e6f19b786cb31032e1b1f2e,2898.324629,0.00028983
841,0x401a17b0143887d943bc18753fdaff2b67c0fb5f,2888.908915,0.00028889
842,0x2e97778b97db81b62eb64103813e019f353537cd,2888.857391,0.00028889
843,0x2ac33b4ff1857da52949e6497689e001b0a7d52b,2884.723598,0.00028847
844,0x5eac017f1b1bd1bf862e1c0e0f7aff4830ee2fa5,2881.075053,0.00028811
845,0xbfea488cd358bcda64c5b30b2baf2ef20695891d,2875.610630,0.00028756
846,0x8028d859faa074d97fdf7682c2aa29320a383e9f,2865.910795,0.00028659
847,0x9c12ef8290688c4f5228de2fcfa346e886cfddec,2861.134720,0.00028611
848,0x6c600fe6899c6777c96b54505961b04b30faac0b,2842.145361,0.00028421
849,0x577ebc5de943e35cdf9ecb5bbe1f7d7cb6c7c647,2839.817967,0.00028398
850,0x9d9e57c01845149cb669f933fb479ad861c3d39f,2838.397755,0.00028384
851,0x0afa479931e92c9510f4d0900c02f6124ac80fc9,2819.515440,0.00028195
852,0x67336cec42645f55059eff241cb02ea5cc52ff86,2819.281084,0.00028193
853,0xd530f2a7befd4cf57caaa5ac5663bee38535bf7d,2810.873632,0.00028109
854,0x747b1da89afaedb91267be87cb6a870654a52d9f,2789.236483,0.00027892
855,0x355f645cc022036c762753b0e47fe41473701686,2780.484935,0.00027805
856,0xdb861e302ef7b7578a448e951aede06302936c28,2762.668310,0.00027627
857,0x0cdcd930ef5f6ccfdbfa7e0526fb5e5324e0c772,2749.069738,0.00027491
858,0xf43796a0228f45f9e473e783d71aaa0d5a88e4de,2747.650311,0.00027477
859,0xb1d52326be5d4ab16a6d199b70984925c8fa9164,2746.749578,0.00027467
860,0x2b7d0b6adbcb98e1dd77e0ba37b3ed232e27fc0b,2738.960000,0.00027390
861,0x1164bfe7c468a6203b0d9b1f804223eb4bb4d774,2723.513813,0.00027235
862,0xb6867cae8c716c11784a395e00e1185e45431ca1,2711.886529,0.00027119
863,0xcd99e243d7916ced492731b96e23a677096fd4ad,2702.254469,0.00027023
864,0x339cbb80ce5f27c6c0872d888b0055f458ba6833,2699.910616,0.00026999
865,0x200af72d8c1db9f2aca1af799c07bbc93c6e6830,2693.794160,0.00026938
866,0x1334aa99b476f63cdc9e1169af70c65837327ef8,2687.456468,0.00026875
867,0xa283f84f26aa29f4311bfa4ec1b45fdcaf00e31b,2682.105806,0.00026821
868,0x20983f34a763eecd926010dc54dac1f8484a19bb,2670.568398,0.00026706
869,0xf62d4972601f468011c72cdde8721f301efd55d6,2668.510000,0.00026685
870,0x6562260b671e90cb114c7cc6f0141da4b1034737,2657.481936,0.00026575
871,0xb897969305a508d7dd00e4b8218827c6742c0635,2655.509263,0.00026555
872,0x4c53b5fb15c7d16eb0ac9df067917061c2d6df5a,2645.050000,0.00026451
873,0xd71fe5fda52c94dc39170cf3e5b138ea53c3ca08,2624.048200,0.00026240
874,0x8a5ba828d84d9214c722ab2052328d8d42fa9377,2619.251097,0.00026193
875,0x1a90c2a4b377f36498425963ecb02129940bbbbc,2601.480935,0.00026015
876,0xec2a6af1fe46fcf31102fabd2c5a21d0ee6e3a29,2597.321787,0.00025973
877,0xadcb772fa2a1f2b10c7fa35e4a60772939fc9c38,2592.835143,0.00025928
878,0x25873b1d09f07aac8d322d94cf803b2f1d6d0b8e,2575.942882,0.00025759
879,0x4644329bb5596aea5ac5b75b6663ab549a9c1f72,2559.930688,0.00025599
880,0xe706e22b2a2d5d040d5677b0cc47736f6f06930d,2555.503221,0.00025555
881,0xb5c5a9a1b345a6bbd9642e9f3989656c6dfe079d,2550.632783,0.00025506
882,0xb7693d3f040d66ab89ab86e7f8688c01febbc77c,2535.917910,0.00025359
883,0x710e8ae14545944aaf588127339e61cfa6232c89,2523.590247,0.00025236
884,0xb06eef22e3fa5152fbccffe6099299dba1455938,2522.784469,0.00025228
885,0xc47741d96e61d286e75c389e36a5a07e87fe2276,2513.920430,0.00025139
886,0xdce831a2f2bba554e709f888a9cbfe21767ea3d9,2504.937224,0.00025049
887,0x5cbb805a48ea285c0824cba4c3163d1ab062f0e6,2501.140000,0.00025011
888,0x2a18ee60d157a64ce6e5693883fd3698fb6bd9d1,2501.086104,0.00025011
889,0x4a18adb03efa81c3901189abf5ada1f0f4dd9480,2500.018381,0.00025000
890,0xd2934b636ad77d0c5ff8ab4b9d8f0a7e5e68b616,2500.000000,0.00025000
891,0x995f7741ab2d2d03dd1502f45e63e0adfda44dcc,2499.999978,0.00025000
892,0xa0da87811c7fa1f05bc70d3f77c6c333843fa284,2499.685399,0.00024997
893,0x8f45346406e2b64cb1a48077676cdf81b97d776f,2498.451000,0.00024985
894,0x5a9358f75b396b5fcfe2dc5b576ba868fe02511e,2493.659034,0.00024937
895,0xd843d7f790e645d8e33aa8281d24a6c1f914d0d2,2489.287184,0.00024893
896,0xa1831b952afbb62eb40594280c08c21ab652ed94,2488.287389,0.00024883
897,0xcef38da9bb517437ea37b091ef5a1764597719cb,2431.049937,0.00024310
898,0x4161b4f0a0ba847ee5d84cd60b26d2a033e96064,2426.642116,0.00024266
899,0x8cf3578b3b45dc64b26553454e5a82981ea1f329,2421.260000,0.00024213
900,0xd01fe03aba9eb73ff92e2b64e22daf99458e4f54,2406.298582,0.00024063
901,0x0115bb087bd19717f635f3a2f4fc64f9f1d6cbaa,2371.727395,0.00023717
902,0xd2c3d0e008b7f4aa5a34c0d556365bc555d3aab7,2361.200000,0.00023612
903,0xbdee9a6e643a500978002b5f69b71cd98f936c6a,2357.944009,0.00023579
904,0xb757bbcfcfe3e586707e44887179c53607e6fa97,2356.295097,0.00023563
905,0x382530972cc9509e087643eac65492754113064d,2333.778151,0.00023338
906,0xe04844a4139e6ef0595cb6111f2bf2a284557b38,2328.185340,0.00023282
907,0xf59748f52407c13dfaa34e0468e1db165196abcd,2326.929552,0.00023269
908,0x5de88a95f3606859d83f267fdcc0ed3709660cd0,2324.191462,0.00023242
909,0x8933146ce930d202a177ca521fb8883620d965a2,2322.844677,0.00023228
910,0xa6b9a02b03a3b60843f0e18425345bacff34ab93,2311.014191,0.00023110
911,0x078d9d6313d9c2a7f449b8684e4650dd69d2df12,2310.065407,0.00023101
912,0x77dd588cc88dfe3dd6a3a3acc206df2c9f09e572,2308.924964,0.00023089
913,0x9bfe94675f26624d72fb6f36b6c1b84ee124ff90,2303.539060,0.00023035
914,0x0740c5f562d75baec9c3476764530f99b5392d0e,2303.009889,0.00023030
915,0x84754a7103308ddf8baca5072d165773353e1055,2298.660598,0.00022987
916,0xb023fdb96c90da470a3f02acf3665c3e56d45ff6,2297.735828,0.00022977
917,0x7f82e84c2021a311131e894ceff475047ded4673,2296.990558,0.00022970
918,0xf0dd2c980fca66593597a722a4a1f71c8fdcee84,2288.440000,0.00022884
919,0x33afe622e02d12cea5a969a277a997140c25c8ba,2284.836254,0.00022848
920,0x072a6788fb9016f83314b92125571c8ff4f08d27,2275.907653,0.00022759
921,0xdd39fdb675707d5d873437b24efe9eb99a5f2432,2272.679516,0.00022727
922,0x93b43ab2a5bb4199e48ed211013140803d34dc91,2270.281226,0.00022703
923,0xc4b8ac0b10d2d9689ebedad4e6fc6b169a295715,2256.671034,0.00022567
924,0x4763d4810d2e75e26b453d6abf49d3ee37dce7c9,2247.275173,0.00022473
925,0x6f79997d2d38ecab5076a3ec50d08a915e3217cd,2240.634757,0.00022406
926,0xdb9d3a219428d1a353f5ea9251db53c3cbb06362,2239.599436,0.00022396
927,0x87e76b96a367e1a92718c8fc7d39c120e2bdba68,2234.753919,0.00022348
928,0x0109a3ff93b75a9203214f677b0a09f9a29e911a,2226.272786,0.00022263
929,0x5b8b7629753a260e151db89e70765c312bc20ea2,2223.540998,0.00022235
930,0x627d5ed9d7b2ec21a785ab4c560492b3eb65fb3f,2221.270573,0.00022213
931,0x0c0490be7112022802d0eac9544ad5f6b3d8c75f,2219.433742,0.00022194
932,0xb709542ba4a4f28d114f6374484c0c1594de9832,2216.457994,0.00022165
933,0x6a4a16a032bd95d26b932b20fc0fb46a97dfb620,2215.065121,0.00022151
934,0x7b7cff1e58abb7883cd61498694c2b47fd5200d5,2206.603933,0.00022066
935,0x107f26fdca902e16af66e216d3a8e5350ab610ea,2205.565521,0.00022056
936,0x84e39237f6cab88683ff642f3cc300a3ab6e45a4,2200.414292,0.00022004
937,0x31814be24b29fa3209478e65b47a57887ad0d5bf,2198.016034,0.00021980
938,0x99ddebc8b4d88a21947500f8491f4911cc1b6661,2195.789428,0.00021958
939,0xf4095ad516ba112646a4b1eb6ad6c1dfe809f50e,2191.266750,0.00021913
940,0xa181848b5fcc0ec05436a98a440efea69793ad14,2187.996686,0.00021880
941,0x593f37039353b0cbf8e472d6f333b9bf6db5c9b6,2185.152922,0.00021852
942,0xa762da39e040635b9514be864bdc6612c7e00bfe,2183.370000,0.00021834
943,0x712fc25eb88ec1bb1e33e6642df77a7deba141fd,2171.127618,0.00021711
944,0x97a6f8d053af3da4a4c526c8b46d5187973ae00e,2150.850835,0.00021509
945,0x26e0196ce2c9915e619ba95fd717b563b22ca30d,2149.605556,0.00021496
946,0xebddee25c6aae9f2b85f97c89a23d8bcbea09110,2149.481263,0.00021495
947,0x1c02b30f9ce59cb1ee75cecfcb72c86416e9a0b7,2140.431668,0.00021404
948,0xbaed200af0c216ad5e9cecbe26fa1305ac7d037c,2138.367090,0.00021384
949,0xcd65bd7848870a69633fba4fa957c4ca1875e6c3,2135.569995,0.00021356
950,0xa95316df6eba130ceb8aa79ab7fc01650d07adc2,2118.466018,0.00021185
951,0x346f7f009f400c6663b46dccd7321877e740f9d7,2117.791359,0.00021178
952,0x235da2717c8b38ad83f63f21f016010aa2841268,2111.978638,0.00021120
953,0x12f6cf51a804f0646ceaee5e6075ac8f52adbef1,2090.184386,0.00020902
954,0x3679e62f3c4336aa53678b27cdc8e16d6be596bf,2088.926156,0.00020889
955,0x395713c33e95adcea5a97a11328ca79df8de7465,2086.938246,0.00020869
956,0x5fa57cde3304e0e0a9e47fb7e43ccb53eb96184d,2086.906169,0.00020869
957,0xefc96515ab7eda1b8280b199e70f6ff0cebce945,2086.689904,0.00020867
958,0x425b2fc4b489d3f36d25dde704cf0edaac25349a,2082.170864,0.00020822
959,0x8db1be0695586c42e066ae4b9d8255dcf3bd5b0f,2076.427013,0.00020764
960,0xb62ea019c3ecf647c21b3d394f373c4089e3e4d6,2064.095546,0.00020641
961,0x15bdd87fe60e212c150d18d205766bda86350152,2061.772879,0.00020618
962,0x09fc9b7545020f6a51d113e495e0a451597969d3,2054.792947,0.00020548
963,0xf86b2a7e90215d0c8ddb989705dfc8bed4e3e71b,2051.214844,0.00020512
964,0xba8524bd9317cb25d5217fed7e4a344c0e64d544,2049.677703,0.00020497
965,0x9a2766986d789f5e466bc2b693394f1dba403db3,2045.739931,0.00020457
966,0xd80bb62f6fda4e06b5a62613fd5d85d1825c94a5,2045.317413,0.00020453
967,0x5e519f11574828e5d9cac9b1c29db9ef4d2e3cc7,2042.781362,0.00020428
968,0x4b35fa8041b69656e23a818a8b028725ba359652,2036.559798,0.00020366
969,0x1cbdbef5402a36178078a90808b28be492867f61,2035.965388,0.00020360
970,0xf89781113619352f3e6ae78f271a281a388c31ba,2030.143011,0.00020301
971,0x2e9ba1049e23cd828876a37a658862c44e033ca5,2026.938646,0.00020269
972,0xafd53fc71e50771ded5994be7c897ccd1d38d9f5,2026.796921,0.00020268
973,0x352f05c74950efcf9b4f0338fd2e18a82b8bb9a7,2025.270399,0.00020253
974,0xf72dd05b3a2a90a26e2fb1a555872e6f497327f8,2024.274946,0.00020243
975,0x9ed3b7fbf5e5c679cdd1900f7d14babe4fc643a3,2016.143612,0.00020161
976,0xd2db69e1b2120c761132324397fc9e64121497a6,2013.126590,0.00020131
977,0x4a0470f061f0fad8f139f8da4390360bfd007f9f,2011.393887,0.00020114
978,0x7d82793e39ac007010787a56f60ebc17592818b3,2010.407097,0.00020104
979,0x7e639a0879ef119fd6a392ce78a029e88699f07c,2008.817486,0.00020088
980,0x447e09677067299e8eca307508988d05091c683c,2007.496825,0.00020075
981,0x2a57c831150cde0f52c8e36f91f8fade9ad7a194,2006.325604,0.00020063
982,0xf1d1264bf6758015f7330850dc00766915196f1e,2002.587470,0.00020026
983,0x443e6cfa5880b8af5b56ed567b5dd61be9dcfee5,2001.890000,0.00020019
984,0x74187b5b3a5fa736363d8687e2ac8ea8dec4f814,2001.093874,0.00020011
985,0x4a4a8d8cae7d4fd64c86e4ad12a5ef858d764249,2000.856460,0.00020009
986,0x084e9de2cb42b09dd30220b580459a3c20faab39,2000.635688,0.00020006
987,0x8495ec6b574e11f76165f67ba89446d7bc1b8a1a,2000.627569,0.00020006
988,0x94d0adef4d1a333adbc406d9f909d70438621005,2000.318976,0.00020003
989,0xb83ffe1afdc50bcf8b9c1c2c06c0bf1d2dcb93df,2000.003493,0.00020000
990,0x4e1fce5913448cba1a55cd533e6eeab16eed716d,2000.000000,0.00020000
991,0xd3b8c1961c29841113dca2b210638f2d34f5f69c,2000.000000,0.00020000
992,0xd49bcf46613662595b6b425c3314daaf171690e3,2000.000000,0.00020000
993,0x002ee33092457900515a4249e3ec1cd2b2dc8c32,2000.000000,0.00020000
994,0x15b91b96a842814059aa8fe540bd8b0250775075,2000.000000,0.00020000
995,0xa2f181c6ef74e7bf337425868357bfb6486a41ab,2000.000000,0.00020000
996,0xdfead2cdbf0b12c4a414f5c6000610d914471253,1999.606183,0.00019996
997,0x31a4d960795e0dd7ba595f3a7c8d4075791319f7,1982.625917,0.00019826
998,0xaf45ef46b73022cd5381387ebecc53cdbe3bb1d5,1977.000000,0.00019770
999,0xa1cbcad44ef6740d7844ed927c5119031988b63f,1972.047000,0.00019720
1000,0xd0a72baabff9459984294c019ac2d054bb5a0851,1967.050000,0.00019671
1001,0x473c6494180ad9cd726f8a7a51cf8e88bbf72bc6,1961.397619,0.00019614
1002,0xdd7e7253c73ce7351c6c966bb852d6d552b75469,1960.225997,0.00019602
1003,0xd362f069c774eeff3edd3d409ffc76871827ba83,1956.145368,0.00019561
1004,0x4a98b9f8fc1893339c03d9e53341aed8f92d5361,1945.312763,0.00019453
1005,0x13a09cd1d4f72dbd3c864c9244772318e6672917,1943.283194,0.00019433
1006,0x6e254181b36181951244a00deffafad425406a45,1922.988023,0.00019230
1007,0x9c36103e1713f2a91379c052ebb043ae6c4be914,1894.366359,0.00018944
1008,0x97f999fe94c353ed729f26aa911c512399c3b3e4,1893.363980,0.00018934
1009,0x65d738bd0e3ba94385c998e3d233e8ad2fc0744d,1891.257980,0.00018913
1010,0xfb77fc80e9e1ee21ebb9dc43c5718957e0d1c421,1885.620990,0.00018856
1011,0x17d613e76239bd5ffe8f20112594756464435a81,1879.000000,0.00018790
1012,0x0051cc1d8bbf0b3373b02e22ea5a2fe483266cea,1877.013524,0.00018770
1013,0x6990e7e90ab50c12111f99b84183d3fe298bb3e4,1869.293002,0.00018693
1014,0xbcfa38ff352cd61d79bb22c69b7f0deb6cac7c8e,1866.908863,0.00018669
1015,0x3d1bcf898250fe6a5f86410e0f369d9a1e4cf47b,1861.149603,0.00018611
1016,0xbb846e1a3fd60693f19a88027cf81b4f0bf052d6,1853.297806,0.00018533
1017,0x42c8bd478c9482859b58fc40de1e4f2da087258e,1850.603044,0.00018506
1018,0xcd88146bcf0543dd809352f36f5160189838dd9e,1829.057804,0.00018291
1019,0x68bf6879c079a3891632e29f36760877e095ae3f,1815.618435,0.00018156
1020,0xa9140f647d0b63533eff8bc66761290836c6c540,1815.458856,0.00018155
1021,0xef7232ded261b0cab3907d052f883e3977ad4293,1809.472331,0.00018095
1022,0x317e4084e6a381374e3b7683e445c0da14dab52f,1800.645631,0.00018006
1023,0xb7131fc8cdc43060a6210257f537dba5fcae6aed,1800.090105,0.00018001
1024,0x8e614a0cac3d2a201e3a3dccdcc52492e6477430,1800.000000,0.00018000
1025,0xc5a1ed64d1a499f54bfeff2e03b03c683e78ea64,1798.590552,0.00017986
1026,0x660f95e3d6fc0a67cd6226a76bf7cf31a1c2a6ce,1795.123747,0.00017951
1027,0x1b36c26c8f3b330787f6be03083eb8b9b2f1a6d5,1793.440000,0.00017934
1028,0xe123020e502c8a6e14465257ef9f5d47a6329d78,1786.686384,0.00017867
1029,0x6d47783e9420f2340ff89b42b9a888abc46c4908,1776.025561,0.00017760
1030,0x015a67cd41372a4401642143d5aa20d8af34b3f6,1767.757045,0.00017678
1031,0x2806321176cbda9f60477a0a689975988ad6a484,1764.930000,0.00017649
1032,0xaff4a940432d2a5343aa2a16f0d1421ae529785d,1758.200000,0.00017582
1033,0x39ae06382656e045d320b3a3f8d9515e6d10f53a,1754.714298,0.00017547
1034,0xef23f8f94c1888ee7f577a8160ef3ffc9e2c3ab3,1750.817029,0.00017508
1035,0xcf125b93e7a8e0f408fc6a92cde22fdce76bc1eb,1743.523368,0.00017435
1036,0x69d4cab40fade868d6caa2904c4bc4b1d8dd3b1d,1740.690659,0.00017407
1037,0x62e184f05fb597dd3285d7760dc8c51ee33fe369,1737.544288,0.00017375
1038,0xbbe83e56ee2354ddfe45a68d4105f9e3463b0249,1730.534951,0.00017305
1039,0x4583dbe487057a79ffe027371348d990990c473b,1730.420000,0.00017304
1040,0x25d574697f0496b4014a9e822af14d72791c1ed3,1727.204819,0.00017272
1041,0x8bfb44551166989327ef111fa7fcc61bf6ab78f1,1725.604859,0.00017256
1042,0x40127a34a92ab1f32467d6e438410893589db4b2,1725.000000,0.00017250
1043,0x342bd0b04b7165e42e3a17762a70ca54b727f2c4,1720.337682,0.00017203
1044,0x9db7fd5296ce7a87d9235e1024e21ef41000f9e5,1710.228135,0.00017102
1045,0x8075661262e01f9c98efb7fdb5aa96226b2418bf,1704.862831,0.00017049
1046,0xca45489686cb134f2f4ac7f0f97580ea62361ff9,1704.801959,0.00017048
1047,0x47260c109f3877e734af5f6fa9fb8a4c8b21a71e,1704.325463,0.00017043
1048,0xac2b202c4d764a7d8f52e516bc430f9e282a30d2,1704.030418,0.00017040
1049,0xa6f73879ca0c6189ec27d80dbfb288f20e5f7d9b,1702.566552,0.00017026
1050,0xc1b9b257ec0af3f364df84b638238a8bad25d9e8,1698.177336,0.00016982
1051,0xa3222357a0eccf60c73606170be6c99adecb59b3,1695.796427,0.00016958
1052,0xfb067b3e07f25beecf85c12714ccbe2d65b72517,1695.657573,0.00016957
1053,0xb560761a8d8024762c5612095673946a53c6f390,1692.535543,0.00016925
1054,0x13afb6f7ae11d3f1a0330380768d9d360f859907,1692.414111,0.00016924
1055,0x5f33717a44983a484a70d43232cfec77629dcb54,1679.200000,0.00016792
1056,0x0b248c1c46256ca7327bb19f4883ba724144168f,1670.455699,0.00016705
1057,0x24eb3a39856723138796c5068a17ba4fb15cd25e,1667.380000,0.00016674
1058,0x4c389ae5beac7a6d0cf689c9aed3a2e267dc755d,1653.449053,0.00016534
1059,0xdf23907f718d3bdb9586850913a74af5342469c5,1651.720817,0.00016517
1060,0x81330be4c870bf7bf10ad53a1bd1b487b166c0e7,1646.459735,0.00016465
1061,0x4d91838268f6d6d4e590e8fd2a001cd91c32e7a4,1642.370675,0.00016424
1062,0xfe263102682933297cb65dc813e5193249769251,1638.158616,0.00016382
1063,0x71f7db614a6a90812d1a584f9289d15f3fadd820,1637.054031,0.00016371
1064,0x8687e47b4c637da1c86a5daa93d1343581e011e2,1634.919369,0.00016349
1065,0x1c87bd23403554f85dd8e2e76e71f0cf2b0f38be,1627.330352,0.00016273
1066,0xf40f559337dab1251d9190deeb0719d0846ea4df,1621.390924,0.00016214
1067,0x2784b2dcfe5e778f3612282cddc998953d5970b9,1615.347246,0.00016153
1068,0xb8eaa0cecf0e50247969e41cccd8441f32de5e42,1610.037293,0.00016100
1069,0x78c51cda75e3bf0b114e9b8fea2f3e03c18742c3,1600.936179,0.00016009
1070,0xcc3522fb1bfa8efeaa236966dae9f71eebf04d27,1600.761582,0.00016008
1071,0xa6f4e16e54362e251ffe763b4df6309c10cf9fde,1600.333429,0.00016003
1072,0x99991db4949efe77f1d87ed6bd4bfcd4a97c8c4c,1598.801655,0.00015988
1073,0x18d7763b557f7dd7fc65d3b5e712c78ddfa23b92,1597.368224,0.00015974
1074,0x9a4ddebe4bf2de5b0602cabcb0678eef50d888c4,1591.855990,0.00015919
1075,0x108cd4bb2b78930d6e267bf8570703930836722c,1591.600000,0.00015916
1076,0x5314eb2cdc0941f74ccb9622c015bb7aa6bfac1e,1584.550000,0.00015845
1077,0xe07470e7c4cbe67ea31c2cb8feed05f55bf5095b,1582.097536,0.00015821
1078,0x6cc8dcbca746a6e4fdefb98e1d0df903b107fd21,1580.069887,0.00015801
1079,0x79a9503d0849410af25ee070590df066f5704946,1568.208382,0.00015682
1080,0xe59c0a8e6a42f1b5112431d287ce7c1979beaf2c,1564.714699,0.00015647
1081,0x08eb8e63a4bfd2c13c1c58fbc0753f77ebf0e4fa,1561.087236,0.00015611
1082,0x50d3d26958941325da5e9a4af6c6c8b2fd05bfb8,1559.296974,0.00015593
1083,0x9853822ea0aaaa235fb6dde05c1239421d181b39,1550.601881,0.00015506
1084,0x642745da718cb63fff0ab33c79b2453dcdb618bd,1545.609628,0.00015456
1085,0xb8001c3ec9aa1985f6c747e25c28324e4a361ec1,1545.261062,0.00015453
1086,0x4b47e7278163c12aa2cddcadf87c32f249b71194,1544.487587,0.00015445
1087,0x3443fc8fa85eb6b871157c3794370a094f054c3f,1534.682080,0.00015347
1088,0x73ee1201bf17c930992bf65df3429906c177408e,1528.000000,0.00015280
1089,0xa47cb4300b3d1d9a0da98efe2ac79fac07016bbc,1516.656861,0.00015167
1090,0xba595392fea9f5157cb84bae0d8c3f7bc863f600,1515.608360,0.00015156
1091,0x048df4fa4745c1cda38bca35f4eee08a454ad665,1513.706724,0.00015137
1092,0xa29aed404f767849ac29e929b0a0bf575323d0c6,1512.183860,0.00015122
1093,0x40931a69cd1d20bbf59c6ff69ad2bb1e56a0133a,1509.648400,0.00015096
1094,0x110985de21bc1d0ed3d0d7d3aeafc517ebb57756,1503.557969,0.00015036
1095,0xbd239059009aaa9841bf971a98cb9a465987bfb8,1500.629214,0.00015006
1096,0x829241124bf6a267cfb4a4fdef173888c32a0000,1500.399500,0.00015004
1097,0xb4a686628435a75644b751fac4af2ddcfb0baff8,1500.380303,0.00015004
1099,0x73c0f35c9cb57357f17b0421386440c135dde562,1500.000000,0.00015000
1100,0x034db029dd3bc55e73f53e94fd573a53f222e780,1500.000000,0.00015000
1098,0x2e7b2e90e37552911eb591951b2576105f16c2f1,1500.000000,0.00015000
1101,0x3c9d92a145b17b7df69d22eff292499b2849ee83,1499.999604,0.00015000
1102,0x3bf5d0f6da7c05ee7350702a34bf58610c8e1a1b,1496.316191,0.00014963
1103,0xc0f163240d3bdaeda325418ec89c604f11b2f2d5,1490.098393,0.00014901
1104,0xb26e40b36ccfa49a7adacdcc4ca8c430d2cad031,1488.481645,0.00014885
1105,0xdb22798951a8f8997af229bf7ff4a49f9241cbb9,1482.545084,0.00014825
1106,0x284f3afdcbd47bceffef2f184a70b5e2f29c5fda,1481.220710,0.00014812
1107,0xd1103b7c4e9bf7b9627cb2d1366b510a66c92b83,1470.954792,0.00014710
1108,0x22e05806d3100b8be449073c27d935979426c0eb,1464.848315,0.00014648
1109,0x99a5e42d57473a63859c9aec482b180538fff281,1463.780288,0.00014638
1110,0x9225be8b2e926d0731a5f99f1d945a1f2d37a336,1463.773824,0.00014638
1111,0x1ead75244344a1ea8f9dfe53f9d36e0cb99deaf2,1463.212758,0.00014632
1112,0xc2972975eaf8ea2fd01395fbe4a033262e50a7e3,1457.584147,0.00014576
1113,0x39e6a1f6e4e47089d4752f7e340b0394dceddb65,1448.709636,0.00014487
1114,0xb420dacc3a5f85d75303e2fc0f6e64ca705aeec7,1443.642048,0.00014436
1115,0x4c22bc9c307781208f1a14db282582d39f3f5fe1,1443.347290,0.00014433
1116,0x0af6b0b2f1e8b1a259fffc70f2c19e177e4638c4,1442.890000,0.00014429
1117,0xbd5a328e6ad8b7f535a95092dc2db84f8d54e8bf,1439.472284,0.00014395
1118,0xf139edeb5d7a61d4465e9e8574751acf23981215,1437.428449,0.00014374
1119,0x9920c45570dc76acb48b215308b7d3791e3518ce,1431.398092,0.00014314
1120,0x03f1a97c7aed8ce6650e37fb4fc0c459a3f5d7da,1428.918966,0.00014289
1121,0x64cdaa89629fe003eaa31b480d8b63372d109a53,1419.228893,0.00014192
1122,0x2f73be06de55a918476af869a1ad9cc467079263,1416.479261,0.00014165
1123,0xcebdb96b2cdf93d51136043bebc5bcbe3e6250ff,1412.010966,0.00014120
1124,0xe65ee5600293aee2b70a60a48cd44a492ebb6974,1409.164671,0.00014092
1125,0xc1c4651fb409d02dafe55d4d626b0f6a5abdd83a,1400.834235,0.00014008
1126,0xa244482e30822cad556f0338fb1e5bab72890604,1399.759456,0.00013998
1127,0x5d8cbd7078c5b2c3b224327f75f00185213c4cf5,1379.111311,0.00013791
1128,0xe2a903ddccfb8b467c78384decaf1121d6e92b04,1375.113870,0.00013751
1129,0x398ee7b0cd742c29d9d57c6ec5945742d6852f15,1365.772160,0.00013658
1130,0xad1b4f4bddcf480340216c22c4b63ded7cc4a4db,1364.337166,0.00013643
1131,0xb63878745f97e3be7432b4d623392ba99ce10209,1361.115180,0.00013611
1132,0x07e98e7c47c01513c6710044c985ef2791ea0fc3,1358.600000,0.00013586
1133,0x153f5a8bbcb505539257cb17e94c27e8741afa48,1357.039656,0.00013570
1134,0xeef7645c0efe347cf3159b984712bf846884000e,1352.940000,0.00013529
1135,0xa083725e7e9d995565ac2347459933c0f4daada8,1349.704092,0.00013497
1136,0x445af3a96ec1091f9f2758a0f2c17278f78ea74b,1346.296337,0.00013463
1137,0xd7cc515809218de3ec6b294383e0c29d4c0a5176,1343.254700,0.00013433
1138,0x4665d7cadba2d3fadea45cc86959458e9f39dac2,1337.568696,0.00013376
1139,0xeb4b90d62edeb9243307980df03b54a9ebab889c,1337.245836,0.00013372
1140,0x71d09cdc060d6ed5cd8837d81f0dd1155b2a9264,1336.380331,0.00013364
1141,0xaa1614e0fa14d774939592ececeb58e5058d6b3d,1329.251174,0.00013293
1142,0xbccfccba9d85769169d127102d1d6bae2ee32377,1326.212352,0.00013262
1143,0xc9aed37b0e1637898b8b117fc0d2053ba19a0824,1323.945026,0.00013239
1144,0x7cd768958aaf0158f2c4adcb8e4f010b88d78432,1321.621002,0.00013216
1145,0x4e327fe5896060814e02e1237698a63cd3b3de70,1317.994907,0.00013180
1146,0xe229cdb6bfd369345bb1640cbf9f0abbf6bceba6,1316.620239,0.00013166
1147,0x77e21bb6ebe097c00a17c557d139246797c67ea3,1316.619181,0.00013166
1148,0x2354122f4011265199584d405a8db93585f529e3,1311.822551,0.00013118
1149,0xd9e474aba5889607e2ae020573f1a695f1916886,1310.902727,0.00013109
1150,0x9bcdc7db2f57b0f960a737ccc29373a9bc760134,1309.920540,0.00013099
1151,0x055a402e279763b5c7551d21716963d6bacf7d6e,1307.745574,0.00013077
1152,0xac380b5d68b8facd80865950f6503aeaccf236a3,1306.263172,0.00013063
1153,0xa06c44151e84a85456a1370cc73a23848d1802ff,1300.164885,0.00013002
1154,0xd70e7f038dea3fe92de06c51afda17b115fae549,1297.500000,0.00012975
1155,0xd62992e52fd67e2f942de34d644f21808ddb6ec2,1295.004396,0.00012950
1156,0x631dd597a156c0cbf9cd3ca00d04e4748cd249d6,1286.195125,0.00012862
1157,0xdc22ca4476fd57cac78a71a44042c7b43cba55f2,1285.888174,0.00012859
1158,0x7712991dc19a2657e9e5069e477f8d01a9166b49,1275.000000,0.00012750
1159,0x8814856e5b0f4d48186b13d127310d48cdda85fe,1267.200000,0.00012672
1160,0x803cdbe2c2d639ae4e7f2d8fadaca4c27a6474c4,1261.968160,0.00012620
1161,0xc13f9d3042912972b325b5ff56a68ee23dcb5ca3,1259.650000,0.00012597
1162,0x6937936db9baa313f8d487792e84aaa93b0c5b20,1259.224555,0.00012592
1163,0x125e96489380bf755df755c61ae9456f329daca9,1257.506185,0.00012575
1164,0x4e279732f1104af0e7c9b225b649d3d0cb172562,1251.524100,0.00012515
1165,0xcf6fe0ce0631330b9d102570e817a1c96db1d46a,1250.385146,0.00012504
1166,0x9093f9ac901ac3c5e22b588085a91f552631c5c1,1250.103274,0.00012501
1167,0xfc49e3303c58dc72108aaa0a39d794b8f4b77b99,1250.000000,0.00012500
1168,0x024aef1375c1701693b2a0c8e8ad7badf0dce493,1250.000000,0.00012500
1169,0x0eff9b1458520c687ed93d15565bca70c926cd34,1248.469559,0.00012485
1170,0x882eaf2c86b5f05385085970ae4dd045be07ac62,1247.786967,0.00012478
1171,0xdb6446c5f12c187385cc7bdcb62234c5a18ba31e,1246.946700,0.00012469
1172,0x6edf76fd16bb290a544fdc14fbb4b403d1deed9f,1242.323476,0.00012423
1173,0xca98e1f2cce4dfb5f2554387f63cf1c1524a7773,1235.638113,0.00012356
1174,0xcfbfed824146f1aa7bdd2679fcd4627a0e7f0322,1226.508472,0.00012265
1175,0xd05a2590de2f435aff795f7ad682253543b31dbc,1222.593715,0.00012226
1176,0xdfdcf4aed41726a38bd6ad0c89c39b1900f4958a,1215.569611,0.00012156
1177,0x81a9d244706c700e45f5889f10f70c10768aec4a,1204.925035,0.00012049
1178,0x7671a9e24c8427edaf79446a75d4072a46636716,1203.998503,0.00012040
1179,0x9568ef803d55005ad31ff6cd14924b5e0172dd9f,1203.667055,0.00012037
1180,0x603eb1d47c76f81d6ca81e135826eb103b388b02,1200.506549,0.00012005
1181,0x1f25a46b82a2362f45282700cbd102b84299dc92,1200.131281,0.00012001
1182,0x55fe26c65e1f60517dcf8310783500ad5ba25536,1194.150722,0.00011942
1183,0x6dc020dcbed7836e0a4f3ad6dbd26e0d2fa194de,1193.772865,0.00011938
1184,0x141fef8cd8397a390afe94846c8bd6f4ab981c48,1181.754700,0.00011818
1185,0x3cc40581a7534e9a81b828e919f8e205ef1204bc,1181.750454,0.00011818
1186,0x61c515d39f6c6690a7ff8aec737deaa755e7c4e2,1181.690532,0.00011817
1187,0xa380e77cc743c206a766dca98d6c86b0fd363ff8,1181.551239,0.00011816
1188,0x580ad486a2e9736251ff04445f6534d7c38d1e78,1166.030000,0.00011660
1189,0xc5cd200e66ef15b8433c22bc457daec997b0c0c1,1162.112164,0.00011621
1190,0x41d79fd17671991ae443ed1c3620d7d2f609416a,1151.010329,0.00011510
1191,0x796a259366379b945a41e5bf0c0f4b31f66b634d,1145.550000,0.00011456
1192,0xba0c8a6aaa8c700c2715bb5b25514a2168102089,1143.214680,0.00011432
1193,0x72c8fd6d8fc1ba4436b4197b31717ccf36753b66,1141.853653,0.00011419
1194,0x93f69b42643aeaefbcc90e6c4e49f505c6f78791,1140.367850,0.00011404
1195,0xd7e9e63add311a05277eabc5071c1f4ac3995e9f,1139.255126,0.00011393
1196,0x3945476e477de76d53b4833a46c806ef3d72b21e,1136.810772,0.00011368
1197,0x737e4dd2d51d8732a7e540481f53d15fe9681bb4,1135.176420,0.00011352
1198,0xb26c681c8ca20b7b044c2fe78730cb93497990df,1134.445930,0.00011344
1199,0xd11b918766254a63d5ba8298c98c1927b468107d,1132.000000,0.00011320
1200,0x79a13cf74cf541da72df5374b6f6c6b614e38e85,1128.068914,0.00011281
1201,0xfd6dc1a3be8c57cc2b640f3d5460cd8fe736b4e4,1126.552114,0.00011266
1202,0xf53febd341cf7341df5972f6e978d225feba9a54,1126.436271,0.00011264
1203,0x8702435eea24bdb9567f1c179e87b754746bb18e,1125.919965,0.00011259
1204,0x34431e0a021a480f4ce1e4953fee11ad2a3f98a8,1124.000000,0.00011240
1205,0xbd2d4df99ec005d8775186e1c54e8863dbd3bbb0,1122.963128,0.00011230
1206,0x501826c343d6b370d71f0b930cf4c75bb3697ffc,1122.807414,0.00011228
1207,0xf4c28fb811d760db6f522c3b2533024bad8ca285,1121.114896,0.00011211
1208,0x9c9526d4711f06c8172538be66279acfcf0d0077,1119.000000,0.00011190
1209,0xdddbe1615bd8b54b179a61485d0ef4c9edba4dee,1116.372597,0.00011164
1210,0xb274231a70f0d04f2482d4c88d56ede34926c280,1112.210000,0.00011122
1211,0x8b1f9179127cc4488cfb5e42b18ba8c5902e0d67,1111.354829,0.00011114
1212,0x265c316ca23a8ecc2008b31ef4be9b3a33f540c4,1104.260867,0.00011043
1213,0x7f4383b68c0ca5259c67c7eed2737881b119f794,1104.000000,0.00011040
1214,0x2fefb2414ca81ba2135c0e411c16a49c077f423e,1103.822415,0.00011038
1215,0x6bad51332dee3d9af543512919fb91c95d34fe53,1100.642388,0.00011006
1216,0x3d139a26ca48ef4d20ea224c670d37e8aa987b99,1100.013759,0.00011000
1217,0x331fc2db1c59b1379719ad2166fe692d4bf2a98c,1098.320428,0.00010983
1218,0xaa2c31ec324bc313297a589d5368440486889de6,1094.173040,0.00010942
1219,0x168b775cfd32315692a056d7006e39c75770f235,1083.314559,0.00010833
1220,0x44a2a889fc80352fd58ffe245413fac4708f4643,1082.073991,0.00010821
1221,0x0f2df4f8d0c69520d57a6cf35ef7725467036b2b,1081.957575,0.00010820
1222,0x0625a2124f56d42fc3710dba0b0796ab8297903a,1080.683702,0.00010807
1223,0xecc98d31cbe8fea03ad9b6dc3c65b1b66b424361,1079.620858,0.00010796
1224,0x22d9e4ae360062b349faf24e128bdcd4115806c0,1079.156595,0.00010792
1225,0x0d96b0525186c56aab001ff856313c85ced6bbe3,1078.930000,0.00010789
1226,0xcbda918d475b7eb0eb526741a728d3dac9d5dd83,1078.920000,0.00010789
1227,0x1623b06f4cf1dd0f88b2ccdaeb0811c064c9e982,1077.552328,0.00010776
1228,0x9fba1fa97a3211bd60f51de26ee354a4a3c923ad,1075.742292,0.00010757
1229,0xa1918f04e151d1fc840a4fbb7ac7cf7762e07f2a,1074.673946,0.00010747
1230,0xd7453fec840f5a7ee2a692d1832f7889daef80ef,1074.044437,0.00010740
1231,0x84a6f4833cab5e189b48b0102ab3e92e9ae71765,1071.265123,0.00010713
1232,0x0f63f1e004857df9d6e5165a635225a85518e07f,1070.506205,0.00010705
1233,0x0c8911aac605a66d19b40a3cc65e49a663e27353,1070.400000,0.00010704
1234,0xba529071ffa4ee21db649e48d597115e83dbab7c,1069.993490,0.00010700
1235,0x548f691c33ae2cc89fde813faf9fff7ea1cad421,1066.640757,0.00010666
1236,0x69447dbdbbdf9ba64902008080d0d4d91630ed02,1058.900000,0.00010589
1237,0x71d6d7fc5417f21c83ba6ee352a858f4b5e70eed,1057.066303,0.00010571
1238,0x3976cf7e0107b8737e3c330c963a4aee257b2db2,1053.892699,0.00010539
1239,0x04a06ddc1d208890b0b440faf6e47d397bf193cb,1053.608814,0.00010536
1240,0x1e6864addbe433553d0edaf70d041201aa3f2da4,1051.735432,0.00010517
1241,0xa9cb2e9b0f760df088a5cf3480ebe3b70f10dc8a,1050.759331,0.00010508
1242,0xb9e6614063cc22faa6785ea299608c4248868851,1042.427931,0.00010424
1243,0xd1f94c0f85b4e5229866ef625fb4207f8bcbce67,1039.960000,0.00010400
1244,0xf78eaf2423f20d75d2040e69160dbcdaee356a72,1034.992082,0.00010350
1245,0x8db3267d3bcfbc9c9dacdf67e4bbc29befee3711,1030.556087,0.00010306
1246,0xeb72f2e40410e1725837e170f0a2fdb374bc1e0e,1028.109748,0.00010281
1247,0x54626c49ecd78b2ea5aeecaec82049ca26a04028,1026.940560,0.00010269
1248,0xfef73dc8dbb22337bcbc600d279ed3e5db47b452,1022.544237,0.00010225
1249,0x128c01b5c1fe5e405fbf99a5a24b65e03bd31866,1022.201411,0.00010222
1250,0x1d3682425c7ba2cf472e1cdcff418bdd75f9f9e2,1016.538774,0.00010165
1251,0xf43f1e84b2131d00ae3ac130e7f7015cd910fa83,1014.211602,0.00010142
1252,0x6d494681329d0028143ca864e267b821cab1af9c,1014.000000,0.00010140
1253,0xd67b5566028862389c7d89eb2e09d22372c92cb1,1013.447978,0.00010134
1254,0x5e8dc202136261a145920f3da20082ea71c7e6aa,1012.560312,0.00010126
1255,0x5f7385b3ab1f5123e0fd7a9b0f93ba78f9aed113,1012.458877,0.00010125
1256,0xa2374048325dc0a8874ba1e672be589124e517e0,1012.044057,0.00010120
1257,0xf4ae6165c3e05ae7426c5b5200e8b9a7565ac595,1011.452706,0.00010115
1258,0xe197677e6251bf82eec1093c2b2b614b9813c503,1010.217684,0.00010102
1259,0x2838d3d0182f54169484594fea07e195d8850565,1010.206657,0.00010102
1260,0x6d9b34283553268f8d17ed24f1239db1145ea40d,1008.045537,0.00010080
1261,0x4716351964d9695296494a157b3a6cc8e107d7dc,1006.232420,0.00010062
1262,0xbeb06790039077549a1127d3e0efba3a25cd45be,1005.766554,0.00010058
1263,0x70661e4ed72ab7d40dc8fa3e89d8b5457d00bb4b,1005.000000,0.00010050
1264,0x97abd1fb3d85436c598154ac6de87131d27e5049,1004.370649,0.00010044
1265,0x88fcf1d8c01b86b41717c082fb4f2f51dfb1e0e9,1003.921457,0.00010039
1266,0x8757bc68b0f5ee8b0e671da3ecd540e4200cea1e,1003.797611,0.00010038
1267,0x03ab8197bce2f460a86a7b236fca987182b96feb,1003.326925,0.00010033
1268,0xcf6be0f1d9ae2a780ee7af12d207af85e4d10235,1001.561799,0.00010016
1269,0x2884983dfb5f8d73d210560fcbdbdd219e68d82f,1001.000000,0.00010010
1270,0x294545af9f2828fadb73f4d9df8a896ee6a84e9d,1000.869022,0.00010009
1271,0xc0539d3ba89230744feb6dc234ff6e9933a1a708,1000.780642,0.00010008
1272,0x0221b8b6c4cca36ca42d9095fc4d6759fbc8bed7,1000.626527,0.00010006
1273,0x134215819032c6d9eec2d386ffc01e50e26e1dad,1000.620812,0.00010006
1274,0x67e87a2384f1a4fb399c8a9795438cbd41ad6b04,1000.557614,0.00010006
1275,0x51bfb1263d36ce0794e346c2da4d056675f78c19,1000.317080,0.00010003
1276,0x204e17734e82588b938aea4d66181428b97cb94f,1000.226779,0.00010002
1277,0xe52bae030e4a288c6d9f1f40ff719479b406cde1,1000.200000,0.00010002
1278,0x5f1fae19e35e3906854f5544cfa2134710fe6284,1000.055567,0.00010001
1279,0x65a7118f16d16930d8a718f44707315d1fc27855,1000.010000,0.00010000
1280,0x9795d21237e0e7c5ea1b67daa6ddbfbcf18fa096,1000.007287,0.00010000
1281,0x461f56ba32f3c377ef2897dd295e2006f2ba955a,1000.000000,0.00010000
1283,0x2b3b4ffdc51872f58313decff390604a58da65e1,1000.000000,0.00010000
1284,0xaf52393420ca8287bed8e88b7b1052efb7248681,1000.000000,0.00010000
1285,0x9464e902d5db012d2b78c748709221c726368362,1000.000000,0.00010000
1286,0x7ba497bbb84eaa29b4a8a0fdf49720e939d0451a,1000.000000,0.00010000
1287,0x5b5f7240502d9b8479c4f91559467e5379383c42,1000.000000,0.00010000
1288,0xfc65e59d87d172974c1b2e32abf0455989a11bba,1000.000000,0.00010000
1289,0xac6e39cf80d1d4ddf3aa8f94c320110f614c65ff,1000.000000,0.00010000
1290,0x76da9f88e63a85ba8bfa19f3821d5a271753d3dc,1000.000000,0.00010000
1282,0x80f7bf369aa0e42929ba237c75191691cd3efd71,1000.000000,0.00010000
1291,0xf8485fa5e5704ffffaf307c71971fb04e3d75cbc,999.989669,0.00010000
1292,0xe7bb5558e664c6e820531b9b3524dad76d5141b4,999.960060,0.00010000
1293,0x42b198b3d5fc68793dd76cc3298e8cd9751e3b7c,999.000000,0.00009990
1294,0xe629e3e57ba679bfb78e089ba0236f3d2d20d274,998.938611,0.00009989
1295,0x57aafd1caec9df5f1c450f379cbb5f5e233bd961,994.437034,0.00009944
1296,0x29420db52aa14f02557d08e2cee2d3fe3e80cbea,993.228260,0.00009932
1297,0x582cd934c3f723b6d7e1808d571efd8272acc71b,991.243294,0.00009912
1298,0x6e29893b69b79800de4f84f997aa27176663e159,988.059388,0.00009881
1299,0x47058fcdb899bf9233d248a533a301ea74c8c2e8,987.541264,0.00009875
1300,0x8c1448f049f9c50b8556b1b7971943e91430aec1,980.114757,0.00009801
1301,0xd90dcc6ac43651ca372d53e7ac701825cbb2802d,979.993249,0.00009800
1302,0xa370e46207460756e1cae22dcca7f8c27951c2be,979.606211,0.00009796
1303,0x021dc22e99cc29e6be6c973b7efcad447ef0b62f,977.495191,0.00009775
1304,0xd8ec41f3d28e7e51b22ac20f7e75569eeea7dc15,974.886692,0.00009749
1305,0x73d31581106e3f6b9dd2579e8d9fec81eba22296,971.326249,0.00009713
1306,0x767dbc72dd1459186dca60fa864bc7616f89a08f,968.020558,0.00009680
1307,0x9ffe669c32ced95a688f381ce85f82b71ad7bb73,966.387666,0.00009664
1308,0xd25c299d3604c1f3356c4a1c415b84ac5bee7804,965.489243,0.00009655
1309,0xec9ba24aa2229c1da5ce8d745936abe0d3cf4794,962.174062,0.00009622
1310,0xc84aaf22725f48bb0011e5a3106b01eabc7d5ee4,955.581791,0.00009556
1311,0xfecf68fc98f1fa381ab94701f316311fc9864292,951.549056,0.00009515
1312,0x83d647e287d2bc41502c22526c5bdc29b6fb3191,950.303296,0.00009503
1313,0xd49aa34d9c5a23fb9d1fa8ed850e44885731a4f5,950.050975,0.00009501
1314,0x208874c9341d65922cddf4ff3dcc0b9af89604a6,943.098385,0.00009431
1315,0x0cd2d09df60beafe9671fe0db291431d1dff6621,937.951751,0.00009380
1316,0x0951ff0835302929d6c0162b3d2495a85e38ec3a,933.631386,0.00009336
1317,0xdea1e0381121f6556eea3955cc6e85cf60849848,933.629071,0.00009336
1318,0x692b353297c665060b7b9419efab611ac31e3cca,929.568469,0.00009296
1319,0xc0a76599524005dd49d79d4132477298d74d318c,929.092266,0.00009291
1320,0xe6a6aa27d054fd1df8e18bccf41127923bdefd6b,928.940509,0.00009289
1321,0xfec6965eacf1aae53451e29cd9930a54b723c9e5,927.763655,0.00009278
1322,0x6d054ccfaf10c4d504895f7eaf324f33d3a7962e,927.691180,0.00009277
1323,0x3c251911efd623dee05c8e9ff780cfe236b350ab,920.895432,0.00009209
1324,0xdd1627f772381b8a0106e026864ef137a7b2158d,920.774295,0.00009208
1325,0x23897ddedda04341f38fea3bf5e276e2131a6c9c,917.144713,0.00009171
1326,0x1e0033f0000eeaaa9836b2927e9ea9f880fecbfd,914.638044,0.00009146
1327,0x9094d62b85250feed0fbb2c880e242f1d905b332,911.492023,0.00009115
1328,0x91ce50f4090dd6c82d294b8ccb467ac2d261d973,911.323272,0.00009113
1329,0x1150de83e99ab47f18fbbd26b2c911e828df9033,910.258200,0.00009103
1330,0x8390c0f2bc5b3976a522d2c3dd0c9dd1661456c0,909.713553,0.00009097
1331,0x26f97a139afd620db23af851ae1741cbdf0a4676,903.473246,0.00009035
1332,0x03cc8807344a13fb30a3bae701708e442243040f,900.397299,0.00009004
1333,0x0837a8564da58cc9d68c45cc00f305c7f2ce1419,900.182008,0.00009002
1334,0xe2c782d1fd4b48bb2a1d71f79153b9da55a9bdc8,899.500000,0.00008995
1335,0x3eb40960d39ee1301a5157595ba13e3a2280cea2,897.909446,0.00008979
1336,0x3a4660c6b41f61d32d7c15abea6f07e3070adf1c,891.064588,0.00008911
1337,0xa59a5463a15c0b912c461e98106f692d92554dea,887.638120,0.00008876
1338,0xa2d5c03687c468577c0f27405bf55f68493fd65a,884.402146,0.00008844
1339,0xf4654c162a256758ded7bc9305333e2f4c209849,883.974872,0.00008840
1340,0x2275b8be039e99f88835ce49b16285ad0e61d485,882.209735,0.00008822
1341,0x115856170f67c91db4cb41bad2ba2ec262577476,881.000000,0.00008810
1342,0xd6a310e2452431ea79c864d69823dfdb4ed92fc3,880.250000,0.00008802
1343,0x13862892a6eac4a1f8dd140457c7e46fba7cf45b,879.000000,0.00008790
1344,0x4256591a0112ee7a48f845c6b82944b3f41c31f5,876.128948,0.00008761
1345,0x7b4f13261758c414ad2eff4fd6295efa9d8ceed1,875.647377,0.00008756
1346,0xc68c13b8f372ea2aaa9ebbe454f64b5bfbb4a7f4,875.000000,0.00008750
1347,0x151637ab4a8863cbc38deb505840db437a8bf222,873.611170,0.00008736
1348,0x6375594b4175100055813039ca22476cdde06328,872.885046,0.00008729
1349,0x269800fc8f31b933f404e9d81a4ba8d0dbc16b4a,868.066595,0.00008681
1350,0x7005b45de07e1b70dcd38ee3a708cfd88a6c7f8e,867.506929,0.00008675
1351,0x310ddb75b079a3568b18cddcb0f98116b0d61b61,862.589443,0.00008626
1352,0xb685e2a131ecc4fa7cdc3d68e0a5e2c82896c1e8,862.105760,0.00008621
1353,0xead327e7878abea73bfc9e20e24d92210f8f353d,858.807629,0.00008588
1354,0x7dcbba424f303031ef7a18cf12b074d6b6dde311,858.246465,0.00008582
1355,0x4b2cdc063ee6a1d1950b86d9d2c28c92c154caff,854.954051,0.00008550
1356,0x483e96e4dc0901a3b45dee1bef34eb25b61d84d7,852.272980,0.00008523
1357,0x5ff1831481f93cf1e1e0e2ddae1ee47e289be59e,852.113530,0.00008521
1358,0x29e096fc81a872297d8d856a3104c4d30ae3580d,850.589810,0.00008506
1359,0x3ed6fd64d3f2efefc96fc691320662a3e23248cd,843.549930,0.00008435
1360,0xf66d1d58a2b916988f6bac620b9585000160c358,842.539830,0.00008425
1361,0xd6ed5018c42950d0113b730824d12b791318abde,840.333823,0.00008403
1362,0x870891c01632486624eaf64133b69ac9e564ea97,840.000000,0.00008400
1363,0xb5677122a94379f94363d91b9a139816359fecb9,836.821809,0.00008368
1364,0xcd6cc8c0552027efa60ad7bc4d5874cefc292355,834.853935,0.00008349
1365,0xbfd197794f86dac09b5040ca166414365aff1608,833.739587,0.00008337
1366,0xa08c3017cfafcc9a4c28d27206e759dabc937ace,833.141108,0.00008331
1367,0xddc7e6e67144f14609076c7258040e766393d7e3,832.033315,0.00008320
1368,0x88c2043994bcd2f9b6bf22efbceeef8022510072,826.657918,0.00008267
1369,0x57f7140d6a7e56bcd10eec25a3468f99a032a26e,825.795161,0.00008258
1370,0xcbb52a9377984bac84aad4adb2ce5d5ddbe9b0f1,825.412051,0.00008254
1371,0xbf1d6d8a97f9468f45d86de33e2f188946c429df,824.508012,0.00008245
1372,0x3d12e310bef09f5b1dfad02db2af5ab89f9253f9,823.814705,0.00008238
1373,0x0bc1d6bdcc55f1ebe9110b7502a1bf6b32c53927,823.773406,0.00008238
1374,0x9f86e7e8d9197136779bab988f501fca1877d693,823.106900,0.00008231
1375,0xa1a27a1a5c712de88c55315b3d8e5eba54453c6c,817.470970,0.00008175
1376,0xdc0865dfb642c7015b9496563e9ce3430e508357,815.637479,0.00008156
1377,0xdee42e2ba01a8ecc0747f20ac183eebfac69341b,815.314597,0.00008153
1378,0xaf00740ac83290211c0c7729dc3063c90fbf5faf,814.340114,0.00008143
1379,0x4a0049583f9a128513decec37c821d72eeb25ece,813.507204,0.00008135
1380,0x0d6b4f304b91a3b67b1db34776ef7e95effbc729,812.145238,0.00008121
1381,0xfa351136e8590f6813ef3e4afb75a6a0894e6fa0,811.859369,0.00008119
1382,0x430ac4a5b0c604df0ba2868dcd7f98db5b64b637,808.314126,0.00008083
1383,0x559524b8d5af5292e4ca30b30ea3dc8261e1dea4,808.310321,0.00008083
1384,0x19b4766aad49ff51453d9a21d41ffe4a4f24d2e4,808.122200,0.00008081
1385,0x03335847ce3708141a7d37f5986e77c0e5235c41,808.122200,0.00008081
1386,0xb751c82852cc65535320d0eefadf3bc235b9bf07,808.122200,0.00008081
1387,0x6b927b71aff3d0a2ebfc4c85053024b9f8ccf218,808.122200,0.00008081
1388,0xc00fa5c3c994d1b6ed819b54dd55fc7d2ca3138b,808.081554,0.00008081
1389,0xdcad33fc4103c52e10c3c0258ee6f2550f5456f5,805.969399,0.00008060
1390,0x8e761d7dd373c421d24e4cf717f4437719b9de1a,805.893278,0.00008059
1391,0x0296edf4eb266dce6e3cbf44565beeb4a500ba78,804.700040,0.00008047
1392,0x4f3000c31fc4450df2b905921cf60b700173cdfe,803.450000,0.00008034
1393,0x1556ff8e50b5bb8e76b59f229f92aac8331becb0,803.356759,0.00008034
1394,0x5d629cdb0e62537968244a96d0fb810486a9b443,802.124682,0.00008021
1395,0xd6ab86fbf3d6454f8faf8d4d38baaa47b70e05ca,800.006874,0.00008000
1396,0xa887c75eade48a2bd5b1d764abbeb5c1ac093eae,800.000000,0.00008000
1397,0x1798a5eb17484b36f2f012dc9b40ca334a1b2c2b,798.224638,0.00007982
1398,0xd7cd1c1274c865a11a31387f7c2a8d3166cffad3,797.870000,0.00007979
1399,0x00000000000014aa86c5d3c41765bb24e11bd701,796.594812,0.00007966
1400,0x84768225950e103979152869992b9fd141b5463e,792.250000,0.00007922
1401,0x6f407bb2219dd4600e041133fe997a3f9a5f450e,791.559423,0.00007916
1402,0xc2b21f2db514c35b4a572c692fd945338d846f8e,788.271925,0.00007883
1403,0x26b86a551524c0cbbf2b5a0b964e0b139b790549,787.924065,0.00007879
1404,0xa95af2397c20c7cf98fbd6f4be2f987853ceee8d,785.208265,0.00007852
1405,0x92a9492dd7d7e5e30e00bffffb72d04033800bce,785.167596,0.00007852
1406,0xc7489b8d9cff020b39d4d65aa7c371906db7619d,784.805037,0.00007848
1407,0x3c9035fc47978658c7f269ebf5e240303168e862,784.474929,0.00007845
1408,0x6fa249126267e975046fe886821e2a4b40c93c2a,784.412293,0.00007844
1409,0xad7e8c174ab48bb86d7ebeeec5ed3fc0e27528e0,783.075834,0.00007831
1410,0xc602fe12b5213a01bcbf6fd6919b622239c1de33,782.035815,0.00007820
1411,0xed30a46d85d8e1fb78d23b62b07cdf68692b6b34,781.160702,0.00007812
1412,0xdce18660740c2a3e74b526683f9fceb9b7db8a15,780.905136,0.00007809
1413,0x2355ca93c86a716622b7053ef347e9e933853b19,780.775649,0.00007808
1414,0x224addd7756204127828cbfc17898682c4877aa3,780.753606,0.00007808
1415,0x2f1639a9fb465ef5331b4cdf3a43f2c5d0687dd4,780.000000,0.00007800
1416,0xac6004d6fcdb5b4efc49ac97b02cd8af54f035ce,779.836775,0.00007798
1417,0x4d2d5c62c19f49d8384e95b28aa3822bd5299d8a,779.084167,0.00007791
1418,0x7e2ecba4a21ff7b03744f8e081aa4818c2e3bb6f,773.424247,0.00007734
1419,0x7adabaa37a52723d29357dde27d51ccc34639229,771.727244,0.00007717
1420,0xa3ead798edef60f81ed9cc28563a802677318010,770.070000,0.00007701
1421,0x40a72e02c978453be4d2ccb66d5877bd35655b41,770.062251,0.00007701
1422,0xe4b5f25c64b5705c94f52c4f0afdfaf6bdac8350,769.563990,0.00007696
1423,0x37401fcb929db5f16c9e05dfaae1457c45a3b8d4,769.281602,0.00007693
1424,0xd128423f0621cf1155108b2b9860cd3a97f15c4b,768.456000,0.00007685
1425,0x999a201d262fe8158f9112024e235dae0561dabd,760.151497,0.00007602
1426,0x86521d8ec6c503e2449f8ca785ea4376bea23985,758.200000,0.00007582
1427,0xd618b2f9b5bd5a0e5bd59835bbf3de1b5aebad29,757.696346,0.00007577
1428,0x96bcc2eb087633a7d434ac332ae436335f32989e,757.557850,0.00007576
1429,0xfb2e0d664955a7a5e124e27782f1b92e4250ad9b,755.279398,0.00007553
1430,0x6a0fc783c2c8c83885aaea5138c11eaa4e8846d1,755.264290,0.00007553
1431,0x5d7370fcd6e446bbc14a64c1effe5fbb1c893232,755.039162,0.00007550
1432,0x99397d546214655155c572112edf8a850408d193,754.935463,0.00007549
1433,0x4c54facfcbdecdaefd722bf6acc7ec8863d1c715,753.872443,0.00007539
1434,0x6b14f15c0b9da6b831f89dfcc2e90e60b3aa25d9,751.003278,0.00007510
1435,0xc6f5afbaff9d9b1e914c241d594185c30a334a10,750.853556,0.00007509
1436,0xdbc3518479040b18be7326e61fedd8ac4ce45168,750.840434,0.00007508
1437,0xe6bb8230a308a29c028860452848e74fe66a3ea2,750.594952,0.00007506
1438,0x151912e86d5afa1be0c8968ba4ad1ec7937da975,750.081765,0.00007501
1439,0x8e2bde4c1b7f117270dccf394c32653a32708898,750.000000,0.00007500
1440,0x84ba7346484527173f77f93e1494f6c417218253,748.866647,0.00007489
1441,0x5979f7b6167c347c8a2e12e91d8bacc407161ff1,748.569424,0.00007486
1442,0xa6dd144e8087a99fc237cc2343619d07f4fcdf14,746.840695,0.00007468
1443,0xfc00a8ec8e31972a596bf5ab23b24458f3c7ceca,745.150640,0.00007452
1444,0x5a139041cf414097d14c98c3bdd1a3dde515b5f8,742.206167,0.00007422
1445,0x8e29a8cb3174969c0859016f07ee780a0fcdb6f4,742.184212,0.00007422
1446,0xeb064c6a1b7d2746c5268e742d9d5488295ae198,741.517272,0.00007415
1447,0xe8fecebac598ada02f93ccd8a25cff79835efe43,739.400000,0.00007394
1448,0x30fe54136f14df7db7b8a7750c30c47a9ca8082b,738.834886,0.00007388
1449,0xa6262f863e82b7ffe81c07cc86d7bd9acd420482,738.016736,0.00007380
1450,0xdb47e2251fe2f244455480a76d2ca823fc9c5eaf,737.451033,0.00007375
1451,0xb099baf87ce72e41a9b8cc8ce4ad6526070c3200,736.151790,0.00007362
1452,0x3dedec283546862d78e7f0707215954e166907bd,736.000000,0.00007360
1453,0x4bddeacefaf95bc833d557d497a16b8f1d0dd754,735.185370,0.00007352
1454,0x8be0e4c41ed787e966e70af73aad1839ecde8558,732.261195,0.00007323
1455,0x8f8039354ea4f541e77d913608e2c066ee7d3a2f,731.628122,0.00007316
1456,0xfb0dcdcb2dc7d9651e599af66d7a61afd9075d8a,731.382847,0.00007314
1457,0x04ed15c9041405acfe09d11cedb1d257a987f040,731.000485,0.00007310
1458,0xe04bdec6c593476781055252d21f808a2cd04742,730.648959,0.00007306
1459,0xda8f343438d3e361ae577b2eb497bc0dce17fbbf,730.506645,0.00007305
1460,0xa55ba7ed2b307ceeb5ed75c47c732e1d07ada8b1,729.048084,0.00007290
1461,0xe011626650d2c30e0123c0df058e02bd847cd621,728.292863,0.00007283
1462,0x0b96a9ae4c7b146cb220c2ad61b9fbe86e898fa5,727.473951,0.00007275
1463,0xd19e87a85e5807dbc8c306f7027e03e562763964,726.381301,0.00007264
1464,0xd7c629d7bb1b7d5fcc7375809ad5ff29392c03e9,726.037771,0.00007260
1465,0x4917497114cb1edfda4efe6547b5f5105a7017e4,725.155875,0.00007252
1466,0x9514ef092c78e16b959802a9ed07dd47546f1243,724.726401,0.00007247
1467,0xed73c9593d208013ebbb77a6af3bea12eadc6f04,724.547276,0.00007245
1468,0x5d8dfed37a266c57e6f6a86a4e952d9ecb8782db,724.445266,0.00007244
1469,0xc7c3aa9a922fe0c66a8f12fe634215218dc105e4,723.200577,0.00007232
1470,0x83841b2a8f084da8675b18b7b4cc6aed725a6de6,722.566300,0.00007226
1471,0x278d858f05b94576c1e6f73285886876ff6ef8d2,719.754881,0.00007198
1472,0x621f0c998edd0ccafc3c4a7358da14783ceadca1,717.982144,0.00007180
1473,0xd862cdcfeb856c32b3c4f7563f4811d8ddfd42e2,714.805837,0.00007148
1474,0x120bb7d29387195efcf7a91a72d117370f06a32b,714.002486,0.00007140
1475,0xadbf842d69373b5b0972e7d04cb1fc7cae18fd26,713.262253,0.00007133
1476,0x1dd22a00cb4ae0eaacd609f03af5f35136e9ce00,710.216703,0.00007102
1477,0x583669268add641c0a91adccfbdb0babb1a22257,709.051531,0.00007091
1478,0x09d6bb343d46a130f7faf341f0cb9c3d9f3b9900,706.502290,0.00007065
1479,0x0580c7418a3e57656aa911a10b9e82f74c2218b3,706.122404,0.00007061
1480,0x5750568ec54b7a9f48ea9460c67b3c17bca9baed,703.633560,0.00007036
1481,0x98220721c861f6b3d1b598aeecbf58e018cef735,700.944389,0.00007009
1482,0x75ab8edc9c359cea168f148a606246b1aea38e14,700.734266,0.00007007
1483,0x3ae21034f83d0f2bf74cf8812efbd73e4a4f67c1,700.550643,0.00007006
1484,0xd70ef888407b6fc03007fd6b0fdcdcc37a19616e,700.000005,0.00007000
1485,0x52ff7cb2f9049e33ee607e81ec8ed07796c73edc,700.000000,0.00007000
1486,0x7340548664c90bee573da5af20020d16a46254cc,697.965659,0.00006980
1487,0xe1ccdd0093ab5b3f75319121c5c19a5331392564,697.336782,0.00006973
1488,0x4d07f0afbb9250cecd7dbf7497da8b4ab5e2b1d0,696.956697,0.00006970
1489,0x0dfaeb6a94369963f56e9557e62bd17c5201d41b,694.426340,0.00006944
1490,0x66e092fd00c4e4eb5bd20f5392c1902d738ae7bc,693.903298,0.00006939
1491,0x3e2c67e23a901528d3f3886c6e4c24858a27dbae,685.019617,0.00006850
1492,0xd91bb1474fbba9069fe72beec398e8689a51de28,684.053078,0.00006841
1493,0xac4380ed43f5a976f9b720c6dcc06ba28dec177b,682.822924,0.00006828
1494,0x3842d7bfbe620d257551b9cbc4cd72b4af1bb46c,680.673775,0.00006807
1495,0xf650ba56d1d7c0672ec8b243877be4607d51b95d,678.841411,0.00006788
1496,0xcd31029c687316a2ac4d4bb2af46fb5882b56dc5,672.926599,0.00006729
1497,0xd4f6ecdfd19547c9f1e9525655ad2803429a3238,670.987128,0.00006710
1498,0x3bac05522ae9cf2e8d567ac22fa8259d22b73fb5,670.801670,0.00006708
1499,0x069ef6ab075e1ccad485d10456fd086438ff4127,667.693973,0.00006677
1500,0x1f2734a8f691c1b9fbde9131465b519fe5195d6d,667.316814,0.00006673
1501,0x118a9c5e913a3ca31130b10fe4ce9b03a45674e9,667.000000,0.00006670
1502,0x08bd2367af856896b0b84db050b8eeb7539e9bb5,665.201394,0.00006652
1503,0xeacf5df74fe51d4ca5ee1ef5480a6bb02cda63f8,664.912835,0.00006649
1504,0x45db9d3457c2cb05c4bfc7334a33cee6e19d508f,664.398914,0.00006644
1505,0x18c6eb9ea5ce9df6e31503cc07f7341ca5a29e86,662.865560,0.00006629
1506,0x5f2e6c3155a17a96b7c42d12248b55001f87acad,662.744154,0.00006627
1507,0xa75a7ebbd570030689ebb74a69234bad5290b62c,662.467975,0.00006625
1508,0x05d3f996a17e78b067d5e2e4150aac83dfb52643,662.424021,0.00006624
1509,0x006878644c919882fd7bb7b0aba552f01e275350,661.929296,0.00006619
1510,0xd3fee8baeab1039665c94a6dcd0cd981685d9b19,661.888743,0.00006619
1511,0x49e6f2d934077995cf4b24701fa5ae7f7b5e82e5,660.580975,0.00006606
1512,0xdfc4396a485cdbcf5c4533dd8c3de0bbc9de84f2,657.800006,0.00006578
1513,0x0d7bd9f42b123f6c019f8029b0a5153f3d480fc2,656.796981,0.00006568
1514,0x7c74967d5a8897e5d308c881c8b689505c0ce247,655.697376,0.00006557
1515,0x357e100a07a9528937f55ab5cd2fb5c4d3e09a24,650.895591,0.00006509
1516,0xb95550082ad64709f9a82667364c076a300aa958,650.599816,0.00006506
1517,0xc44e19ab37f11d94ac01fbf4f07790813f59f362,650.565142,0.00006506
1518,0x0a0afa90ce732ec5d3b4e0e6db57163069c300da,650.000023,0.00006500
1519,0xf59c435fdeac581e81d208000a203e4a82fe0b61,649.431703,0.00006494
1520,0xbb09cae0166e37fcc9b2f973f7b4604653d5d1fe,649.099296,0.00006491
1521,0xa4c5d7f138e8ba20b62b3f63417fb2c066c06ae2,646.572080,0.00006466
1522,0x9001925a41a1e343eb5c754bf0dcda5824b3864f,644.337595,0.00006443
1523,0x2272aa04f16266e58a71c65a57a9e4fa67a1a974,644.000000,0.00006440
1524,0x21bb37a93ef8f58a6dbf8841d0620c17d6a9199d,643.924806,0.00006439
1525,0x5b4d5f7f7eb38a460e3eb82e1420d9ec3b0fe07d,642.021759,0.00006420
1526,0xaa935ee459ff72e4292ba17839d94e64746c5a31,640.768361,0.00006408
1527,0x31646500ea907ee48d458b4fb6d1c5de89d184b0,639.027959,0.00006390
1528,0x516e726f53576ee00db9b96291cdd0f7eb5f8cc7,638.065229,0.00006381
1529,0x413b7c7a4226271afc30ea25f8e2e593421e0e36,637.501944,0.00006375
1530,0x82e1762bb9b1ad6495ac4f9af2d5db0b329449cf,636.012374,0.00006360
1531,0xe95b0243a5c5e6fa4b8f34cb525a64e6a1b9aec9,634.197219,0.00006342
1532,0xe1dc1898951225a9487a3291b3fef27d2f27fbd8,627.894816,0.00006279
1533,0x86a583695710d55cc0dc4ebac18de87ff3decec6,626.261010,0.00006263
1534,0x7143cb291047f594d65b745a16984a10b7e9c845,625.320000,0.00006253
1535,0xe88b776596ce24b0c2e2f0feba7ed6e43d1d94a9,624.345067,0.00006243
1536,0xb5228d14317ba0759d6c792c9e72035d08a4cb47,624.305027,0.00006243
1537,0x96b202699b1ed86f7845a1dd00b3ac1b693c683b,623.265312,0.00006233
1538,0x5d4614b4e5e21d7344b369e09b9be2bb8241a307,622.750000,0.00006228
1539,0x97b07617ddfc8463b29ab55d86d9b6de7d59a460,620.800000,0.00006208
1540,0x4a1162d27130edcd16a813562e818b4471e2fcdd,620.300343,0.00006203
1541,0xbc54ca1d3ca0ec3760692ec148d962aa284da15c,611.035435,0.00006110
1542,0x78fa2e9684c3c84050151a4e0254c45f7a209268,610.201723,0.00006102
1543,0x01d4da71075098e130ab96b5b549e524c94e89c7,606.606532,0.00006066
1544,0x11f42a6e3a3ef3499e4ffc3879e4c8b555bac5d5,606.101846,0.00006061
1545,0xef805b6665d14bf16f13c4dd7f5e74b35dcd5940,604.453853,0.00006045
1546,0x0ab8883d6a09a8e6ba60b1382cef9b0806000c72,604.386767,0.00006044
1547,0x397db58d42ce3427bd0493b42e771277413e928c,602.971272,0.00006030
1548,0x66dcde27fc47106aca80647bc56aafdf374cfcb6,602.449575,0.00006024
1549,0x232ce3bd40fcd6f80f3d55a522d03f25df784ee2,601.364686,0.00006014
1550,0x56dc3323697703309bb41ceee629e1436d7ae90b,600.848858,0.00006008
1551,0x4df48d21e7b92c1214b9abf9f477a5ab0b5ae5be,600.688915,0.00006007
1552,0x003a6f516cf816aca297ad3a50b9e781065e9c42,600.000048,0.00006000
1553,0xa95646a809a56ca9ba92df7cfb0e9f4f22327eeb,600.000000,0.00006000
1554,0xe33be70caeb939d1e2933b8f23d8456a44df22b5,600.000000,0.00006000
1555,0x6f858f383842c887a82d30b392cfc686938413ec,600.000000,0.00006000
1556,0xa8188d5a6d06f83cfa4991912ecfbb444d7ee411,598.629731,0.00005986
1557,0x5128eae35545a42d7ab6f76ed4200c5d92d28d34,597.529794,0.00005975
1558,0xb7e5f9c49c24df045195ab424189d40cdb5425a7,596.722223,0.00005967
1559,0xa1db0b8350fefe03c3066566a4beb7c2f257291f,595.452980,0.00005955
1560,0x634de0ff97f3005236b2a3f6fc4593f7a27af466,594.998191,0.00005950
1561,0xf43c20860cfd3a56951c0eb72d0dc4fe92ebcc61,590.620659,0.00005906
1562,0x7ded38a4ff272129bc9a608dcc5a864e0ef8c727,590.375358,0.00005904
1563,0x240627c583da26c56376c6707eb112a6004cff9a,590.374058,0.00005904
1564,0x8b3daaed53a62e2560f849b521583f345fd4c08e,588.836809,0.00005888
1565,0xdc15e8df9d78a3fe4085c5f113d3f75506ea581e,585.774106,0.00005858
1566,0x6e05dc4d817a177e7c3e48a1c9235c09ae783e91,585.597934,0.00005856
1567,0x38b53b50651fa85e8d33f6b653f0835e112cacba,585.587453,0.00005856
1568,0x55041bd8de025399d8511305c2317fc4f08e95f9,584.155424,0.00005842
1569,0x3a80749f7a02cbe81e6be047ff95e799e9647440,582.000455,0.00005820
1570,0x91b501e8e3d12c93491a1b07e1e4c25de677b85f,581.271278,0.00005813
1571,0x4ffb6fba0e61e32d213f955f306ede7cc48082d6,580.763493,0.00005808
1572,0xa741f9f60873d17cc83388bc44125572de1ba40f,580.475233,0.00005805
1573,0x0e0ad82038013fa2ba9dd659cbdcaf2a60a40acb,578.660996,0.00005787
1574,0x02337c104ef96263b51770fdae59bce3b677a9e4,577.940000,0.00005779
1575,0x7aaff03d60aeb937325783bf489a2d5aa10bb51d,577.454597,0.00005775
1576,0xeaf579cae7be06c840fb62061806bb9e5b6a76bf,576.000000,0.00005760
1577,0xf71bcb7eb5715a239d412551b9cef0ea118f5c18,575.437657,0.00005754
1578,0x6d0d19bdddc5ed1dd501430c9621dd37ebd9062d,572.521000,0.00005725
1579,0x10993c16ebfda38ed241d9e4d3068069b8253750,571.320243,0.00005713
1580,0xc6e585d1d16eea2154de68c5c0cbefaeae286c15,570.192527,0.00005702
1581,0x9cf44ddb18e2b0e267d7cc9d43804287f87f8d0d,569.489740,0.00005695
1582,0x90da685d095aa28dab2c70fcac856fd62e99ee6d,569.400000,0.00005694
1583,0x6a78d76f76e62fc0803777407da26d9db98de6dc,567.506848,0.00005675
1584,0xd87ba2a762fc8b06c412f40efbc94ace9f738dac,567.190195,0.00005672
1585,0x95c1cb0f41d94acf415acee5e6bc71804a588aab,566.134076,0.00005661
1586,0x35b2ffdbf59ae57849357bf25e6ad82854e498de,565.814754,0.00005658
1587,0x49727d03759478a680e13a88d24a55e2a450ef31,564.843048,0.00005648
1588,0x4d6caca69591614b58f6abb343774f913f4fccc7,564.820260,0.00005648
1589,0xdb0cb8b3b58ed0a6649f6de2cb311a5c36181448,562.933018,0.00005629
1590,0x4316834705f32115b4ec96b3d786669620a9a829,562.636574,0.00005626
1591,0x54020f597ca2d03c345b4e7b2b18535ced0b6506,562.131773,0.00005621
1592,0x7b723bcf152408c83f12d78a607e5ed8f11883db,560.450548,0.00005605
1593,0x2eee5754187692808e7b00d3d8ed165e60fc788e,560.052523,0.00005601
1594,0xd05d945054e0b7a6e38b983257973286919677c4,560.008034,0.00005600
1595,0xfc89c020774524c9d03bd5de48fec149b10bdec3,554.312000,0.00005543
1596,0x3a8ca6d142210104cb43d6450215ba321bc433bf,553.744954,0.00005537
1597,0x1cc21f9e0622939ac8b50d396924c02b547c3d43,553.350422,0.00005534
1598,0x108c5cd624085c9ed6f1a8a58b14ce47be119dbd,552.800000,0.00005528
1599,0x6d0c82b14536d18240fc9c2a2690fd00172f965f,552.567518,0.00005526
1600,0xa5c8a62f221adeaf8a7c0bef60044861d9c4b400,550.458739,0.00005505
1601,0x6294f795a863305be0322b8c2943ec1721337a51,549.826484,0.00005498
1602,0xebce93cab19d4cf618a3a4e5d1a0e6a21cddefe9,548.234284,0.00005482
1603,0xeee0a5a52dcd041b49602876c80dc892924ee471,547.702266,0.00005477
1604,0xc55eb35033e627da8e340520b81613b328ea86b7,545.495677,0.00005455
1605,0x962ae89c4371ce97b701518fd10950e9f688e88f,545.227028,0.00005452
1606,0xebecddfaf9a8f0f6926f11e4cc3401e05c62d54f,541.361627,0.00005414
1607,0x0d78fc9b6a2c7feaa51607b3ac5a7f95d106d990,541.147265,0.00005411
1608,0x8e598b2382240029aa54d55ea985b9ff4489b86e,539.887838,0.00005399
1609,0x36a9bee0889653012d8fc8698bc6232936206e01,538.400000,0.00005384
1610,0x855573c64d8a79d08b68a9dd58c2ebefc8e4dadf,537.099996,0.00005371
1611,0x3563015e9f5694afe5d8cd86233f77557da704cc,534.823133,0.00005348
1612,0xf54cae65855a46d24e2bb30c2a78705fca78ef5d,534.793174,0.00005348
1613,0x7fa476cab738a8c2daeb0a1b85ab76ccf8b78d5e,534.193670,0.00005342
1614,0x9ed1b8be5013bc2d814fcd6e878f10624a82e935,533.410467,0.00005334
1615,0xbd4ac3a6b863b5a15533042412a553dca506f9ec,533.017474,0.00005330
1616,0x5666fb1af3fbb142bf95e5da764eb8b08738d6fa,532.692830,0.00005327
1617,0x8d8dd2036f729415b9966924daee0265ab1b38ae,531.442836,0.00005314
1618,0x1c0544f989b1953abb04e6784722a90d2ab49d33,528.565684,0.00005286
1619,0xd87a0e346651e35df11fd0005fa60ccc50e93134,526.990342,0.00005270
1620,0xe66e1e9e37e4e148b21eb22001431818e980d060,525.762329,0.00005258
1621,0x25f067807a9ae62ca344b0eaa0de421262459174,525.406168,0.00005254
1622,0x855fd29b39256280f86313786c4bbe13856f7203,525.134972,0.00005251
1623,0x4a50056f77566e5519792d9442f30a4aaf64c744,523.713856,0.00005237
1624,0x4cdafbef3aebb90b5d3cc866b79d12e18e06d824,522.261845,0.00005223
1625,0xd1d56fdf129d5d593747b768dc54f8e0ea170d20,521.334085,0.00005213
1626,0x6bf57f83e066e0c2872ae91adac90f85d155f103,520.420527,0.00005204
1627,0xf584336e78e51f3bfd4cbc4bde615ccd185c2edd,517.148544,0.00005171
1628,0x2215b6ebfef368c2ff711257f6ec6837829a875d,517.091855,0.00005171
1629,0x95608b4ad748bfeb9c414e44c89f75ab628f2b5f,516.449029,0.00005164
1630,0x01b32898b4db60de5046f09498cff6e7d3631d18,514.366306,0.00005144
1631,0xa8ffd532c2ba50e19fc6718abaf9fcc4d0c4e403,513.825413,0.00005138
1632,0xa713876e8f7239f1ed85e2970b85bed6a54aa90f,513.484324,0.00005135
1633,0x2bb4b0d21b5a20675cd750914ac44465e48c354c,513.219290,0.00005132
1634,0xd4a2f73ec700f012f58cf32dd55f6ee83371a193,511.821465,0.00005118
1635,0xf606cbff21fec59e1acea14cffe8defc45f3e8cc,511.480136,0.00005115
1636,0x4e31ab7e48ad1040b805aab4478f4d6822d949e5,511.133920,0.00005111
1637,0xa57e48d1bfec890f5c9ee97bc6f38ac9c11d1b28,510.939118,0.00005109
1638,0x5cf77032d178f1e126870d9af26b63ee3400e271,510.241885,0.00005102
1639,0x945acf74950e60b41a5198554a446f0f1cdb4285,509.904317,0.00005099
1640,0xade49649cc0f1adfc950ebc141184b6c62f35e16,509.104219,0.00005091
1641,0x9782825983d2fa4714d68495417e3283ff86b16d,508.772377,0.00005088
1642,0xb1c27aec16f58e6509bef1fedb93c1218ef21dbb,507.677038,0.00005077
1643,0x064441eaf5e3ea3fff75468eec3c295e2eee759b,507.249098,0.00005072
1644,0x4332a95a40918cfda4aa5a009bfe9737df76d15f,506.827218,0.00005068
1645,0x7ef41753d4bbd5b1090bf8f43aea446a07d1831d,505.103783,0.00005051
1646,0x49f098bd38c5956720774495853071c9b06e5cc6,505.067540,0.00005051
1647,0x8b352bba23fd661ca4ac089a0bb518f31ae903d2,504.811948,0.00005048
1648,0x4cf54dc60069e2f1889707182a65886bafd7506c,504.338007,0.00005043
1649,0xc98c4a91f9a15dd39d721bdf6112052e7479ecee,503.283417,0.00005033
1650,0x55559be10ff6809752cfb5ab0e5d44a4a990af6e,503.025840,0.00005030
1651,0x95ed7a5fd1f620eb855f41ce9f9a7aebc5eda24a,502.958486,0.00005030
1652,0x3e1110fd72edf3eca0b65c16499cfde7614436e3,502.490000,0.00005025
1653,0x6d3720d36e3b3b73c949aa8ad6178072f260d3c4,502.188425,0.00005022
1654,0xee0ee04cedbb646a7108678398967713f0373126,501.840084,0.00005018
1655,0x128dcfddaa9f2fb1f426ef0b66c01c03db35478f,501.195754,0.00005012
1656,0x45142b07584c6f4b7b9a26e7ee68168f06aa5cbd,501.044122,0.00005010
1657,0xdf5432b234f1c03b9db1c73db5e2745345cdec23,501.010000,0.00005010
1658,0x1c3c1c24d4cf6b2a73f4bbeee33d9d5ec8048aa2,500.845672,0.00005008
1659,0xbb387652d7f0fbeae17b58d9a9023e3467e5e5a9,500.729293,0.00005007
1660,0x2cf5298896634c0975990980cad2cee8f7992151,500.280000,0.00005003
1661,0x7466cb2ac013f4aa2432f566d0048fbb62ca16a6,500.002381,0.00005000
1662,0xc766949a6693ed8f2c207543024495fe0f666a7a,500.000000,0.00005000
1663,0x19874efd798365ff59f77a15000a9f8497a5e761,500.000000,0.00005000
1664,0xfed2993825d3e123ec49798b1e86f0608769bbc3,500.000000,0.00005000
1665,0xc694108e704b3ac3c5b099a4b06208bd0695ad00,500.000000,0.00005000
1666,0xdb3ded7731c781224ec292e2163d9554c094fd7c,499.161282,0.00004992
1667,0xc5b4fa01902472eacd0b569dcc9dd9ded9249f96,498.864862,0.00004989
1668,0x0180adc5e21d80fb31f8b3d4f6f99d6aeeb05168,497.606058,0.00004976
1669,0x83228f5858c04e40377cb03769d7f8857a07f7c1,496.855744,0.00004969
1670,0x329cd5de5ec12ef446c0c74e7a5ea244e288683d,496.315546,0.00004963
1671,0xdcab43949e71ff353c6c7016f4b2b6f7fe2cc07f,494.925724,0.00004949
1672,0x9006616a7c37149078e6dbfdb36c683b14379fe9,493.170000,0.00004932
1673,0xc2c8ec507df496ff0730761621fbdf57cc9c029a,492.295222,0.00004923
1674,0xf0de4005f75818fbde020fc7120808985e07faef,491.961366,0.00004920
1675,0xf76c0266b09cabd106ec76b48be0068d3a4a5811,490.832891,0.00004908
1676,0xc876d54c860f8c7855cfc38a3caf53bd39c4656e,490.677976,0.00004907
1677,0xa610977e508f4bf1da725141a429df4b209395a1,490.067777,0.00004901
1678,0x5b1262072091a27dc5059f85790ac6ad2fb279d6,489.080196,0.00004891
1679,0x34d765f6cd9a58223014f8c9821138820effb220,487.070000,0.00004871
1680,0x5a82369808db8390a2ef81a135be2b3929b880e1,485.313267,0.00004853
1681,0xcab4ea44393d342b3904a81264154b35bd26d6ae,483.949575,0.00004839
1682,0x8266a0a4bf12ba35b0fe072d253b2557d7655def,483.808789,0.00004838
1683,0x27ad186bb115a2b41fb64553efd4ba5a74b83b08,483.001363,0.00004830
1684,0x7e808a9b5560859f118ad773f61cf43dc428bf5e,480.015012,0.00004800
1685,0x0489c9837f5a7fc08a1e6475f405071ed2c57932,477.491108,0.00004775
1686,0x3706b3d21d7e8571956430339341ee58b4fa8556,476.500000,0.00004765
1687,0x39fc4f7d21d2fbe2a687fd558df4ec2847b26980,476.454401,0.00004765
1688,0x997f808f4bef80f912449dcf73d755b77401fd4d,475.040300,0.00004750
1689,0x69503ef38fa1cd11ff00e08c82fd6b38b933e33d,475.012288,0.00004750
1690,0x9e525b3d9a5a2e7ecf2ce2ba4bea8a1df7ccd5c8,473.868899,0.00004739
1691,0x48134b13b9f3a98eeb6e61cc1009b1881c6d1f8c,473.858531,0.00004739
1692,0xd309d634d27ee7ec8cf517e53d454003ab1c5d76,473.795060,0.00004738
1693,0xb016f623fd4c8ca79f73092e719ac3763cfd2420,473.466519,0.00004735
1694,0x4ee6cd64a1f1b9792879604182c4775ceb805eae,473.135219,0.00004731
1695,0x3c5f84f5a1e18db7aae25c9b9ccfa5670058ed01,472.053214,0.00004721
1696,0x799727b204a1ed5395dc20715834a2943f7b3343,470.979120,0.00004710
1697,0xe974ca732107257e6a6bb1e0a1ec6f95eb83de14,470.605629,0.00004706
1698,0xe39511d0ff82a450c17c3274cab6a6ff55e94007,470.312760,0.00004703
1699,0x568f75efcd7acb2a3cfd19654104077c6ead9ea2,464.377892,0.00004644
1700,0xe8434e16017048a0b14fc78f83aa48a15cb0d58e,464.242578,0.00004642
1701,0xe6d182100a38c01a9e208663873a220d1d547640,463.894450,0.00004639
1702,0x5fbd9845ba1c8581ea0b5e51bdb4bf0f74570d37,463.288254,0.00004633
1703,0x797691c39aa4d2367ff293e6ee2c02e96a59a4bd,462.936542,0.00004629
1704,0xf81b45b1663b7ea8716c74796d99bbe4ea26f488,461.972798,0.00004620
1705,0x1dc89ab25ab5d8714fcf9ee4bd9c9a58debeb4d8,461.002869,0.00004610
1706,0xaa5e5c13c9d565a6317e81a10da6793d71e9b644,460.800000,0.00004608
1707,0x74a4fad576e09e61e4a47443a629fd4ef1f264e0,458.625100,0.00004586
1708,0x0da9327310f9e2d21cf7943fabf2a8112f2c95e2,458.345721,0.00004583
1709,0x4a8b64f454824526721c004d249f2966c39f8271,458.200000,0.00004582
1710,0xeae4eddd06f1318ea2e95d345ad98013819ac875,455.907992,0.00004559
1711,0xf4e90324adc4b5431819f6f6ec53c0668b9585f5,455.353614,0.00004554
1712,0x9f58201408dc8a25fa307cd4d918a2fa55ed4c70,454.463580,0.00004545
1713,0xaa2d1a6ce15cf8a288215927b65080e3c769956e,454.248996,0.00004542
1714,0x9b7599e873f9be31b4e54bdb1d13ddc979e70e81,453.205817,0.00004532
1715,0x1c727a55ea3c11b0ab7d3a361fe0f3c47ce6de5d,453.100366,0.00004531
1716,0xa3cb8f5c45e2dd2371e2fa9ecc2c0ed0bcf726f8,452.823972,0.00004528
1717,0xfe45e9d56505bae555f6ff34a3149c86bcfb5955,452.443483,0.00004524
1718,0x00a6b663ca1fdf5ee24ffc30463528471b6033b5,451.397441,0.00004514
1719,0x7d5df4ec9af42db0964050d21b80447ab4cff10a,451.065272,0.00004511
1720,0x8ef0f9c4a266c7d079d47242adcd9c336253cb17,444.989810,0.00004450
1721,0x97c01d4a617ac81381e110ec49df5f3e85b2b42d,444.797960,0.00004448
1722,0xe1d4441c6f78accb73ff41ce24a9e9294d02daf1,444.000000,0.00004440
1723,0x37897d952e24d8bd5e49bad7ee3935e702597ec3,442.654718,0.00004427
1724,0x07a28e82171d4a38d007cc763855ff0a6dfb7501,440.556800,0.00004406
1725,0x9690999d4b2bbccbe41447e9220814a44dd32053,440.369982,0.00004404
1726,0xf4d1be6da9bdbee24ecb7cfffa59ced66aaaf904,440.355398,0.00004404
1727,0x78cd1171b7d7e631b37a420ef56ba7956bd8f61c,439.600000,0.00004396
1728,0x4468e8f29602bc69bf0cd85f2514415140478129,439.466166,0.00004395
1729,0x3858b10367851ecd0f914fd257cbb75324f799ce,438.252529,0.00004383
1730,0xb8d3e67defd34a4b36f1dcdfd94974d73dd7d9d7,435.661592,0.00004357
1731,0xfa4ddc4e5fc7489d8b30b04b473a2717716cd850,435.506939,0.00004355
1732,0x93c9620a38c5c2551e4731d3c8973036919a6c19,434.683732,0.00004347
1733,0x74e30f0d01eb5ea7499bf8b9ff27f95e63d8defd,434.046737,0.00004340
1734,0x97ed42e26b7b05a82756778d405a7703359724f9,433.952206,0.00004340
1735,0x64b558aa1ce31b39bbe130c3722b9949bfd1fadb,432.999857,0.00004330
1736,0xc4158bef95265f1d00f964b040d217aa5c962ae3,432.911929,0.00004329
1737,0x4c3984814d1d630d560efd45f23829e46f409509,432.330730,0.00004323
1738,0x35bd4e84658149e9def6cfeb292434cc6fff4286,431.809584,0.00004318
1739,0x2bc4da6a02264963a7fba356ea96dcd94c4a26eb,430.955162,0.00004310
1740,0xfa9823b0e5395f0f862aa9185de95ab449656021,430.477209,0.00004305
1741,0x112f4dcf0b4fe5938098d9e743d72d939b4f6075,428.713104,0.00004287
1742,0x512e068ab045cb251c45ffd7d5aad7f4de845048,428.552300,0.00004286
1743,0x560e9611bc6e83298df46f2d59bd9e9ca5635506,428.121421,0.00004281
1744,0xd7d523610daf2acf24114ba015cd3f003fa26aef,427.452179,0.00004275
1745,0x06de9dcca8107e735ffade9dc7a9db1a0279f75a,424.662833,0.00004247
1746,0xcc9c3bf45af40cd68b99cb462529750c232bc4d7,423.775635,0.00004238
1747,0x3cf42daca1e5154a2ee133ba07ca79e8b64bbda7,423.697659,0.00004237
1748,0x459ce5e35e34c8117ac3bb511818816e66536b4e,423.590933,0.00004236
1749,0xcff2f5c6f28a36c213c82c4acecb7cc724f701b4,423.190802,0.00004232
1750,0xcd3f507ed53fe61fed73fe14993dec6f87819e2e,420.856892,0.00004209
1751,0x807582583b14e93c4a74e036e0cd2af981b44549,419.782241,0.00004198
1752,0xb967424ebc20855ed1a92a93ebfff13cf7bb12b8,418.778096,0.00004188
1753,0x6e4bb9c8db4c1a4b40879518b9ceae2410d03deb,418.486297,0.00004185
1754,0xb24aebe6643fb8b4988cb08c3f47eb54816239de,415.946714,0.00004159
1755,0x7ef083a1cd15ee85807245d1b518659efe7cf2f8,415.757191,0.00004158
1756,0x0aa0904b9670c1d5729d4e949a0514bed198d239,415.427846,0.00004154
1757,0xb7d8fffd44c067268989afc5f4d92dac3d57261c,414.880000,0.00004149
1758,0xe92efa56165347467fc315dfeeb87db559d06711,413.912902,0.00004139
1759,0xcedf32cc4bfd058557746cc1c690021f3f2480fb,413.463091,0.00004135
1760,0x27a06a9ed918d322381b8cff0209eb3791f088a0,413.087706,0.00004131
1761,0x6f6e7417ebe3733a5b598d8fbdb43fa701056857,412.229873,0.00004122
1762,0x44c616d081e728189d2c1afa794bbc8dc0972837,412.148207,0.00004121
1763,0x4437b8429e7ea0d80ff953fc888c8719f35c215f,411.500000,0.00004115
1764,0x1aff1e0f1d5f76f92145a278d8c31af9ade783dd,410.746134,0.00004107
1765,0x8695431984854ade451745c76026964c07e9757f,410.075966,0.00004101
1766,0xbe9c04b76508e1e1df8cb99b40c3e5daf4d48171,407.478916,0.00004075
1767,0x1b7518d3b45d22595adbe9c3c99f75508dc062de,405.725740,0.00004057
1768,0x6f8d6e28bd06f9d26827767d76b9c4c9fdcf74ca,405.100516,0.00004051
1769,0x9d11c979d891da5cbdeb4f9c2add0946c1ebd822,404.775494,0.00004048
1770,0x8a8c879d39a74fce0593714956bb7ed048a5c1bf,404.629190,0.00004046
1771,0xbae98ff2511c2efe10e09fd082b98ea021f1cca8,404.096632,0.00004041
1772,0xa90f7ca9cc4143830ec8f675a318d0afdfd1c42e,403.203632,0.00004032
1773,0xa949017e6061112e3691dc5164abdac31a9b435d,403.059107,0.00004031
1774,0x2a16d6733fdc76b2ebc3e57b738e6f5bf4c3541d,402.997970,0.00004030
1775,0xaeb07418e160151711b1b37e7ce019fbb4917f7c,402.220000,0.00004022
1776,0x9a47561ac723e535f688bfd61f09f78f4369e125,402.023394,0.00004020
1777,0x749af23888df79a250c927e3982554eb5826602c,401.830000,0.00004018
1778,0xd5e9327c7d37fe43d6e6ce0920f6ef8375803311,401.759048,0.00004018
1779,0x563ba818c73c1e26403a12a0fb41c6ed31cb8dd5,401.206600,0.00004012
1780,0xc0df97f08c904cacdbe3ed64b4ab1dc9d009993a,400.949515,0.00004009
1781,0x277d0eec5f0c3a33ae89b00d5b84194a6ed26061,400.900000,0.00004009
1782,0x10de10b8eba683644aa4d2449c3602b4aed95c89,400.848285,0.00004008
1783,0xebfbcbc8b533d2b04b5cda35d675a4f33c26af15,400.800000,0.00004008
1784,0x138ac110804cd66bcaa15b461326e73055f9f5f8,400.313758,0.00004003
1785,0x997243cd31af8193ac2e2a5040307cfbeaa33b4c,400.004192,0.00004000
1786,0xcc5c48e7d709084f7fc0d93001201548ffb4019d,400.000000,0.00004000
1787,0x53a6909f26b3b2332edaf205f2f568f29c38e17f,398.780442,0.00003988
1788,0x624fc0a7b29002d7e06d35b9d7e0fc690a4febb6,398.396126,0.00003984
1789,0xe943acc1730745f067b7948415cf8d1aad0b12db,397.805052,0.00003978
1790,0x1bc64307e6ddc620635b862fd2051be32bbf26a3,397.404650,0.00003974
1791,0x793414b07eebf8a69387586bd789b5818b8848b1,397.380112,0.00003974
1792,0xfe6f0e5e7276d608960658ed9280c9feceadf1ea,397.147073,0.00003971
1793,0x2bc8d37e9f6f0e9abdc8b88392f775d7c41a5a05,395.887572,0.00003959
1794,0xab99c070540ce0aa4c7b978584a6edfca5af37ce,395.403593,0.00003954
1795,0x11cb80a3ea9b0bd7e97f37da8e7980ba69edb616,394.132334,0.00003941
1796,0xcf432b7d5f3f6b1f151aa47001178e45cf78da26,393.737293,0.00003937
1797,0x5f290011e59e5aa79502446cbce7f4b6721902c5,393.511241,0.00003935
1798,0xf5d216ac5eb2649226f6620487aed5505becec43,393.410307,0.00003934
1799,0x7c134fe09721b98a3fd137f5cc764867c3fbf515,392.360789,0.00003924
1800,0x424fbb28995770dc6458c2c0523bd0d10ac495e5,391.693953,0.00003917
1801,0xb2ac0f468f48e34eaed43f0d1a66d23ee615ed4b,390.749290,0.00003907
1802,0xad979fe96f95a80d2ec9afc3042970550f06314a,388.805421,0.00003888
1803,0xf30954fa5e5869be4a857c7d5a583b8d3f9a0c36,388.796845,0.00003888
1804,0x3ac2cc26fbb230e704393dc79e97cca47e709247,388.655628,0.00003887
1805,0xc38f6d2fa88bdadd196454c276719e6a5ce6bf6e,388.646151,0.00003886
1806,0x3bc6f46c37a952cba437fa01fd85cf9e375c49f2,387.879342,0.00003879
1807,0xcd9e0fe98bfe8d06b52ff93abf12b2a63fed2bc8,387.268273,0.00003873
1808,0x134909dd833e58254bcb532f8039310420eef460,387.157662,0.00003872
1809,0x93860d8c48564b980c0a1fda3e0c1f9bf89c7e85,386.906789,0.00003869
1810,0x9eaab9db2d42ef88c3b5a9cb941469ea02613d87,385.642912,0.00003856
1811,0xb329051ec513d45f958200ebbe4b077b5b7d494a,384.668356,0.00003847
1812,0x0ce60f773d61032272ced68cb699c4cf2e188acb,384.567975,0.00003846
1813,0xeb0d2e9c10dc81d296e664cd5e457ec91db5ac7c,383.650000,0.00003836
1814,0xa8db462a0df5cb0a370ce14ff349f4393e439ebd,382.933937,0.00003829
1815,0x939fbd2c0e92625ac070da8d159de77991b53036,382.813947,0.00003828
1816,0xb07c5b9ad7d98f336b5ec202386229f69663bd1e,382.592648,0.00003826
1817,0x663aa8ca4e4e4761ff05c5f8fa9dea149122c760,382.199106,0.00003822
1818,0x00b702f5194de685249c9d7f39d7269ad105d122,381.000000,0.00003810
1819,0x5897ca9023954ebb5aa15735647b22d4d74cc0dd,380.001207,0.00003800
1820,0xb71a31e201591e6becf20642593ac5dd32ee51e3,379.854431,0.00003799
1821,0x419f02cb1001f19fb6d8b992585d0421f93a79e6,379.694659,0.00003797
1822,0x562c57c36c125403f790a334c584656730747fc3,379.330000,0.00003793
1823,0x8a4b50f88669152830c74834a154f0f19acf5cd8,378.222904,0.00003782
1824,0x168a996038a2b1604b54a8f53e3063596458cb7a,377.800000,0.00003778
1825,0xf5cddc9e96414ca46c474fa74f63761cc8f75bf1,376.517394,0.00003765
1826,0x04d749d36f749d74c2a118829cb82a4e8856fbc4,376.224728,0.00003762
1827,0xa4ff74f6c1b86f2487a8b089cc2f599bc41f0ab4,376.044734,0.00003760
1828,0x0f54db3b4392f66c85d414cfd88e9258d8d253a2,375.871992,0.00003759
1829,0x4d6ad0947a7ad55f77fc2b4f9c013681ab6e1521,375.798992,0.00003758
1830,0x77051b9ad386485ea0c99d2b26d7977c7980bb38,374.318517,0.00003743
1831,0xa663e25cb57defc73af006851becdbfa15f5662c,374.192575,0.00003742
1832,0x1c0a79ac5bd3315d7af05b5bef2d0521dd86b53b,374.060000,0.00003741
1833,0x9f942edad41366df9604ef472f3c86be9da9cc54,373.505054,0.00003735
1834,0xf8f40ce895a9e418b8b9230b0eff3ec521908121,372.943368,0.00003729
1835,0xa25b900bdc84551e1b60d46e700af7c4d0b5270b,370.548275,0.00003705
1836,0xdab0b6dca2ed8deff6a5a974a451ba3789d75619,370.000000,0.00003700
1837,0xa5d37dcd48c2d9544e6fe26c45ef0b185a0c7207,369.674509,0.00003697
1838,0xbcf02b24c006a0a2892935df4eb8dc3ccfe6b846,369.503841,0.00003695
1839,0x10ce928b26ae84423647f2e036df7a73bbfbcb12,368.849335,0.00003688
1840,0x8577c1c636afdfca90f9d47a1c0535570501d473,367.750794,0.00003678
1841,0x9210103e230e15027ae8ec2e9c1d09d4ed815383,366.970000,0.00003670
1842,0x237b03c4e51a32805540207443b2da13dc7da889,366.404825,0.00003664
1843,0x4a69162d85ad46c1e858f85631d59f4e730c8c93,366.181076,0.00003662
1844,0x3fcdfe1a9cc1459ba78aa4fc621adb37409307e4,366.154148,0.00003662
1845,0x9af9eb3c3b4588b245c6317ab2c2a7e79250da87,366.149338,0.00003661
1846,0x6017061b03376fe42d11c3ae9ca3f13a0ca0ed41,365.335775,0.00003653
1847,0x596a044abbed248ff5cf5cb69761f628b57b42bf,365.000000,0.00003650
1848,0x7c7c85a9730ec1b90c5f27d3b306f916edd159e1,364.877326,0.00003649
1849,0x016606acc6b0cfe537acc221e3bf1bb44b4049ee,364.733794,0.00003647
1850,0x987af3f6df756bc7c55af6e248d36752ae523ce5,364.692880,0.00003647
1851,0xb4e1a184923f82789ea6f5a8edc57f5bc4d25b8d,362.834051,0.00003628
1852,0x8dfe6b5a7b79353947ad5be35c5fe42c807258a5,362.099678,0.00003621
1853,0xf5c538d29f04ddf05ebee6a815432a0e919f9b27,361.886679,0.00003619
1854,0xdd54eaae4aae0087c37c523c92f9fb326589b5cd,361.052745,0.00003611
1855,0xd71d431dc65cc98dacb413b2784f221dac8eca26,360.431234,0.00003604
1856,0x499f58666bfe41ca75bd40c214e34ee7905439bd,360.386671,0.00003604
1857,0xde6fed661d711284683a4f6481d569db545b93b8,359.627402,0.00003596
1858,0x4cb9adfb648cee7301e3c233a9d2c39f224ea743,359.047162,0.00003590
1859,0xc5adc726d0756cdfdbd84e7e63c8acebf27f3ba2,358.664092,0.00003587
1860,0xdc0eb150e602ec6e89517f2a0824a3e3cd325c83,358.538256,0.00003585
1861,0x1f3bcb2f5a544fd2fe09a1ad26d0d0dc3dbe4a72,357.730000,0.00003577
1862,0xca8fd200254cd1f41575981f1a5497e6b7dbe3d8,357.109498,0.00003571
1863,0xc7fc0b241e862c9b2ff97f0d01086048b23ae8fa,355.527161,0.00003555
1864,0x386afdfac3a1bc56b017fa754000034f30a638c6,354.299077,0.00003543
1865,0x850cf94227ef46800adef32d615903e969993ad5,354.152291,0.00003542
1866,0x1397cbdcbdb5e44ba7cd741dc88015fd53f1610b,353.553276,0.00003536
1867,0x07fcdbe8283f1b67cee5d5a4151cec8e8184301f,352.837731,0.00003528
1868,0x5aa2c26d966af2c85e67237d591d2289366633d5,352.200000,0.00003522
1869,0xcd05c347beb0702277cb51aef5b23ae5ebb345c7,352.155145,0.00003522
1870,0x485be95e7c86550e76be32137148479e89d713d6,351.496088,0.00003515
1871,0x5acdeaed9511f7ca7a5599d74e3f60fba3defac0,351.274635,0.00003513
1872,0x6182edf4fdfc6b6ba03d72014590da7314527863,350.710371,0.00003507
1873,0x05dc83feaef84223422aa8d3e289b3b156e1a141,350.400000,0.00003504
1874,0x86274572b52e153fda19d898e5332a72a7ee1453,350.000000,0.00003500
1875,0x7f6c0fb33029fe76394869047e9051811c77e045,349.985897,0.00003500
1876,0x50686973f7ae39fb6f463c5ee8d1d317b08c0569,349.249198,0.00003492
1877,0xc7a0d1231cc3ba9597ca82808f1bf52d297aab76,348.860631,0.00003489
1878,0xa813409b6711db78668f051bb727a728c6cb1eef,348.809276,0.00003488
1879,0x72bc3b820fb2cfbf5d20e9a77c17aec6000b1ac0,348.481992,0.00003485
1880,0x162b22a2b4b6c985d3a4ba6f720a365d1f514c27,348.445840,0.00003484
1881,0xe5fb4eabb9554bbc988c552dbcb4fb0fd3fe5a42,348.322990,0.00003483
1882,0x8f65254981dda5130846c3a3f7d0530ca0f7144a,347.941483,0.00003479
1883,0x65071fc5c4eee3ff8e449daae460abd0bd844dc0,347.473529,0.00003475
1884,0xe03c060c0a246cdee57c77182cafcb59050320c3,345.852103,0.00003459
1885,0xe96400f7e99e0645fa91c9fe0d699b503537b519,345.293627,0.00003453
1886,0x44e5f25be9a6b903892aa96afb3603645c53dde1,345.067541,0.00003451
1887,0xfe1e4507a8fe4e85f96f014abde43fee37acc574,343.746617,0.00003437
1888,0x24b43e045ddce263e0cbf445688341a402748582,343.688604,0.00003437
1889,0x19bf5f1bcf3bf3382d5dd2bfe0c4f195d61055cf,343.655993,0.00003437
1890,0x240c52c1ad2fc116c74f8fa771c5eb801693c96b,342.883808,0.00003429
1891,0xe7f8e583834f788f18c7a5cde5bf09badc2d2037,342.078386,0.00003421
1892,0x449f22dd740eb1db8ae57098af5c67f8e4d9c324,341.237511,0.00003412
1893,0x3c05edc9a104a74c64358f85b565ba4ce638d338,340.926015,0.00003409
1894,0x21f8edd450b41f5f950b514e2b80e71bfedfc65e,340.910674,0.00003409
1895,0x98bcb17a9a9baa2b98c7dcd07b7d9629af247765,340.452370,0.00003405
1896,0x33916cdc440877de0842117d4f99ef51782ba60b,338.511405,0.00003385
1897,0xa9fea58408692bee8d41419c1bc6c15682522e73,338.314656,0.00003383
1898,0x3a781cb383b65a1fff97ce061c3d35a1c09e6960,337.628592,0.00003376
1899,0xd4137a08dfb4c2ea319e64371aad0746f8dc2774,337.541464,0.00003375
1900,0x25d53e1fe43e686cc669fb4e992891e63588434c,337.379030,0.00003374
1901,0x7eb60fd51363222d98772db47b3bb3e3631a9006,337.243044,0.00003372
1902,0xffa35fecde8523c60e8d176ff3ef2e1e02f8b7cf,337.139520,0.00003371
1903,0x107b697220ba17899f74a44993174807c023589f,336.742647,0.00003367
1904,0xa55a2fb406d3aa3038968b3d52596ed572940f29,336.555000,0.00003366
1905,0x090098fa2da7b5f3413908f13ad3d6d1f3bfdbcd,335.819513,0.00003358
1906,0xbfd5a76bacb481ddd3148ecbbd942ad4031e3c8e,335.657524,0.00003357
1907,0xe805b60ad0bf195bfce9d5b35468a9266d6fe487,335.050583,0.00003351
1908,0x65cfe90b87a4d1f07d163fb5ce0aae34bba1a19d,335.013184,0.00003350
1909,0x233d960072db334e44be04f51bb177085d35c53e,334.851808,0.00003349
1910,0x212760eb31354d6bfebc19881c20166efc14c8fd,334.600000,0.00003346
1911,0x5389d69314f459dd0c176c8f58e70b7d57606c94,333.677721,0.00003337
1912,0x2b54b8f46978b220fc0132e4e27452af42f26af1,333.536061,0.00003335
1913,0x7afef31bd56d7a38c261c4afdb1275f22fabbd69,333.500869,0.00003335
1914,0xdc8b3c1fa52db8a3b5433267957180cd49b6e29e,332.800000,0.00003328
1915,0x0bfaa00408a4b28bd1f2348b3bf18ab1497055b2,332.480330,0.00003325
1916,0x3c20027763d60790a114d5155c66457fcdb66230,331.791489,0.00003318
1917,0xdceee86fae2983dce0088ae8c7e5903b76bc3520,330.573731,0.00003306
1918,0x1ab18fa1c1079cef2f18377b51637034c8755452,330.286409,0.00003303
1919,0x5da3f56267dcab72926cff59e1f18d0fd547b014,330.073867,0.00003301
1920,0x9df68225898897bfdf813994fb5148f0ab5e4292,330.000000,0.00003300
1921,0x0e5d0447272be22227870d970f0741e764bd8036,329.945407,0.00003299
1922,0x1a2e1a8f3cc2d939ad4848ad0b14050333c0a156,329.298361,0.00003293
1923,0x9188ba9ab4dc7eb3426430c1cb1d66c805195c2d,329.185794,0.00003292
1924,0x7469ba3f40851650a944eb50bcc93c3ce2169939,326.663265,0.00003267
1925,0xff95c53029b8b63e6acde94606c1f22291ac79af,325.315446,0.00003253
1926,0x0aade304c091ce04ed0f30c98748c0a2cce5ac3b,325.103377,0.00003251
1927,0xa87eadbf930b3cfd64f6ffe1d77fa4b23c113402,324.960000,0.00003250
1928,0xb758930b36d7882afd562a4384362711357bfb84,323.829685,0.00003238
1929,0x79976fc32ab7046457c150b9f3b550b4b69d777b,323.598606,0.00003236
1930,0x72d8c250285d274f20443fb0b9db38886592a133,323.326264,0.00003233
1931,0xfc1235e6523becf4b329ed9adf21750cfaf65bfb,322.836627,0.00003228
1932,0x178963687220248066200cbcf4c3707445d66213,322.761782,0.00003228
1933,0x57da8bf01f712e2e3d79d4dd036946e60b1d6e07,322.429075,0.00003224
1934,0xec78a81ba215335ceb8c28bcf88ce7e6e6a5d478,322.240000,0.00003222
1935,0x1566c38c31a47b914b2b5bd3210fb09a507d53af,321.695904,0.00003217
1936,0x14a41cd8a7d4b8db563b6e20ef9ba50f50cc9789,321.366659,0.00003214
1937,0x73ebe496670ac381a9c4ecc9602bc61c76975a69,321.103935,0.00003211
1938,0x094580039552410b4386bc567bb04d5e917dab45,320.762210,0.00003208
1939,0x7633ff351f3c5f395f573517324715f4361df393,320.646894,0.00003206
1940,0xeb00742ca2c23a090092f56cd64733936807b10e,320.414093,0.00003204
1941,0x76cf0172dc4e93ae8e81ca54c102cbfef74983e0,320.190000,0.00003202
1942,0x551bf8b9ec855c39cb52ab891c4f3fd86a94a140,319.422164,0.00003194
1943,0x610c39f933151f4b058faa059d8aa2fe2bd47980,318.981755,0.00003190
1944,0xf5493ab64f8d6aa9d2994b1f2aa83be7d23f75be,317.566647,0.00003176
1945,0xf148a6270193a0441e0d262506909b64256ef6f6,317.536195,0.00003175
1946,0x8af2c39125848c133fbd85bf86198ebd6a788415,317.168035,0.00003172
1947,0x25f181557ce52ebe717a666a0dd86de5fbe1f6a8,316.248934,0.00003162
1948,0x9c4ff4764efdb7d39be074ab817034bb42f12f4b,315.791999,0.00003158
1949,0xa8ede6e8714685296df2b7f263548f75249329e8,315.679600,0.00003157
1950,0x4ef188b3d96be0408e4bab3e3547d9717fd70bf2,315.538567,0.00003155
1951,0x5e6f110f69ed37f8077db1f2ebc3f9a0dcf35112,315.403340,0.00003154
1952,0x047223b0f9429f865c3a1f1fa1302ee02b44c15f,315.255554,0.00003153
1953,0xc9655525da9f803bfc0ca49e1fe760128cfd4490,313.572832,0.00003136
1954,0xd4cdeacc533dc0c23d1f3dab69ead973e3f418d7,312.596597,0.00003126
1955,0xbefb36b0d272c0dfa4d78e580cae7e72ff44c48d,312.330197,0.00003123
1956,0x8bdd66e13f4c256f96d18178b0bda1ffae68dba8,312.135252,0.00003121
1957,0xe1d74b8c78311d6bdb1b06f0e0656bcd419dfea2,312.126892,0.00003121
1958,0xacf126d00dbd5f01600d1f1feb64a1c0c2bda762,311.922521,0.00003119
1959,0x126aca6db474221d36d27d79715033d3e09b88cb,311.514065,0.00003115
1960,0xa1b2a2dfe6300d3f2174e0a4f073fc0f78f5169f,311.213120,0.00003112
1961,0x16d36be56f7c7a47a3108b892f895da96aa36c94,310.859873,0.00003109
1962,0x5ed039d0f9826a3c18d351064bbc518e3449b28d,310.857830,0.00003109
1963,0xb0533db381daa28b883e0e3e2f291a08477b95aa,310.286696,0.00003103
1964,0x53d49ffc5fcb66348764cad613b8802ff1f14cf8,310.256072,0.00003103
1965,0x5877488b36d4c51fa9e4df7ef750b2860d119ae5,309.623514,0.00003096
1966,0x2d15bf5c2cfb9bf492a602f42f7b27f5f1a90723,309.345499,0.00003093
1967,0x52304fa5c7b91e63a15e889f23ac51d68d91a87c,308.600000,0.00003086
1968,0x117dfaca6de35d1d609bbf9d01775282b6b2c164,308.578371,0.00003086
1969,0x6b37b169650c32c44f7a3ddfaf4e0fada8c00840,307.949152,0.00003079
1970,0xd2747c6c2802269fe1692c1b0be9568933fbbb05,307.546072,0.00003075
1971,0x09f28521b155716c980fda541fa35189f40db73d,307.122315,0.00003071
1972,0x1ec9dd67af275fa69b6ecf7e4c3c4c0968a28fa8,307.047904,0.00003070
1973,0x79ad858cdff50ca6728d2531894001f221e805c7,307.011870,0.00003070
1974,0x9d0a67f348010b31f96ef9207d86f139d7cdb0bb,305.271360,0.00003053
1975,0xa2e1b28eb1ed825a5a805ff9fee69dfe0ff62733,305.080501,0.00003051
1976,0x412290c85709f5df73c4c6a714cb97b1c6089e2e,304.462416,0.00003045
1977,0x9a63e0d7c1543e04305d6fa6ca4489d8e551ec07,304.428744,0.00003044
1978,0x121ac669e4c99ef4673b22d57431b3a521292f2c,304.391297,0.00003044
1979,0x1633151c7f5309fda9752940f8ac414cb07e59eb,303.445883,0.00003034
1980,0x8d9fdfd1dd5063d4b69845bc732a40eb5c91c937,303.412073,0.00003034
1981,0x14481b6f2382d8a24840e501ba84bfc6140c119c,302.673602,0.00003027
1982,0xb9ceb0b51aa9e0db13fc0445b01f0c8e15bfaadb,301.510200,0.00003015
1983,0xc23f41674104b15cdba59a361936b6408c816405,301.418030,0.00003014
1984,0xcbc43dd7782073cd43ca164ce9464d2bdb6af663,301.317059,0.00003013
1985,0x1f9b37062a13383830f860b71e5ee7e7ed4a9e8d,301.135003,0.00003011
1986,0xd2515029850d4e2c878a95239ac2c6f8dbf06569,300.609721,0.00003006
1987,0xdd0131f19bbcc855cfd9362494c49aa9fd9feb0a,300.501420,0.00003005
1988,0xe19beae7a7bf9ed7ad2df0c5f04b49900f0b006c,300.351817,0.00003004
1989,0x9e5bd1148e646a1cebf2787e46190607818da6bc,300.290000,0.00003003
1990,0x08923276d4c80282b56bf41d9204914075d48c72,300.180000,0.00003002
1991,0x5d1201789d4f1b5f489ed0f7ec1daf2cbc71a9cf,300.177416,0.00003002
1992,0x588c89b1ee741ba1ee50cda3649aa71b6183e342,300.071645,0.00003001
1993,0x33cfce9c0506ed375ec142704ab44bacad8cfd43,300.009060,0.00003000
1994,0x559f1bd955bea5d0ba27e66bb396ad29b975ba6f,300.004974,0.00003000
1995,0x3fe2e08a1f7766606574a91a5cfaf3342d023947,300.000000,0.00003000
1996,0x8aab91ad6d65b5f68f9d414f2e94b24c056d7389,300.000000,0.00003000
1997,0xbdeb1d602fd50ad50794c6538585f04fb7e8c2d1,300.000000,0.00003000
1998,0xf50f9fb9c3813e13de87447b0894cab4d42b6008,299.815254,0.00002998
1999,0xc61009bb2a3aa606e80ef5e69e23d68e2a322aa2,298.801313,0.00002988
2000,0xd753c064b7570df7e1a77d9ef2fceb1203a4ad1e,298.473426,0.00002985
2001,0x0c526f94588ff82a0905e4e27cea910fda85fdc5,296.726257,0.00002967
2002,0xb729d428529aa8efd1164fa4d3e0eeff326b43b6,296.633519,0.00002966
2003,0xaf95fe44046b4f4c9b716140e236b22a6cb217f8,296.553868,0.00002966
2004,0x86d6113da6c5100e383ed776dd35afe1f9e38d1c,296.488559,0.00002965
2005,0x8860f2dd5cab736a6cc4d2612aa214548194d1cd,296.008156,0.00002960
2006,0xfed0e586cb372fd0b17ead9f8cb1347bf8a5937f,295.808800,0.00002958
2007,0xa2d15016e7db8e392bc804ea1f9090d5f302d596,295.518614,0.00002955
2008,0x8392396d43212e06091421d15ef38918d2563d7e,294.751717,0.00002948
2009,0x88c4442f9053388a0049d501513d4e8494f74fba,294.624424,0.00002946
2010,0x4b30f55490179e4b690bd1409e861ac9ba602391,294.511012,0.00002945
2011,0x205f3fa4565e0f107644c86a67a79a9f3dd145b9,294.292327,0.00002943
2012,0x629d308b7f8cd98a1d237c776bfe74218b65c9c2,294.278122,0.00002943
2013,0xf85d3aa80d5386b11a28c59c68d8b4896e82f2c1,294.232285,0.00002942
2014,0x7bcec44c7486143ee875103de66006047cae8df7,293.178717,0.00002932
2015,0xf4f6612f50983bc53c28d2b02bdfd8516c0e4570,292.626822,0.00002926
2016,0xecaae2941817bba1a84be70d82fe002e14143cbd,291.897570,0.00002919
2017,0x295bc2cdaffb4a8eeb85e3983b81a18e2f7ec7be,291.436294,0.00002914
2018,0x962129f25c2d98e658930a8aab6572c0f7cacef3,290.154466,0.00002902
2019,0x869a05fe6568b39b6202f6378f463e48ba2880b3,288.588310,0.00002886
2020,0xa29cc3c866b2e9577dab19a61cba48b12ee533d5,288.278252,0.00002883
2021,0x6e10f2f091db3961ca8075368b35a1ce18be445b,288.165432,0.00002882
2022,0xa6b57fc8418eec46c2907029c8612dd6acbfe223,288.023604,0.00002880
2023,0xd3871843f0fd8764dde9d464d301751b12d74f9e,286.831324,0.00002868
2024,0xfaa51a990c8ef2d12081977f23e0ba31ef03ec9b,286.496457,0.00002865
2025,0xd952cc47ef74872a57a389e965d36946e217fbb3,286.361145,0.00002864
2026,0x9eeac296fa2c71102d95d8e754f4365374d152d6,286.231539,0.00002862
2027,0x44d421c7aa68aebe2d1ed2b2ba0880673c6b4783,286.177460,0.00002862
2028,0x22a24884fbcae9d9ba73b42f5d217accaf175912,285.926390,0.00002859
2029,0xbd82f4935c804858a8777d23801cd068263dfc54,285.909743,0.00002859
2030,0xccee59e542bdd180e1d449c283bce615a0cb754e,285.361202,0.00002854
2031,0x9d40ce27fd53e65e2e543f2366b21dfe75c11304,284.778585,0.00002848
2032,0x05e8ff3ca3d1973f2f3db58f38a4603faef089f6,284.772214,0.00002848
2033,0x724080c70c21cd6b1a86480dd685c46bc3a4424c,284.741106,0.00002847
2034,0xd50ac0368b456517726b26e1173038710d333507,284.530100,0.00002845
2035,0xf82860d25ea4b2ed2b0ac953f63e9710a9bca776,282.895502,0.00002829
2036,0xd2da8c9c46e4b1879134895ad826d8543aa40e0c,282.555301,0.00002826
2037,0x540caeb78ae32c657d63b5394c4cd313108078c8,282.352941,0.00002824
2038,0xb89bc4e3eb0094b3d10aa771163e376ebfa0b5e2,282.010000,0.00002820
2039,0x1dd19967f692e18a884af64493feb434087a7b42,281.503182,0.00002815
2040,0xf0af006d257b52cd1972538aedea598fbeea3c8c,280.461214,0.00002805
2041,0xc5367bb83ce9c177bf40ad51c3623a2c8b3c6b33,280.315457,0.00002803
2042,0x778c65e3fe5e837ed708c1bfd8c60d23dcbfd49f,280.130041,0.00002801
2043,0x5537731688a33006960f292a010c217adad17592,280.090194,0.00002801
2044,0x800ca02fbe947651eac5b7f33731dac8d3c5d7c0,280.000000,0.00002800
2045,0xd0fea94390333c671db9c48183dedb17a2e5b08d,279.709219,0.00002797
2046,0xdef0eb9e3583417ecf7634dc25dc5a6ed296cc24,278.804892,0.00002788
2047,0x414ed1a1c16dd03f1a6c3568a7e84a8d76f32541,278.152037,0.00002782
2048,0xa1578265bc5efd32b6e97b65a22cc6d9d81b2077,276.851196,0.00002769
2049,0xc61aeb70faeef038953e770ce0d55a97acbcde20,276.277490,0.00002763
2050,0xa0e9e7e2978f26a90f0c116bcec3813197b5bae8,275.542970,0.00002755
2051,0x81ba05f49f2df0f4fb605da8e0bc607c4e0d7eb7,274.466990,0.00002745
2052,0x7c4c6d1dcef645049c4d54a3236ff5303c609dee,274.172688,0.00002742
2053,0x5fbad23f60aa951b14ce76a6cb1a555b58a0f9d1,273.888677,0.00002739
2054,0x0b7889777f8720a8c0cb447706dd41794d249d96,273.748740,0.00002737
2055,0xedf86f5c4738ef77cb1d64b99b7dfb996436cec7,273.632198,0.00002736
2056,0x79a04f22dad4bcf31d3a417fd3f277a4e4e9d312,272.768664,0.00002728
2057,0x9ba330086e8dcde8ac8627f438fbf313d79f58c1,271.769868,0.00002718
2058,0x42280a5167e42327a81369a8332b3b6fe336d074,271.470787,0.00002715
2059,0x11c80ce5d2814b1e6a49d2f8e8dbe897324bdc05,271.307725,0.00002713
2060,0x5107a9bc9f2b6a452e0e38a1eb9fc55e3ddc0165,271.000000,0.00002710
2061,0x4b0342ba09361d7270c87fc166058f0f819b9f66,270.960000,0.00002710
2062,0x83a713f381ccdb0cbc847dbb42239aa3eed5b232,270.701860,0.00002707
2063,0xceaf051f83aaa251c9099ca8ae059ec54b109bd1,270.610018,0.00002706
2064,0x23fe71d9152b919fad3acf958feb89e1ae9ab02c,270.605155,0.00002706
2065,0xd5b1b0002921916fb80c5b6605c2b1a1d385d4ce,270.579059,0.00002706
2066,0x69224b7fe305ed7e7b03a53e4b2ff08a7c73a961,269.219733,0.00002692
2067,0xbc82a672e332f5823613750015850b6e33e09a72,268.858931,0.00002689
2068,0x3f4f5d83cfe4b90b5f2c0afaa9b6946809f46132,268.104696,0.00002681
2069,0x50488edd91473cb44906185a48673cde0297adde,265.539038,0.00002655
2070,0x6f1ee946710b488146ea27f30e68f1233f50157e,265.040000,0.00002650
2071,0xa4fc7c1a057d48301c91faf381fb329359b8cd7f,264.040000,0.00002640
2072,0x6f02ec1e6e3c0898c1a870ed9a6833dd5cc4540a,263.959943,0.00002640
2073,0x7b23d336d9020d357fec6b434c619bbf23b8c37c,263.539897,0.00002635
2074,0xf2ae4437bbb38e6758c437c07986390cd00a2203,263.474971,0.00002635
2075,0xb12c40e37f581ec2f8e0fe6338e24228a314de1f,263.108215,0.00002631
2076,0x060b0751a562cc95bd139c9ff4994a07bdd0202a,262.824415,0.00002628
2077,0x8bbdb2c6dc67ea2e15f175bda8f767d8624678f8,262.005746,0.00002620
2078,0x89660c35fd36362f1708d091ce715333871c44f5,260.059766,0.00002601
2079,0x17c3403a3b1d0fbcefe430b4d8bdfba430b0c4bf,260.025936,0.00002600
2080,0x282c3dd20d25e5e220fa00b82e45085e3026a8db,259.992385,0.00002600
2081,0xf8f7e88d54b69565110083e65e0898c9eecd5320,259.640000,0.00002596
2082,0xa00dfc25898b8db6aa8a990b2064abc31b1c0bba,259.160484,0.00002592
2083,0xd6a4b1ae2ead93ffbacbc7f10241f3e099249ea2,258.401973,0.00002584
2084,0x386b851ec666482e7038ec8dc1b74f90393464c6,257.946887,0.00002579
2085,0x71299dce1d724d10e3424eb4fa12213375cc4686,257.496849,0.00002575
2086,0xe7da0ef92d5a62d4355fe4d391563105ec59bb81,257.136665,0.00002571
2087,0x3d4e6b2d6c579501453d925a3aa3dea23c7df2c1,257.130000,0.00002571
2088,0x43bb7b6ef09f49a2330479a82a60832959a993ca,256.915009,0.00002569
2089,0x4eb3ee7e7e89a123726d58733bddb0c310d6fabd,256.615065,0.00002566
2090,0xa22b2d632f98a87357cc4b81ff3e0c2571519a8b,256.340450,0.00002563
2091,0x73184867f40116a332669e19e423796de2fc0bae,256.302524,0.00002563
2092,0xb87c4a6355db5fc0c904bb4f1ed223a9ce69c829,256.070000,0.00002561
2093,0xe38bf6f68dbf5733d5bf3c9e3fe47bf7f9eda3e1,255.176382,0.00002552
2094,0xd159bef595272d87159845dee8345d2736892d01,254.728336,0.00002547
2095,0x1d4d20b0ba7d5fe7655d5072ce2d2b94fb6f3d2d,254.493746,0.00002545
2096,0x42d69cd807fa373d7a3d12a349420daf188dca8c,254.051870,0.00002541
2097,0xbccae79a82a8a81ab726885a37b3a86418e55d3c,254.000000,0.00002540
2098,0x965a11e92051588b496dfd94b958ed1a590ec28c,253.384319,0.00002534
2099,0xd48a3479d41e2d3e0d9b40732b92937126a3542e,252.468461,0.00002525
2100,0xbdd387f575347f77a03cbcdcba552e8e2b718c10,252.306392,0.00002523
2101,0x397d5d61d92dd5928add396945922fb3acad8784,252.286856,0.00002523
2102,0x2a3bd2c2b3764fccdb2518559c4a935e8830e6bd,251.258298,0.00002513
2103,0x4d1424fb44d5ff7b1ac11b436886bb2899abace0,251.107940,0.00002511
2104,0x0ba55ab2b9f1b96b3abe194addff1a9f5982c59e,250.957877,0.00002510
2105,0x93f76e11abd667f2e5c51e10fbfd3fdd9c1997a0,250.773995,0.00002508
2106,0x7659c64ec9042d56266948f456a7131a95af40d1,250.540458,0.00002505
2107,0x79026ba935f0c4f59da41e012e3760efb43e9231,250.482156,0.00002505
2108,0x256c51d3aa458d1713af298e88d3d004b590bbde,250.462245,0.00002505
2109,0x22aa5327452361106004be7cd4afe348d471dfe9,250.237955,0.00002502
2110,0x42da267398801b1b96948f106d117d87b6e74c34,250.118971,0.00002501
2111,0x008baeb86094628da124550f035b42c2b9f1825e,250.088525,0.00002501
2112,0x392541d9bdfbec5aba72e35bc5bfe1311407867f,250.030000,0.00002500
2114,0x4efcb727640f94deca9a3f58b3b4190554035a19,250.000000,0.00002500
2115,0x62c16269ee225eaecf3757c5218054d63df9a29b,250.000000,0.00002500
2113,0xd557128cbeaeb797585683779d1e87f27308ac07,250.000000,0.00002500
2116,0xec557649cd5f81a72b32651ab2cd01c42c14161e,249.058375,0.00002491
2117,0x888b48bc247f1006f3c11b42a5c33818c49bb046,248.950000,0.00002489
2118,0x3c79c2ed0c4ce5ee423db980144f27b2de4fb1e6,248.834181,0.00002488
2119,0x95f87df2212fb8847902476ddf47a4056a14e1a5,248.498141,0.00002485
2120,0xaa186e65c157b9e2b3d872691a29f2815a9d6b19,248.206285,0.00002482
2121,0x672b678bf3b2e6b7a6a1ed66ad3a2bbf767c8b8c,247.281223,0.00002473
2122,0xb265a313af9714a99c2204220a094c59d2ef27cd,246.800000,0.00002468
2123,0x39857bc901d069160be285d76360d50c31e095a8,246.304750,0.00002463
2124,0xcd25b09bf2de4f22dd4bf85ee275fda16986455b,245.417373,0.00002454
2125,0x26b7f311e49fb0cb05ecb63191ba58dcedd2cb36,244.872113,0.00002449
2126,0x91f0341ce4c07a14b1df0e4a74846737c21fb8ab,244.624190,0.00002446
2127,0x9aeeeb747ac46033faa870fea326845f8fdb6119,244.542427,0.00002445
2128,0x4194f12cdc35f042396ac434bdbc06fa6af937d2,244.464785,0.00002445
2129,0xa177a285d73df727adb7de1be38a3dfa4ce8d94d,244.000000,0.00002440
2130,0x914bcd5a86253ddc3cae293a8a5f00f145fa6030,243.834472,0.00002438
2131,0x05e376369ac3fe60ed753906a5df24ad319cd797,243.531155,0.00002435
2132,0xa7bc5bf7de27a122da17ddd2ccd80e7a397605b5,243.316133,0.00002433
2133,0x6d285092b1ea7be2647c676d0870faeb5623e7fb,243.029440,0.00002430
2134,0x6b8a7304a3c7e6cf3c06f10aa7261348a22cd800,242.988105,0.00002430
2135,0xc2a6efbbc58c2eab807c6ffd11a7a907a9002a4c,242.943880,0.00002429
2136,0xe93ff74b8e66e4aa90dbb2a735ea11c8d400d4fc,242.662497,0.00002427
2137,0xfb1b880986a8ae16d3c9543448ee30b5b4667b50,242.381999,0.00002424
2138,0x0d6168bf406a1d5d218e48cbb7cbced2e6a41f22,241.195948,0.00002412
2139,0x9f91e810cfef87fe313376fa85be8eef26002635,240.013557,0.00002400
2140,0x33f1e29aafd3af8d8d685e161e3318bffb8f668d,239.821794,0.00002398
2141,0x6f2184d6615f1d913236e39f4e41b502006990e4,239.650000,0.00002397
2142,0x4af929108456ed002348b78bd779fc51725d5979,238.770425,0.00002388
2143,0xeb2d3accff74c9bac4c3f60145467c5d72ada2d2,238.124097,0.00002381
2144,0x549d835356d92983abb76e4cae639f7857963425,237.500000,0.00002375
2145,0xa03952e518eda861fe0ea4fa725d9b960ce51740,237.165429,0.00002372
2146,0xdd50a924b9a9955a495c407fb1a9bb475d6eb368,236.879587,0.00002369
2147,0xac99dd720d31ff27b82c890a0cef304d6db3cfe4,235.927072,0.00002359
2148,0xe86002e9e4f90790f5a66a60760a87b873dd414a,235.810000,0.00002358
2149,0x78a0c0b2b197554074d69cd6f1b2da3154b47c89,235.683927,0.00002357
2150,0xee51dfbb440224b999bed3bf135eba5c14f3a027,235.643976,0.00002356
2151,0x3a2e99762285a5b40445956f61250f83d673088a,235.634961,0.00002356
2152,0x40dfc27ca78b6fbcfb78e91d3d2426cf6a281e39,235.487372,0.00002355
2153,0xc85fe5cf90b119d2a3cf65251cecf736502242c4,234.126539,0.00002341
2154,0xf723244caad9123cbb9198d06beeb1b00a43a43b,233.059157,0.00002331
2155,0xb742595f91668125ac752173562b502842288967,232.996610,0.00002330
2156,0xab3e80741ca8105ab5a9be79ffbe9cc6f8fb3c1e,232.397237,0.00002324
2157,0x168f9bcd82f5c0bfcb77ec8f309b51cd93bd802d,231.435870,0.00002314
2158,0x7c9ae6478050ca81fb68b04b6f86a88cd04bedc2,231.250000,0.00002312
2159,0xa54836f026101cf35d07dc5bb0ad59b72b123a95,231.016960,0.00002310
2160,0xfac9aeff982c746e959ced5c9309f01b89e0a3af,230.872276,0.00002309
2161,0xeb8c074bb2a050ebddee5e81a02b0e30e925947d,230.796822,0.00002308
2162,0x0f278c56b52b4c0e2a69b30a0b591d237c783907,230.389594,0.00002304
2163,0xad5f0f856f9bb8cb4724eeb56aebf80a97593be8,230.000765,0.00002300
2164,0x39fb7250224812826a53e41e68ec4d0510a32061,230.000000,0.00002300
2165,0xe5254cba4a8306e8837a1e05ef6ab397ddbdf9ae,230.000000,0.00002300
2166,0xbe8d299a4371667bf61c46c33d4f490f811ec5f9,229.884043,0.00002299
2167,0x9c1c232d9f3e373fc03eddc2b767bfeee9c1dadb,229.820086,0.00002298
2168,0x333c39382661166eb1965ca57d5167743c5b1152,229.440000,0.00002294
2169,0x31c191643c82905b39a0c31593e9becfaa180136,227.603829,0.00002276
2170,0x4382c23724ac64e618dae3ea90e5c1e6711358e6,227.483397,0.00002275
2171,0x60dcf1bfee0fcec66a5da3719f0dfc433fdb6d7a,227.324983,0.00002273
2172,0xe5cf2c64cee41d7ee65ffbe1c74ed56c8f5aa620,227.240257,0.00002272
2173,0x801777b9468c7192a95e90662de5d7642e1eee49,227.211287,0.00002272
2174,0x04f26fbe0c854c87e9ffed2331f2d39e6f0d3c2c,226.797895,0.00002268
2175,0xa0b416be1b6b83189fcd593bfa70a06fd9b29c4b,226.560400,0.00002266
2176,0x4989bba4e0a92b51218f7bfdbf1e9dacd5eefdbc,226.506868,0.00002265
2177,0x4447f2f7d3c492f7748292a2814854877fbaed0d,226.066851,0.00002261
2178,0x723b1137ad0c40005504973f22971e47ba476191,226.028177,0.00002260
2179,0x3275f56dd8b978ae636fe89f4fd7c1f7cf0c728d,225.215077,0.00002252
2180,0x476d831f8a00ba7306dfb794699b7d6777cfc63e,225.107036,0.00002251
2181,0x6a7cc5e205bce058454e1576419f3dab1ce21637,224.794478,0.00002248
2182,0x83af542d41acd744026fb956d19146c8e8bef04b,224.280135,0.00002243
2183,0xa20f886b00335a37eb0ccd8f6d79306e34f0aa10,224.151508,0.00002242
2184,0x605e056867d34c1a341845b7a07afde3ba828f13,224.140000,0.00002241
2185,0x7c5370bd07da924b708923c430fe36e75229fd0f,224.136100,0.00002241
2186,0x309f3c07a02e5b2b6eab026ebc59a722800dcb55,224.030652,0.00002240
2187,0xe47fb3e4991810a82423736ba220a1c3e4e79131,224.000000,0.00002240
2188,0xc2389f21c3938ea742469bdd99920c09251d7ffc,223.972928,0.00002240
2189,0x4feb2f4dd056d2a99ac5583bfe850efcf5e62901,223.600000,0.00002236
2190,0xb98e369d7ae23e58d8ef37fce89c15fa90c06133,222.777635,0.00002228
2191,0x05027d7f8c73dcd04990519ccdc7344bbea7cdfd,222.680000,0.00002227
2192,0x67127c0719cc5b720068ebc817a27f192b3b2dcd,222.459997,0.00002225
2193,0x2993f6a5a0becf648b8b04f7e150944ad5354fbb,221.559316,0.00002216
2194,0x211a2ad4ae01f9db0f0c40c3f9311a02fc835dd5,221.200000,0.00002212
2195,0xdec3814c806e973862accb68973338d1d19f72fe,221.189697,0.00002212
2196,0xe4fa073a01bc842e139327cdb7ff695e54a57546,221.111184,0.00002211
2197,0x2b2c3b7eaf7898f03971f3559e2cfa7114e71aae,221.031850,0.00002210
2198,0xd32c062c12c2d10bec0187dd334cc15e0367f9ac,219.621416,0.00002196
2199,0x64ca45e9986648dfb682fba79ca8d28676d3ac6a,219.617747,0.00002196
2200,0x3a46781e6550f6e45a3a302f0bfde91273d000df,219.597019,0.00002196
2201,0x93ff78f6be7985d1e6ea72f18c296bc5c1304e0a,219.096342,0.00002191
2202,0xa56a449e260c5168fb9c045082ada3a9a96a86b9,218.742318,0.00002187
2203,0xda1d6dca18eedf683e27f0bed747ec3c477e9f10,218.714783,0.00002187
2204,0x5f0bd06a71e038206ef3e5090eb448e9a9773772,218.571369,0.00002186
2205,0x8db0a5599cb101c4d927bf69928edd37b7e189d4,218.535178,0.00002185
2206,0x6d08252f94e492480cf880039edd351b999fcf1b,218.488894,0.00002185
2207,0x3c926b16bf0289933da5d5c5df873720e34ea666,218.445129,0.00002184
2208,0xa4d9d7068d84bbdf2e3caf1bbf2e1135bcd41984,218.130567,0.00002181
2209,0x3a476df179d054df299cab8baa66c064a2553bac,218.070550,0.00002181
2210,0xc4b7cf88e79cb22e02ee550b1080d59c733d4282,217.933253,0.00002179
2211,0x4e2b67cb6a0d0bc34bd5ef2f3b74174f4c9a95e6,217.755143,0.00002178
2212,0xca7ac941bdb349d81d829173c3c626603e6ea127,217.591285,0.00002176
2213,0x10ec4460ca525437b61b830062e49b50e84dd519,217.404318,0.00002174
2214,0x84c93e00daad4d991a9f2a926b29a28c25f0913c,216.623141,0.00002166
2215,0xfed8eac5c0a82c3291977fb3bcf1ad52e57b1b9b,216.612659,0.00002166
2216,0x3a4011c029519988cb33ce1641ee89d4d7e81575,216.526256,0.00002165
2217,0x00e4b2d9533625dc9d380df25681840a20dbd016,216.416623,0.00002164
2218,0x8399a3376df469fad614cf407aea20f7550f29b9,216.388799,0.00002164
2219,0x7d76c6112fbc91dcaca70d8765c907767c802039,216.188618,0.00002162
2220,0x1057ff3241dcca3b004e8783dca156fa73086118,216.011653,0.00002160
2221,0xa43991698f97e218ea341d9948216856332243bf,215.811780,0.00002158
2222,0x8f20dbd518f1bce5ff7e8199b204af6b614342e1,215.798945,0.00002158
2223,0xc708fa5c62ca366788c6d97d3f49dbdbd346fa5e,215.465183,0.00002155
2224,0x32e550ee0fdc9a2aff53dfddaefac1eec51bde24,214.926293,0.00002149
2225,0x23d9f391936e80e2d02b837d26c4f7b20af57cd4,214.854488,0.00002149
2226,0x8087bbbd9e10189ea3beb8774fecbaaf84b52bf2,214.595239,0.00002146
2227,0x41dc9a05e5637917cfe034aa4fe82141079390a8,214.545521,0.00002145
2228,0xd099cd21055be0de9efefade7bfb5acb3d74c7a4,214.382658,0.00002144
2229,0x964950ff345e9425b8a5644567740cd3f33d5334,214.337509,0.00002143
2230,0xf4243ac6bfa9c31e30efe2b7d40f4ed004941b8c,213.930630,0.00002139
2231,0x257d74fc229f91de6285a4c7bdd6d5004de9aa31,213.872886,0.00002139
2232,0xd3b49467e2de1a2b4387fccd5c210b23dc7ba97a,213.635799,0.00002136
2233,0x7f150af713a6ae2b2d53bf58785545fa2d30457c,213.552857,0.00002136
2234,0x0f7d7aead2be0fbb7ff7b9fa6ec4fe720520f1f2,212.584956,0.00002126
2235,0x3527d7ce499fc59296488862f7e9841c9ce056b0,212.101695,0.00002121
2236,0x1185b14680240ba595f66934155ca9e30a291484,212.041204,0.00002120
2237,0x01f99cbdcbf351618e620ca83769f05efe5958f8,212.016124,0.00002120
2238,0x4028561b10caf88b4958a3b3d59b5dd46957945b,211.470536,0.00002115
2239,0x2cffed5d56eb6a17662756ca0fdf350e732c9818,211.299717,0.00002113
2240,0x47f5a6397b79deaaca5c456503e7c1a49357b942,211.056275,0.00002111
2241,0x5daa852d121f6134bfab311fc525dc38759d063e,210.887615,0.00002109
2242,0x60ff5b6690ffc40b765b74d04e31a35a5f697aad,210.188900,0.00002102
2243,0xe845cc75784f04a64a83016487d91d0bbde1604b,210.153301,0.00002102
2244,0x1c2c7823943f204222af5f1104d90c4da5b2baf6,210.105878,0.00002101
2245,0x08bfb4965b684ad51eb9c945f2cf6835b159b3e6,210.051941,0.00002101
2246,0x568c328305c564dbc35e8a00fd758c5825c284d1,210.000000,0.00002100
2247,0x974bddaf03e2f16dcc54f3015c5d65026ecbbfd0,210.000000,0.00002100
2248,0xa9fb57e47d2bc0fb977d271e3d816e21f7323a64,209.832922,0.00002098
2249,0x897e3a61165bfd98c83b36f547279c8e75d27ed4,209.797496,0.00002098
2250,0x3d129eb38d55c575ee70a3ca5699f3fbc5091655,209.765423,0.00002098
2251,0x427e5697747b64097864bc681d59ae4aab3dccb6,209.539462,0.00002095
2252,0xe5220a4c8386cae65d8fbb20f7eff16a9ba472a3,208.985105,0.00002090
2253,0x6862c008316768b08c8009f1312ac4d94931e0e0,208.951311,0.00002090
2254,0xc8cf9c40a826e87e5a0e0a7f57972069e3a9744b,208.660392,0.00002087
2255,0x74863abd43458bb0fda38849bd4f3e6b3504d7d4,208.656050,0.00002087
2256,0x8615928fa1a832f8860b5c26cac15297cbca4b2d,208.391023,0.00002084
2257,0xc371cb4d1d4fff479fc07d5e4aa7cda046bfd62e,208.000000,0.00002080
2258,0x7d30841379ded20e34382ad76139e7a3385581c2,207.413788,0.00002074
2259,0xb6197fbf9c37786a92a3e914ccdbf6a48c52871b,207.169151,0.00002072
2260,0xac73298c471ab3f603694ded1a706afb6ff56703,207.100000,0.00002071
2261,0x06a46cc9356e1ab0d8dabf509d32fcf0cb28c545,207.054064,0.00002071
2262,0xf6b41b801ba317eec55db4de3c5f2c18c676bf03,207.015202,0.00002070
2263,0x4981975457d5b7ed91a6f2ae4cd744259912cbc0,206.804706,0.00002068
2264,0xea355d7bc50b47ccc0d75ce11c92e53057e09616,206.434615,0.00002064
2265,0xd7c174768bfed294e14cdf5a6e38b39e153f2d06,206.066922,0.00002061
2266,0x4fefa0cd9c1f6306d60c2160acae60754f6da9aa,205.958324,0.00002060
2267,0x52fc5e56c5a57cb90f63716ae2dc66ab69400955,205.834455,0.00002058
2268,0xc2282803598d99d10df36099c0bc20e045a63532,205.455326,0.00002055
2269,0x3334acb54d831544c604e7df6695ded90b54c48e,205.319050,0.00002053
2270,0x8b926a22e41af4bb4f16c05b0c980f660ae60eaa,205.199530,0.00002052
2271,0x0dfde6bd6687809b254038b79ce3f50f6721378b,204.774661,0.00002048
2272,0x58e514db624a9175d268dd6cf861403b65c6e567,204.702969,0.00002047
2273,0x95a803a9c2002c1c0cc4cb81d0c8b2028b17846b,204.662406,0.00002047
2274,0x4c8f3122ba07a7ad4bc06cfd0694f722b188d077,204.232552,0.00002042
2275,0x07be67162276934b41244dbfb664bdd4e37cf84e,203.869880,0.00002039
2276,0xcfc2ec95c2554bc52ab76f406825a1b079b12435,202.541560,0.00002025
2277,0x2ea294124c32ec5d552072795833c03facdb7d44,202.304018,0.00002023
2278,0xfcd4498b97521cd945823c5c998236e6b91ea91d,202.152472,0.00002022
2279,0x6a3e11eb1a49db4503a2546f9046c6f62d51c513,202.035416,0.00002020
2280,0xf41a887cf37de78e02ef1417689ee3b01474ea42,201.738174,0.00002017
2281,0x261424dfb2211794964ae4ac5756c6d850e69498,201.630458,0.00002016
2282,0xae7daa2457ae6afe4facd73bc5ff37108c7ecf20,201.311345,0.00002013
2283,0xe21e30fa8fc8360f8ed61508104c700b86c92e56,200.991533,0.00002010
2284,0x6ff0942ef54fdcbb3f0cfcc3503462fed8d34633,200.991129,0.00002010
2285,0x7a35f7530ca4011d7bca9344d3264bafd34653fb,200.968737,0.00002010
2286,0xd1af5b26d4833a50848147ab16138e9a11a67f06,200.852725,0.00002009
2287,0x5abb2e00f3857f35143f2195e359111a138ae925,200.845755,0.00002008
2288,0x16947937aca05aa185b1406d0a2432fc8bdd0126,200.744936,0.00002007
2289,0xfa5832b47eb84c60a044954f15c81a146832c2f0,200.652111,0.00002007
2290,0xf123a13d34ba4781c39585760562e8ccd2e27b27,200.533125,0.00002005
2291,0x3f7b33c158fc17172ab341df9a8109e198a17254,200.476274,0.00002005
2292,0x672c15fb0f7c1a7f7ca7236a43c873d2793655be,200.410698,0.00002004
2293,0x24f1786f78ddadccf8707b57c2f5fd3528ad4a85,200.402637,0.00002004
2294,0x1e7732e0a406b8e1f6860645c8ee1f01e22ffd7b,200.397123,0.00002004
2295,0xb00d13953c0cdd4ec4191a9f007c1a1a3ac6d592,200.307940,0.00002003
2296,0x630abe836f6885d9906250a8d335186a742b699e,200.185705,0.00002002
2297,0xb125a75c0fed7009aca4a35f95216d95cbcd437f,200.046340,0.00002000
2298,0x099001980475f4f4df65d0652a874219977f2ec4,200.029973,0.00002000
2299,0xa7c36f9bd38196ab09e083eeb61ecd4802551f38,200.000839,0.00002000
2300,0x4fd0312c2cf6de8aeade60dbf8fee428028f5ed6,200.000000,0.00002000
2301,0x5850f4a1f936aa7b1841aab31edfd407fc85009c,200.000000,0.00002000
2302,0x076dd4e8279d1e4ac5d8706d5622b6453e331f93,200.000000,0.00002000
2303,0x5d1bd9ad22893af3304870da183ea08e97a8d559,200.000000,0.00002000
2304,0xc7687ffa2413acd80a63e7718b61116d3393114f,200.000000,0.00002000
2305,0x5ff63a0ec7b21358c082197175ce112a4b9c9c15,200.000000,0.00002000
2306,0x861b25f9cf30a10fc3100088e2dae5488f1c76c9,199.881194,0.00001999
2307,0x6746e87159ba61b647c3ff125adc3bad9864faf7,199.879118,0.00001999
2308,0x73f6786d84d5abee2061b9b5b468ec91fb830e34,199.847457,0.00001998
2309,0x84b452112cf3bad852e877453b934cef3946f687,199.782074,0.00001998
2310,0xee36094bc45fef39e615cb060da38da130c267cf,199.674689,0.00001997
2311,0x1eb4ef130d331506da118bba83bfca496f024e3d,199.519039,0.00001995
2312,0x27e3252b65fe248522d3c9cb3a52143703482719,199.500000,0.00001995
2313,0x2080c5a13aaef8cd080d36bdfb32964f7b5804d2,198.946178,0.00001989
2314,0xa05e542c01dc4ae2c1c8727b090644849e2d84b8,198.468574,0.00001985
2315,0x8fbe46c5d9bc15dedd2098c4e9b70151d2334ec9,198.150676,0.00001982
2316,0x1aff1323ff139aa5634e393b885d3f103471bc59,197.983140,0.00001980
2317,0x3cbb9c0bc64ac615b95ed2c2bddacd59d00008fa,197.978509,0.00001980
2318,0x39f3baab5db6352b8f4168553c495c2e9561b288,197.720153,0.00001977
2319,0xa1671be11b2b15b875667883615ed417684a8ea3,197.684630,0.00001977
2320,0x0030afe34f8c7c81b5b7f883bd85dd82889fafca,196.946429,0.00001969
2321,0xd8b7f17f9bdca5bf19288c3350546c8cb0ad2489,196.625257,0.00001966
2322,0xe4595e35c67d2b35d7765bfc072b4c03a708db9a,196.372639,0.00001964
2323,0x48a168ef107a7573d3f84a945f19138c1c872fdf,196.050000,0.00001960
2324,0x76db638d5de464aea2b885d7bf98a97c54ba27c4,195.473019,0.00001955
2325,0x0eb3fc8dbc698dbb4b691e857ffdb0fbf7bb2050,195.024177,0.00001950
2326,0x8ae145e82dd70b05683b4716d6234e43b2c1a91d,195.008797,0.00001950
2327,0x1249b4a585b7e90d5c2e7d24216d85a7c2aef185,194.991867,0.00001950
2328,0xef62e447e2892c36488daf2f883243d3b0f0f7ae,194.188772,0.00001942
2329,0x0315a9d5bc58c64d0e21d627ece38501567ea346,193.810120,0.00001938
2330,0x1057f11a2a7a28e9cd1644c5032f362d5b4a1266,193.600000,0.00001936
2331,0xc3c65f6ed412690e03a7cecb61c3a652c879f0cf,193.201887,0.00001932
2332,0xdebf179328ce65be234b76575166ba1eb9514e47,192.972031,0.00001930
2333,0xf90b202d37e12f99d90f23de9a591b9909bc190f,192.496601,0.00001925
2334,0x8b690579177955127dda58f9148cbad3a39c2bcd,192.272356,0.00001923
2335,0x47242062f16a35c5cd79b5052f316ec4f133c2a1,192.148815,0.00001921
2336,0x229765cca5197c3ff9c06cc9992f61b07d306456,192.079262,0.00001921
2337,0xcec61bffef128c75f9c594aedb4d00e32eb16265,191.330000,0.00001913
2338,0xa2470c5d09480bdaae56c1f6d5c7a60221d14c72,190.986194,0.00001910
2339,0x1964e533e83f695c51661e6d1e916fc228f512af,190.394385,0.00001904
2340,0xc03a67148057118c74162bd7372aacd60a2e70f0,190.055741,0.00001901
2341,0xee2c10892fbdfd0560171a00d8c6bb4ab71dadb5,189.896026,0.00001899
2342,0x58662a01480c58b272db22857ed6835c42f8785d,189.500000,0.00001895
2343,0x67fdfeadbe30b13854d94b70ebccaffc58e0f5f4,188.541617,0.00001885
2344,0x030aaa01e67c917412e9687975847b576531d232,188.379847,0.00001884
2345,0x896b6b09f2604f8da84ace6ae39c722f68e4e215,188.321048,0.00001883
2346,0x8174ebe0e0ff2192ead092e5faeecbe9f5d47b03,188.064779,0.00001881
2347,0xc306fac7b50607a1d3b7de65c5619964cbec95ba,187.898295,0.00001879
2348,0x11b1596b0536344c52e25aba1d7edbd02668aa90,187.697805,0.00001877
2349,0x3f761a2a980b46ea61d8df69e5940f890d5c101a,186.843222,0.00001868
2350,0xe137ac2d96d57c3b244aa441cb6dbff85492fe6c,186.773823,0.00001868
2351,0x4ed1fdac5009b9470dbf5378dab55b1b7b591cff,185.887982,0.00001859
2352,0xba05996ab3925c591c11693859534a9717a36f3f,184.862457,0.00001849
2353,0x3d2aecfe62fac8137a72573dda330d4a0f87cf08,184.814696,0.00001848
2354,0x0342bb1fdc007780ed74fd47a3cb33eef673ae8a,184.814526,0.00001848
2355,0x5f0a3c2edc3a380cbb2d779c3509442f09b237f1,184.020999,0.00001840
2356,0x09e0c0110098edf1eb5b4138025712ab6dd28f9d,183.950787,0.00001840
2357,0xb36bd07a49f47191a0b43c6b46c182eba42447b0,183.768217,0.00001838
2358,0x5ed5a8a99339ae18f632c8909d4f8c5141fbaa1f,183.237663,0.00001832
2359,0xfd3b60551febeb769bf83894fa1b7acd317af815,183.051851,0.00001831
2360,0x5db44adbcdb22a8dd48776467036ca4846f34f7e,182.696313,0.00001827
2361,0x1aec6ff10c0f9a704a6466c60731d5290f81616a,182.102260,0.00001821
2362,0x177460bb5b0dad2a1810c678138d40395813b85c,181.830643,0.00001818
2363,0x1a69c76b8e5bca7dcedfa62d7d06e0986009fac1,180.696061,0.00001807
2364,0xa6f3260ec524279604a2c014cc39cc6105ac35cd,179.675619,0.00001797
2365,0x1fe14f90e0e422b8ceaa8eae573a887b21b3a586,179.270000,0.00001793
2366,0x20197bef251be2a7932dcd7cb2b341c8e31e095e,179.097081,0.00001791
2367,0xbb16bf0715b2650b95a0f9258c263b4fdfb15665,179.088596,0.00001791
2368,0x2dc25851dd4064c08d6eebb0cdd5af7db8a8af62,178.661671,0.00001787
2369,0xbd20a051a24f58dd2d5131fffeaf7cf366fc282d,178.440000,0.00001784
2370,0x1678cd0fa0b5e454448cd3f9375157d5260ece2e,177.805407,0.00001778
2371,0x7ca80dd037a73a076bb44d21b7953bf7e156922d,177.216114,0.00001772
2372,0x63ee1f4cfdab0b340f9b2c3a70002b96caf2f21e,177.200151,0.00001772
2373,0xeea539fa1d6d5be88f8e2ccd726bf882067a560c,176.934800,0.00001769
2374,0x10dbc99c90234e4447f0366e8368d688f622475a,176.833440,0.00001768
2375,0xace6458d4e41501f908ba989c02898f0cecef2cc,176.383334,0.00001764
2376,0xa6cfdd95caedae9c712143b8c4263b1858a453ac,175.568545,0.00001756
2377,0x0404ae94c945dad61fc62fa77507066ebe09a9fe,175.559986,0.00001756
2378,0xe015ff98a79443c7a4f94dddee28b8967d408cb9,175.040239,0.00001750
2379,0xa6adedd1adc8237ac8c5d3009cc5d4b90fc0a8cf,175.027761,0.00001750
2380,0xcc7c22b6994d7bd123ead140d5a986ad1d2f4465,174.449035,0.00001744
2381,0xb12e8c00e7591db5319d5a3b13a951bf65d7922a,174.320835,0.00001743
2382,0x743285e167c7f84eb992af1bcbea7a8b6c579f77,174.151660,0.00001742
2383,0x978f263f024349b3546e2ced27ac788b976eddeb,173.623717,0.00001736
2384,0x6202cb052310cd5a22d3924fa6dadb8c124d36f6,173.250458,0.00001733
2385,0x2a4c7457c9686ad07cb2e0a5ea847082b7416f53,172.311864,0.00001723
2386,0x13f073bb6338036649e16e256f31784666a8fbbb,171.700909,0.00001717
2387,0x0ea7a677dc3aeb1f9bb4a61c05e36a0e77a8f292,171.631689,0.00001716
2388,0x1d90f74b8779a2d8365f1902f7db9327ecfd2a34,171.216182,0.00001712
2389,0x77f7c3eaf900215ad0c0f78d2f2f57a20b7c24d0,170.745378,0.00001707
2390,0x0a867089e4cb0e65e256c17206d239dd6b44f19a,170.504255,0.00001705
2391,0xcebe0fac0d1f67dde267848f2e30258f1f62d5a9,170.352633,0.00001704
2392,0x76026a6fcc4254835f804dfb8f562c8f3f462456,170.333888,0.00001703
2393,0x13e88b43703d305cebe64cd51bf53397b7bd2875,170.060511,0.00001701
2394,0x0e8c220461dda8359bf09e0a0d10cc3ef271ea30,170.000000,0.00001700
2395,0xc9e3702aa5e050d98db74244cb44e0458784c7db,169.916563,0.00001699
2396,0x15d630dc99d3c9d9b8278a54e4a27bfa68d8a5ea,169.590455,0.00001696
2397,0x486eaab71360a0e7bade22509a86815b1a2eada2,169.494207,0.00001695
2398,0x8c2b7113b471b78f4bd87d8db6342b7f7d575cc3,168.798304,0.00001688
2399,0x21b172fd2aaace64d338fda6fa57629c93890d05,168.606886,0.00001686
2400,0x8539872b920229c8d5c0149b30ec1fe56b8390ff,168.598877,0.00001686
2401,0x99bd20863e899e73b2cafed51c8174c16bb4cba3,168.594813,0.00001686
2402,0x111d48035e6a1f408ad876aabff025bfee62edd3,167.780000,0.00001678
2403,0x2cb7adea5e661f7a3719aa901c00b8cbcbacc1c4,167.645064,0.00001676
2404,0x5a10c8bb8786baf8b13c3b9319943a4a6e34e356,166.953580,0.00001670
2405,0x6289071a919d25e5ae90754e851e6f8507108245,166.932094,0.00001669
2406,0xeba9cb65cdbbcb97545bc7791e7799aaeda27abf,166.789739,0.00001668
2407,0xec10ce4f693b5b989c61b713c4604d662c606bd1,166.722531,0.00001667
2408,0x77258877c3cd26bfee90885891576e71b6b63c83,166.645110,0.00001666
2409,0x74766b6f41cebdebd385c0c8a0ae7bbc99719849,165.422910,0.00001654
2410,0xa341659bb380ced1475691aff6268dc07b375d0d,165.397753,0.00001654
2411,0xe943392cb3ca5c6bf183d2b4dcd37fec372a35a2,165.281325,0.00001653
2412,0xa4289cf1f8a515e911ef567c053d5d0b839618ca,165.125314,0.00001651
2413,0x2c45180b3231619ba2cf2de718cc06bb4b80dcf3,164.607614,0.00001646
2414,0x45fd6a34c228a7e261f5148e835a94a624eeee01,164.000000,0.00001640
2415,0x260dc3729c579bc82fae361c335516e33c260073,163.713208,0.00001637
2416,0xb1cf271dc69f77e5a31bb809ea6c0c94f42b62c2,163.528776,0.00001635
2417,0xda74a7195d79ac315cc237549493095d1c14218a,163.084098,0.00001631
2418,0xb0c402ceada45e3d749f69d68924daea1d04f6b1,162.814206,0.00001628
2419,0x86ebf74cb2c9dea170d2ce937db61b22712eb5ea,162.302536,0.00001623
2420,0x2301988a3500284322a63f6719f4c4f4c2200150,162.300000,0.00001623
2421,0xb7c26c35f7cdf525ed21da1db99ade8127fa8fee,162.126068,0.00001621
2422,0xc858aba25d9df51f5566d7acf1bffef622137091,161.998985,0.00001620
2423,0xf7b60d163e3fd9df3846c0755f2ea356618a5024,161.918736,0.00001619
2424,0xcb66d456dd05b10f07e6712e32999f2760afe759,161.761923,0.00001618
2425,0x17fb63e0552b645e16bc0c93e837bf88a84c2080,161.742532,0.00001617
2426,0x9ddd7080d79968e51d7cac0dfd49bfc85bc41d7e,161.652915,0.00001617
2427,0xb61a62a78e748abb341a5da65c8bf62c05d1730e,161.554078,0.00001616
2428,0xbb96e1253431f8d0523cd8337ca85ce47f01e5e2,161.400000,0.00001614
2429,0x9b55c52df9988bd83169dfddab62338522a558d9,160.773312,0.00001608
2430,0xd2b1cef80689cd242151f7bb8f38869acf64ad20,160.020600,0.00001600
2431,0x4d0e820c51cb27bb1c510cb4daf87992d16eeb3e,159.650000,0.00001597
2432,0xd13b930ee61cbd51937b371fba161148dbbcc34b,159.222440,0.00001592
2433,0xe7557500658800455a625bb7115e9d029c05d1ba,158.522007,0.00001585
2434,0xbc4cf0a3a38328bf1c3b65befa8c5665d620a0f4,158.301158,0.00001583
2435,0x365448038d9f04a7f01ea4cc97400b63ffbcda45,157.787187,0.00001578
2436,0x8a61900acb6931bdaaf79d4731b6263e7735584c,157.412635,0.00001574
2437,0x802440f01629e0f216ea50a02729957bda7ee802,157.363654,0.00001574
2438,0x4cd826764d73e49ccf0b6ee254e1785773242c2c,157.314272,0.00001573
2439,0x2bb6f4f602ae4d354604e4a47e0b302c480eef5a,157.269700,0.00001573
2440,0xeb857021a12aa10aad67542335456f9e7e8f4c70,157.208759,0.00001572
2441,0xd6b3ecad8c3525efa153902d4a80ee52d25fd701,157.172680,0.00001572
2442,0x572656ebefe12a2d11a4cd4edd11032dcd7ae7b8,156.882327,0.00001569
2443,0xfa063344f6b22061f45b740e0e1dee746356b579,155.803248,0.00001558
2444,0xa908145f90b8dd9025e16e7f3f7be5b7ce15c62e,155.435812,0.00001554
2445,0xdfba290bba8938f21a8b65e3cc3708cf4dc973cd,155.097561,0.00001551
2446,0x511101683b54b1d86443af45483345eeeb605eec,154.800000,0.00001548
2447,0x96413c8916e6899ca4fd7a557e706b4564710d5c,154.200000,0.00001542
2448,0xe2340c4525584020e29f229bb49efaf0b7e54a05,154.161529,0.00001542
2449,0x6faed86c8bc74cb1c9b9b3627009294e4915d9db,153.700895,0.00001537
2450,0x44e45cf5d704577d3a41da24cfce1cabc37d975f,153.470899,0.00001535
2451,0x988003127c40bd3ef7c7b5e30ae30689048efd81,153.229150,0.00001532
2452,0xb3115d43690f9a1a56afccd59fe09f042f6dc4d0,153.118302,0.00001531
2453,0xd837f16871a7588f6cc2d432f429d3a79b2f5807,153.116341,0.00001531
2454,0x878aaf0ff39d933f3ecba312c07a72c7ca6cb46c,152.904940,0.00001529
2455,0xa54f46570a0687e6a110550638293532085078e8,152.793566,0.00001528
2456,0x1ca505c318d59db236b6ccd6e23c2ea3f27d3cbf,152.645792,0.00001526
2457,0xfdd9a3e4c07756c1dc31ba938fc062d45eab1668,152.537765,0.00001525
2458,0x6985bf2e55b017a5fb66fb14c9da1b745e60f17e,152.391026,0.00001524
2459,0x4a0bfb698ca382524cf5f4f2bca3103ce85daa79,152.275711,0.00001523
2460,0x42b624332eb31cb680efe99f28ba013bb2fe6789,152.200000,0.00001522
2461,0xb8a78c701c2b445c5668040e95e9e76404ccd822,151.931701,0.00001519
2462,0x4915ec5b5170aa2099c63afd5400790b70b44070,151.298809,0.00001513
2463,0x1ee015f82d914325838a0b1490a2cf733d49a227,151.235723,0.00001512
2464,0x2ce60b705d3fedcd923e969d69f6134810646214,151.125612,0.00001511
2465,0x1b0af6ac057e49d8db51d03affe9dec46f219afe,151.040112,0.00001510
2466,0xd50d91b21c89e797a28fa7eca7e8a287b8de8a26,151.000000,0.00001510
2467,0x07f269915a5de0a0b122ff89ed1baf9d3a09a955,150.868710,0.00001509
2468,0x53d88153a85bcd926a7acfefbdf83f840b5b81d4,150.425934,0.00001504
2469,0xb846d0a889307f20988d2ac263abacedba347f04,150.412462,0.00001504
2470,0xcae3c3a245f9c1c73f4caf05f8157d48703801f5,150.400000,0.00001504
2471,0x3a7457db521e240798402c53fc27e1378d642d0e,150.264333,0.00001503
2472,0xb7b8b9cf6c87359f0a3b98f22372b4c433bf6545,150.223974,0.00001502
2473,0x5fbd5e5a3fb50737fea05c8532a7a8e1ed6baaae,150.121353,0.00001501
2474,0x8568a12b39fdae1eb97c79d3693792b592383ceb,150.026757,0.00001500
2475,0x889c6fcda292382026cd43612b59b510709e5cea,149.950000,0.00001499
2476,0x5aafc1f252d544f744d17a4e734afd6efc47ede4,149.205249,0.00001492
2477,0x540dbd7702242087213e04eb17d91e6a5f040ee7,149.000000,0.00001490
2478,0x1272cbe39c77301459cb2bc65ff3d092bd074238,148.788085,0.00001488
2479,0xb3d6155b75014feef4471ef0f2ce4b05b7303181,147.811576,0.00001478
2480,0x6c736d7497dcd08a5b87607cd1cfe06a766323f9,147.172418,0.00001472
2481,0x7ab04f286df72f610d674dc2b04d7efd6172fa4a,147.146965,0.00001471
2482,0x21ece4ed3b4dcdd59e55ed4da628918c91dadf1b,146.897976,0.00001469
2483,0xdaae5231d559f633e3cacba170534d921d199fa9,146.890867,0.00001469
2484,0x165cc5f7f15ccdd0828e203f8ed4d2a682e9d9a1,146.712195,0.00001467
2485,0x6c097e83bb07d1344558802a468046ccb3653320,146.612562,0.00001466
2486,0xc0480c98c12f6d6fa1aeed9815d0e536d756e3f8,145.958006,0.00001460
2487,0x895a1154d8bf767855ea95b610f6c1772996d3e6,145.825914,0.00001458
2488,0xa95695c71256e41c5d128ed8bcca88a01dace919,145.731985,0.00001457
2489,0xbfecf7a47a26e9a4e649bc41f72f3dc7e1f5620d,145.566000,0.00001456
2490,0x5ec733d80c8d10bf5d765f82fff4a7e16df6a227,145.560620,0.00001456
2491,0x0d6d7a104a1874308a0956dbd34c2c920f733c2f,145.482809,0.00001455
2492,0x940e06199edc4260efed7435be8c02b98a06ab70,145.372644,0.00001454
2493,0x3933ebfcdfbb4611dbf28987a51cd942e2389c04,145.174902,0.00001452
2494,0xcb8486614bd000393c33c65925bfbfe9d952b49e,144.882508,0.00001449
2495,0x24a299102e0a052ba481a489d337728a1b064540,144.270124,0.00001443
2496,0x118b0b76d118ca96a8b9800dc4439dcc565f7911,144.129012,0.00001441
2497,0x9146a2e117d1af81e83381370916b6c52119eab1,143.779390,0.00001438
2498,0xff8afdc568759552e3136cbcb8f5cf9eca24c107,143.778509,0.00001438
2499,0xf027db56e140dbd661cb88c651fef0a5aa7975bb,143.747608,0.00001437
2500,0xa00356470e61c252f2cf534047cc44eb47e343f7,143.677742,0.00001437
2501,0x44dd1cbd98935b1e863a68f2bd80b817a8796db5,143.600000,0.00001436
2502,0xf42ec0d15f7187166828c9ad45e0c76546c2075f,143.451870,0.00001435
2503,0x09fd784bf01b481be34f4a07103ecc3b6dcebcb1,143.289310,0.00001433
2504,0x993fade64545c0d82d121fab5232b2072da98daf,143.270000,0.00001433
2505,0xd135ba41ed1e703ec328af469ec03c74348c8d01,143.216123,0.00001432
2506,0x7001424f54566ff072a54858528630fd927b0581,143.022745,0.00001430
2507,0x05bc5728d7007de9a905b736645163d6923ac51b,142.702637,0.00001427
2508,0x151fd2a7b20d63981c6676d3e243b6bbff753b53,142.600000,0.00001426
2509,0x2b6a06a6fff70db79a5a8ee322549ceb43782bde,141.923400,0.00001419
2510,0xcc90a1add70b2ff74268ccad293270d18844095c,141.504826,0.00001415
2511,0x87565b19dd6750c4cabf89bc52b342bc63c709e9,141.066979,0.00001411
2512,0xd95e7e48bb4497c5e3bb05ff41e3d10149661873,140.848798,0.00001408
2513,0xab3fc8b27d8e5507c33d6071a5a3dc5a0a05e329,140.387533,0.00001404
2514,0xf5c0ef01c6182dc5f20b5ab92f7bdba13facb50a,140.150954,0.00001402
2515,0xd4444fa606568866272bad77f8a6781b5da59223,140.025115,0.00001400
2516,0xb20ef77277cb538f59e95c5e5c6368b6dcf57173,139.977091,0.00001400
2517,0x3325f9102cd286d2b7529cbbd6050a615e168eb6,139.907847,0.00001399
2518,0x99478d752e7b85c57cf79611283f24dbaba249ad,138.964608,0.00001390
2519,0x5a5bda4da20479de15d51f36bf9ef98a259d5fc3,138.590803,0.00001386
2520,0x8773e4baff6712ae0eb5446b678a69c388d941a8,138.512874,0.00001385
2521,0x28bf6006d87de7f44445905aa4f5cb8c0d8cba02,138.209536,0.00001382
2522,0x9f8463755143d40770db6a7882d71f2b61d9af40,138.070000,0.00001381
2523,0x61608be57b2fe258c1eadd842727e707c5266c1d,137.847000,0.00001378
2524,0x354276bab2278a8072d63936e20951a2a8abeee7,137.807974,0.00001378
2525,0x31fe793b7334940f03b5fc13b1cd96938870deb8,137.667321,0.00001377
2526,0x96e49d7fd6118b3949792c2c115eb8432a6b1d5a,137.424039,0.00001374
2527,0x1988c3332e8c963e60b9f34c7927c1c391259d2c,137.218207,0.00001372
2528,0x202b93e15d072e0d997544d4712a0a38204d51d2,136.400000,0.00001364
2529,0x20288c00bff0a616a1ec9e7d351948f1ef77b974,136.197891,0.00001362
2530,0x14711d1ff11b6cd4ddc061744cad74ebf141ff2a,135.781629,0.00001358
2531,0xa0888b7ff0157439aaa988dc63de0160b4879b2e,135.755870,0.00001358
2532,0x21a1b71056f93bd4db549948697417af3355376b,135.715548,0.00001357
2533,0x14ad78cea6a224156634b2b1203c472f200a7100,135.529032,0.00001355
2534,0x5def70a2d923ae6ac389b7f3406aa0ce4a452d7f,135.200000,0.00001352
2535,0x0b8cf20de6eb795e37479b65bb07c1980c7554d1,134.946797,0.00001349
2536,0xaeb480c7d3dbac9d749174fb9b99d999741cddd0,134.939326,0.00001349
2537,0xbebf92671ebe142b42a0c7868a260a95adfbaee3,134.680843,0.00001347
2538,0xcc9118a2356aac1dff87cdb4514a9fef9bbe1236,134.666052,0.00001347
2539,0x22185a8dfc098bedf179010b70a6044026fc04b3,134.598548,0.00001346
2540,0x5896240ed0ca0b4cefa31098884203d19fdafd6e,134.560859,0.00001346
2541,0x273d42b31ccf82262340d9ad032230bfb8a8f5bd,134.200000,0.00001342
2542,0x62c6efaf56b49d2da2bee6489aedaad28eff641e,133.800000,0.00001338
2543,0xe08753f2caf86cfa29ce24b1ca765f6f3a25a68d,133.491682,0.00001335
2544,0xb8bac79f5d32d5cc58845eb059bd1088ef837864,133.174081,0.00001332
2545,0x535db96a073d1c40dcec892ebf0fc9e7ac6841d9,132.861802,0.00001329
2546,0x5201820fba36c2ec65a3dc4a445961748cd52533,132.812551,0.00001328
2547,0x0cdbff5a06933590db73a39a68e57aab6a6607a4,132.642114,0.00001326
2548,0x1665d08e19f4f03b085058b056f9ae3f4ff03c8a,132.529077,0.00001325
2549,0x9f4145c701d601c704c62a0518a1436b8e40c236,132.279395,0.00001323
2550,0xdb4d1bb348447b77e65370c9e733f6fc1c2e216a,132.104030,0.00001321
2551,0x763b2ae049018e2ed0892defd018bf382796ef62,131.969227,0.00001320
2552,0x026d8677c518d89736e1e1889cb8d983d0b427d6,131.794172,0.00001318
2553,0x36ee7fa98f8c678fcd6dc27c6596dab9a24c4899,131.715874,0.00001317
2554,0xd91a5a835c1d6b8e7477b79f0f3339fdae074164,131.715000,0.00001317
2555,0xb8d6faf9f6b67a8c609d11e5099e0732e12cdc15,131.578035,0.00001316
2556,0x8981f1d81ad46e50e534f90941bd5d6ba1416cf1,131.016932,0.00001310
2557,0xb8c4310ef6cba7ed25b4855bac20617a8b3bcd56,130.958285,0.00001310
2558,0x48e6fa3b618c43c91337f2d1c3e84ecfc285bade,130.793166,0.00001308
2559,0x7f37cb6246f17f67caac6d5bc63d32d256650cbe,130.071766,0.00001301
2560,0x21fe2f50a6f66ad97bfbb1e17b211b77e7ebc150,130.009921,0.00001300
2561,0x42032c22c510ad0698f16be9b99640efdeb02832,129.824839,0.00001298
2562,0x410df33144305ca1a94704dfffbd8d255cf50e5e,129.671031,0.00001297
2563,0xb4815d61b4c327dd9edad30dd23b64c850bd776e,129.641100,0.00001296
2564,0x63e0b3b584631e80a4a2bc515c9941ee9b66ac6f,129.352397,0.00001294
2565,0xef1d8495c611e4cda000d6301f2a82264f6ccd44,129.254912,0.00001293
2566,0x50351fe40c407409a4bc970e59ed91d4a5213abd,129.051645,0.00001291
2567,0x954c9ef812113288f23904e90df1c4c424f90142,128.944308,0.00001289
2568,0x6b67551f64aca6d3cc69b36245c787e8ebc31ab8,128.916570,0.00001289
2569,0x0ab679245970a4061c2ce9ce942b2d2b0ec583d1,128.610000,0.00001286
2570,0x88ee878a8f9f12ab27d492af4a7b7027b2a53929,128.464116,0.00001285
2571,0x7bdab056c266f76b6bedfee24c9bbf99557f8b1e,128.462930,0.00001285
2572,0x64f893938cd307a8de635e3ba567ae60762b8bf7,128.000000,0.00001280
2573,0x1c5164b38eb1464326a50bf917cc14c44d0712ae,127.708530,0.00001277
2574,0x6b38408897ce2c2fadc121464412fdb875987f1e,126.557672,0.00001266
2575,0x27a766d3f476251a37dcc863ca43b7bce5ad1dc8,126.452112,0.00001265
2576,0xc7d00902e5f356e3841bd6e4721a4a3523403aaf,126.027700,0.00001260
2577,0xa724ff005bc857d7e049d45be815cc936764641c,125.800000,0.00001258
2578,0x08652910408c98c0005b4d536dffe4ef96061040,125.463044,0.00001255
2579,0x9b42816acd1345d81bd1101d08312161a6ea1114,125.235738,0.00001252
2580,0x6c1c50423f38f61da0c96330f7e87eb6770e2043,125.179168,0.00001252
2581,0x8461b6f161e6c4409233e694c47153c57b1841db,125.000005,0.00001250
2582,0x6d4224133bd69a7d27893e758679d9436d4246e4,125.000000,0.00001250
2583,0xfffbe0f3c4f420bdb779d631b8d657c8ba0d9e43,124.834805,0.00001248
2584,0x17e7202da7a6411c27db0b8ec0d0839bec645202,124.664925,0.00001247
2585,0xfdedacd880298e822edb2e9ab5ee3f573ed58636,124.647376,0.00001246
2586,0x31694475af5033197fe212d48d182540ca8f7674,124.606060,0.00001246
2587,0x2bb643b4954ea26b2d29c1437ed67819de9b9640,124.600000,0.00001246
2588,0x869bb42c45eb953effce7c8c300d6a0933718b3f,124.486000,0.00001245
2589,0xba66aaa5ab8437fa5817734814d489f7810cdd1f,124.410452,0.00001244
2590,0x9b3a9143c4c7634e0e615f1bc1ff863aeab3205b,124.216353,0.00001242
2591,0x17456578d16d44ceb00a9ace46e4d2b0aaf5797a,124.003523,0.00001240
2592,0xdbe82e355efb29a1e9b97c4577bc03eaf8204591,123.973059,0.00001240
2593,0xa6f715cc35bb5ffb392fb696d4d8fa1d04d1b1c2,123.560101,0.00001236
2594,0xab7b83840b2b48d315bcbb0e1fc6958552b580b3,123.277844,0.00001233
2595,0xb1727eaeba22c6087b8600c357b963b3124a7408,123.222501,0.00001232
2596,0x1006872d1141a25a966b521784e1f94910e23537,123.152145,0.00001232
2597,0x9814ba501c7ad64bed5ac731d0a4f9a506e18f8a,123.029332,0.00001230
2598,0x4f2a047e4277465226e6431af4613b017812597c,122.636066,0.00001226
2599,0x18e53b60f30497895523993ce5f9ffdab0b137ea,122.572425,0.00001226
2600,0x15b08e8fe56be5d2b99f7e01054a9e27751545d0,122.552646,0.00001226
2601,0xe66caa6d848c243cbd07fde24260b9ca569bbbac,122.505633,0.00001225
2602,0x58e0683071b28a050175b7a9282f418e3e0d3bf0,122.393740,0.00001224
2603,0xa4c79494df50737f5db1cc2fa7e94f79838abdb1,122.161598,0.00001222
2604,0x79237add481760650beef6a4bdbf0d5ade4eafce,121.885803,0.00001219
2605,0x0648551441a7a47f4bfae2cf8ce51d8645e98506,121.732897,0.00001217
2606,0xf8c66587f95ea0aa95776ed26157e788542ba2ea,121.582848,0.00001216
2607,0xb0b618d80d6de5cc4ac59a7fe7b11a0b6fb6acb8,121.389488,0.00001214
2608,0x5da90fdba5b2cee05f9b9b4f804fba09db34fc12,120.848496,0.00001208
2609,0x9eb43539d7d1682d6cd14512e6643e5e31c54f8c,120.837710,0.00001208
2610,0x4e965655241acab62aecb41ddab604e673726152,120.490725,0.00001205
2611,0x79fded71f93c8d2ad5cb8a7df975375c6cdb0679,120.322007,0.00001203
2612,0x89b88322de558a87ccbf05293166c6eb67bc946a,120.181362,0.00001202
2613,0xe358395f19281a5dcf58223dcbf9708abb1bcd9d,119.692564,0.00001197
2614,0x7e8e348f33c332ee6527f0f43f3b569cb0279aa5,119.554160,0.00001196
2615,0xed6a32437b604296f842be4c0274d7bbe48d5e31,119.494470,0.00001195
2616,0xb146c7d886c754c4e71f7e7c461bebe190152b6f,119.211812,0.00001192
2617,0x63c71399c545af2864840ababbccc2802b0a94c7,118.841824,0.00001188
2618,0x7b976aa7391f1e4c64bf922681450c95ca3004df,118.748449,0.00001187
2619,0x75bbb7e83c418c888d1e0f09c163b9561a3ddb4b,118.724095,0.00001187
2620,0x8638b450c1062290f97d5029d7a9b504dae5c957,118.600000,0.00001186
2621,0x4f82c3529f01703416ac15bb01781d9c7c13f473,118.514118,0.00001185
2622,0x0b8330abac52209a40a2d8be9271e7f45afcc59e,118.451054,0.00001185
2623,0xf09c952927e94c34e07b8b565ef19472f649f93c,118.444199,0.00001184
2624,0x6c386a643bbb383b2d77065407930e2cc64b928d,118.440746,0.00001184
2625,0x1404cb046c3b4a90490d80b52eb367245e316b21,118.372176,0.00001184
2626,0xcb319af378d90da8294031f93930e934d2f77ed6,118.148933,0.00001181
2627,0xa857eea5df4e4b032aadb5fb55e7a12fe7760097,118.021632,0.00001180
2628,0x159a9c94e6ccdad4e6584b5e81d71abd7df0b7b5,117.524363,0.00001175
2629,0xaa8eee0c91b9ea1357d80b0639910c37c07cbb0c,117.517836,0.00001175
2630,0x365d54bfd734c928d68275b2c6fe13ca49c76b55,117.506144,0.00001175
2631,0x4b4b93b6486b31cb1ab23b88e4d6e14ca816daf2,117.488275,0.00001175
2632,0x94a93d27e892bef233db2f3cd1c2a88ea4df2e6c,117.324745,0.00001173
2633,0xbb205aa32f4101743d35dc33e5f28aeff950163a,117.320305,0.00001173
2634,0x276202f9691f2faeeef70c2c9e77505464bac9de,117.200000,0.00001172
2635,0xf1199111208cafe75df789584a940a4ddfab4715,117.195037,0.00001172
2636,0xd60ff04fb0abd46266fe487911951fd3ba33a65f,116.671138,0.00001167
2637,0x6e54d64fe4adc02960f13652e5c00d261ae4642b,116.544158,0.00001165
2638,0xb8311abaebe70f650b1905e76e8bd3cd2e799d72,116.501518,0.00001165
2639,0x77c0393d2728dbeb0cbcf3b11ec0875eafefe40d,116.195036,0.00001162
2640,0x51ecc7f114861476ce7a2652e4459699ca48d7eb,116.118421,0.00001161
2641,0xd15449bfefa66a06af061f10aaf7aed80bd35438,116.070421,0.00001161
2642,0x0107123c8d1a5450c24fcf69d9633b382666d964,115.779426,0.00001158
2643,0xa515ebb34c88b9b36c443f16665fab42545f9ff3,115.730000,0.00001157
2644,0xee9135a1241b37335445bb9aab85f4662407a01d,115.677720,0.00001157
2645,0xdebf22e7df456b834b2a3c867ac7ec7efb2261e2,115.244829,0.00001152
2646,0x201de2bd80ff8262af5a82605e32e5e6b4b47182,115.200000,0.00001152
2647,0xb64422ce227d54ecd99b6360a5544930e291d8ef,115.170229,0.00001152
2648,0xafa9132dfca2191e3b2af443eeedc3261d265990,114.857746,0.00001149
2649,0x4c73dba701c67374c0b23756808efb1b7045e8b7,114.522283,0.00001145
2650,0x0f060c6cf1e11c5f5ded60932f9cadcaca24e49c,114.431513,0.00001144
2651,0x906d28761c0c1b57f54d0937ef78631b209e6ad2,114.395464,0.00001144
2652,0x3e5ce94776635bd96dd6ee1291528527f1fc2e98,114.190000,0.00001142
2653,0x1bb4bc5374ae6b000ab0ed7286a2e39d3b5acd13,114.153226,0.00001142
2654,0xe0c8ce111269c9b08c3911416f90fc5812486e51,114.005267,0.00001140
2655,0x89383478f5f12adfbd5dcdb6e53dd5f3e46f393d,113.945723,0.00001139
2656,0xae13c3ff30c3a6622bac721d0436cb5be49d40df,113.320000,0.00001133
2657,0xd27d90b337717fd91c4d409f712b890d4ee2fdd6,113.087455,0.00001131
2658,0xf1f57b31a953f8e481c5c8f52fe38600268dba14,113.062501,0.00001131
2659,0x05dbc5f67002d93182fac292a203e32445294748,112.963783,0.00001130
2660,0x551346f546b817e9723e3f5fb9afb03b44aa6cae,112.590084,0.00001126
2661,0x1cc4e6593776383a2c1b7de4e2a01d0312739a0b,112.400000,0.00001124
2662,0x6f16562a318079f310a956438a7043ba752efde0,112.398784,0.00001124
2663,0x7baec78ec040bdc22c8f3821e24aa61d189ea780,112.270000,0.00001123
2664,0xf97f88318b0f940ccf34096e296abb0631420eec,111.908866,0.00001119
2665,0x3e749f1c2f8a5c913d08e35e4707e0858c923052,111.750895,0.00001118
2666,0x852edd2016b41eee6bb5473653eab591afa5c1ef,111.701877,0.00001117
2667,0xcc87ffc67899dc2723ef9556e126f7c2e20e9c2a,111.557496,0.00001116
2668,0x2a0fd1b415f149bcfe6920b6236c906079f3e051,111.431474,0.00001114
2669,0x086db007f0b5c5a32fb395910bea08cde1c4b1d5,111.220026,0.00001112
2670,0x51630dc8ff49da534702fd2fee220f52960aa42d,110.665162,0.00001107
2671,0xf51be74e0a026b28e45afe226d5505278e9ed075,110.554358,0.00001106
2672,0x163605a5b6aaf699e2416dbffe661424cdb097f8,110.492217,0.00001105
2673,0x962d14e98cfdcc72ba89943f72ba24d435ec2a68,110.384854,0.00001104
2674,0x86150e377dd5e7b3b5ca724cbb3dabe2ef0acd75,110.301982,0.00001103
2675,0x17a89af66f889edd51d810a15bbb685b8f2b1c6b,110.243005,0.00001102
2676,0x1e464a91b9c809f8b4a00746e1c6a1b79345d14f,109.991373,0.00001100
2677,0x349a605d4bf6d0098818213a0b8bdcfc01679649,109.903563,0.00001099
2678,0x7430ef2434083bc0eeab5c64bd5ebb30cf5a374d,109.806978,0.00001098
2679,0xb3a50ae444dd36715ec38b811542ae4b14a8d83d,109.771167,0.00001098
2680,0x1616b057f8a89955d4a4f9fd9eb10289ac0e44a1,109.753005,0.00001098
2681,0xdbf998a4fba05e44cce22b17a4407a854a21a074,109.678590,0.00001097
2682,0xd2f006eedf09e12ad30e2b243e0c82c2d574dd63,109.600000,0.00001096
2683,0xe12cf5af9d4196175eeabbfac1ecfca1c2fd3489,109.395474,0.00001094
2684,0x955da029be53afe4f573d038e7988d5456865264,109.299723,0.00001093
2685,0xaee1db1451bbce01eb1a7968db70bbef6afdaa8b,109.267409,0.00001093
2686,0x980ba8e6635e9eceeb0e657f0ff2d5267a72f8bf,109.169472,0.00001092
2687,0x32825a581978bcda77de84c49b649f70e094b94c,109.119727,0.00001091
2688,0xd2c8d7b2ca021a1503ce817ab8334c33355ca1b4,108.930000,0.00001089
2689,0x736223ec75de89e35988b9f57a4ac7ecc5f3ce07,108.880840,0.00001089
2690,0x148648f14bf7780110bc93056abfb3f25d8dc3b4,108.800000,0.00001088
2691,0x051564b8d9184f28ba99ad0277c88974a21998ca,108.569118,0.00001086
2692,0xeb5c481e63d30da093cf7cb3a161ed78cbea7841,108.454268,0.00001085
2693,0x3fadfcde9e86a4e1f4c06722c21710b74eefa02e,108.430806,0.00001084
2694,0x9715e89e575c6ba14efbfe37d378c85385233732,107.897650,0.00001079
2695,0x5c3e1921eb9f34a9d159c0e2df48b9c54717e8cb,107.894674,0.00001079
2696,0x64db85462eb8d3b3fa39a065210a96494b5ba6a6,107.876975,0.00001079
2697,0xeca1699e1732e19e7228fa2ac22bb976148e0954,107.740619,0.00001077
2698,0x7af70c31e6a09e1d4180cd6b41c591a1c5594961,107.667648,0.00001077
2699,0x061e2b0f9ce745908b777638a3e35e51084d02b7,107.664884,0.00001077
2700,0xf7999b7170d70a4d31f01b75d4e2e7d8dea53c69,107.500000,0.00001075
2701,0x4476aefc603f725810c4a7b03fba9e7a1e9b7456,107.349360,0.00001073
2702,0xfde05daac511c4034d7dcee333b44943914fd101,107.333543,0.00001073
2703,0xc87529fdd4bdd07bf3b9d2310f15dbcd96e30f9f,107.117685,0.00001071
2704,0xfd36cb5dbe89dd68c80d187a3a0d03ae8c83ed65,107.060001,0.00001071
2705,0x954d5bcd91283e561f160be8550c76f9b9e6c154,106.560875,0.00001066
2706,0xb3f0cede3fb1570f45ab17521033e703e6f4d961,106.421558,0.00001064
2707,0x418c349cd740a4a039edc987227cb206cf4a3b2b,106.284930,0.00001063
2708,0x4df3bc34bdf6b3550254ba97d16e061ad1307c12,106.200000,0.00001062
2709,0xd19d3b43663e1fef40d5b2170da64bb03dc2aad4,106.053962,0.00001061
2710,0x861d598489bcd48b4cdd15b2c3e2aaf510cdb9d1,105.887518,0.00001059
2711,0x696a9d009c159722fa07d1195b9a7dda2e65a516,105.840635,0.00001058
2712,0xc7e1d8510968c63f41c668f23d35c709e94779ba,105.769794,0.00001058
2713,0x7de970ceeab24ecb9fc1378c6c8902c3a4faa1c8,105.582580,0.00001056
2714,0x66ff3090257055212f9dae9a3bdf5ef638db3a19,105.512521,0.00001055
2715,0x7fc701b9eded4bc04f5f72a2656822013261b7d6,105.361834,0.00001054
2716,0xe976f01895063218feb2439cb985c40f5e141d5e,105.309485,0.00001053
2717,0xc22951ca3b79d7b12a597ce8fa6fdd5bdf9bb3c8,105.302976,0.00001053
2718,0xff10c2e21dd2b1f328805c5b90c75e1c744d54e4,105.290508,0.00001053
2719,0x0b42b54f963e37770ddb002f59fb598faba0c652,105.140000,0.00001051
2720,0xaa3a9c60acc592953ebe7e409b1fc1a61f35d150,105.009743,0.00001050
2721,0x80821eeea0e6db7ac0ad1cfda8a4a572be67fdda,104.902559,0.00001049
2722,0xdcf4b3fcbd619d5ba50c6f07d9ffe4e8ef2a2a0a,104.864543,0.00001049
2723,0xb1b5923ae3b6861fb8c6a9341f44ac54f01cac6a,104.861272,0.00001049
2724,0x4c334102e1e8afa11d01fe4fd6245eedf140609e,104.801270,0.00001048
2725,0xfbb9752d1124bab2c668359ff53131735154ac76,104.665000,0.00001047
2726,0x82d29e45a1508c9379bcd624dce7af085e2a023c,104.494165,0.00001045
2727,0xb309b2f2c9a51874587f17dca72d00f06e41298f,104.415389,0.00001044
2728,0xf7bd2f9caafc3323697d43045a5adb179f653057,104.410000,0.00001044
2729,0xda3de49bd72b4f0a74f70e9c9ea516f3fcb84cf4,104.218724,0.00001042
2730,0x272db98b594d1c397568c96df1db035732b00b9d,104.159093,0.00001042
2731,0x5ee81eb3da27a06389e1be1c9bb641d220b60b58,103.935625,0.00001039
2732,0x6970a9bcfa1e241fdafbb04f5657a0ad3c5de1be,103.779163,0.00001038
2733,0xc861edbaa9b29f65e532dbb2ed86348a375a62be,103.750900,0.00001038
2734,0xcc67e6d826ac928486c04573b00d1c0e7786d6c5,103.677274,0.00001037
2735,0x0e38c18d71e72601e19f997df1eedb27950af9c7,103.510546,0.00001035
2736,0x188d469a6a546ade8c3bfa4361a1dc942168f37d,103.397456,0.00001034
2737,0x345e11792cd590d50cb4e11aebb1dd9fc33ad2fe,103.082042,0.00001031
2738,0xa6e487aa8ce59c7c0c677d0eb39f1fc0378268a4,102.765470,0.00001028
2739,0x54914a963c4197172130c26d496a367bd6609d88,102.703063,0.00001027
2740,0x0790edeaf538d9c479b0a8f10297a23085435389,102.625000,0.00001026
2741,0xe6186311100dc03d75b0d0d797f3c15e102c7da1,102.578788,0.00001026
2742,0xce9b9af6128bfd629ee63caf3346123b6fe009d6,102.456041,0.00001025
2743,0xa9f17e2440ac1899c83bb25a3842e48bbda4a3e0,102.316433,0.00001023
2744,0x5d003b1223af2baeb60c678096eb42d130d3c251,102.310567,0.00001023
2745,0x37f25b87f7605c2d1c2ca23df3e59291584f6b90,102.300000,0.00001023
2746,0x40f88d15eb8cb1e8292312c6cccd16e27b80d688,102.052182,0.00001021
2747,0xeaf954a8e910a7e44abeaea9bb397d3728570b06,101.986834,0.00001020
2748,0xc7f241be7ac4c8e6203612e5e8efffd43117053e,101.795766,0.00001018
2749,0x3b09e0787559881efde8bddb749b5ec434bfca4b,101.442963,0.00001014
2750,0x4541432f5fff634c44826ba57aea86fad4834e12,101.434691,0.00001014
2751,0xa87f146f889da21788e5bf4e458a100e76b721f8,101.420625,0.00001014
2752,0xf87cb3f9135b49da97724f3f6fb2e7d20a2ea664,101.411898,0.00001014
2753,0x11c91c4a9b045792186022f2219bb0a850cd65ef,101.387868,0.00001014
2754,0xf93b6c12153e9f44d34d27adb63d84a1d482fe7d,101.293846,0.00001013
2755,0xa2748f8b2c00a085168b12bf4a3a6387d74b7838,101.251156,0.00001013
2756,0x9b1d4e0a76b6b06105690460b6af2ea70c1119c9,101.247970,0.00001012
2757,0x638252f8b5977b5a870756955164319fc9dadf5b,101.220224,0.00001012
2758,0xaa5c492bbfd31895fe0de63df656e037198dc773,101.181141,0.00001012
2759,0x45fefb374b158ca5d3131685de2ded68267f497e,101.010000,0.00001010
2760,0x359df80d971127424206e8c937a0a849e925541d,101.000000,0.00001010
2761,0x54699d2cdbd7dfed11f3f020e3c8ab2313ec1080,100.969313,0.00001010
2762,0xc8016bf0d424b157900898ef577cebbae5aad7ef,100.967430,0.00001010
2763,0xb97e1a86a0c2d2f6aeecbfe61487b7f29bd13f44,100.896477,0.00001009
2764,0x4950dccf19af5522eab5b20971da56aa22676b77,100.851021,0.00001009
2765,0x256796f4dde3bfabc453a92408f36542636c6f5a,100.846176,0.00001008
2766,0x4791af59f71981cefdfb04f6c439efcd7831be41,100.790959,0.00001008
2767,0xc50463e3b2f70c3ff28dc0cb33d00864a059780b,100.721820,0.00001007
2768,0xc23540ba6539ee7b496999a3d17200d0652de08b,100.699196,0.00001007
2769,0x874d2266ce9c78280c2efa22f48a07a3410ac0ed,100.694200,0.00001007
2770,0x5cf470b738c401d60a5285b65f2ac9f8c163b4c5,100.680221,0.00001007
2771,0xb836475e821c2695468e847d2a5b297bd8bfd2b8,100.628559,0.00001006
2772,0x24518d94b6bab7df48b0fdb150fccdc41328a0cc,100.608432,0.00001006
2773,0xfa842aadd7bf4d3c1bf80e092efccf21bdec2f33,100.600000,0.00001006
2774,0x798541a51d6367901131ce800e29fb54d277dd1e,100.578679,0.00001006
2775,0xc5370bafe155b4e824cdb5170059ed37db65edb9,100.557662,0.00001006
2776,0xb0feee5ac4a123dae8e381ad75d75924508fbf3f,100.326289,0.00001003
2777,0xd800e170798a66efff4ab841c1d3e8307c7180ec,100.307600,0.00001003
2778,0xd417c46f5bd41edc6f80378988f8ce4576def8e1,100.302291,0.00001003
2779,0xef7a98f2515ab27be8a6e8fed16728da9f5cd736,100.288442,0.00001003
2780,0x0f5af0a4a1dc63416190b28208abc8e2f9101815,100.248209,0.00001002
2781,0x394057f319ca5b602e4d012b8e68167436727abd,100.235844,0.00001002
2782,0x1db6ad3344f1ae0a495b28b031b80cddd99f2fd0,100.231817,0.00001002
2783,0xe7cbcd86ca862c8c885e0b924513bdd57d922a60,100.173135,0.00001002
2784,0xf68ad92ca0bc6481ad2c5d9baa48e30a25b95b5a,100.169095,0.00001002
2785,0xcd11371a5ea1e248addb5cd7b27b21d90bb9da95,100.091803,0.00001001
2786,0xf5fe364d18f4a5a53badce9a046ba74cfc97f6fb,100.090318,0.00001001
2787,0x80705ed7d29831470f0d68995cab3d378c967888,100.038861,0.00001000
2788,0x916c5a7e958924e850e3c434ddcf65d1d660339d,100.011306,0.00001000
2789,0x579a13540d8f09c0218a38c2dcb79dea87c53159,100.006726,0.00001000
2790,0x29a43038155641fb10969d7b98f167cc3b8b6182,100.000025,0.00001000
2791,0x187b6669806ac5e6fa6fe551bc78ce59c549b706,100.000010,0.00001000
2792,0x1c4a95c3807f0977d9b8c65da12fd26833e1c6d4,100.000000,0.00001000
2801,0x10d8db6be4de3b63fb04a18ac6a8bff6437d5bba,100.000000,0.00001000
2802,0x69bdfd14e1c2af22af9cdec948bc2ccffc57b2c6,100.000000,0.00001000
2803,0x71e000bda3d30a585135ef5eeb0b59bc36194fe2,100.000000,0.00001000
2804,0x75186d8f2d4540ea671883a94778975dbfa69469,100.000000,0.00001000
2805,0x2646381b8ff9a2a4cf2d1262d627333e25909f60,100.000000,0.00001000
2806,0x5d337cc2c3320745c8fe7804fd75e059124980a3,100.000000,0.00001000
2807,0x5859a5be500837cdcf945503d77676380131844f,100.000000,0.00001000
2793,0xc0e4af3a92b845de365554cfa7aad97fe239bb17,100.000000,0.00001000
2794,0x95b36ed4a6236c347028f180de18c0d42bcca139,100.000000,0.00001000
2795,0x8bf3bb27c323b98542887341974da734ab68f8ac,100.000000,0.00001000
2796,0x6b74130faa25a6aa88ee54c157c68c8a82f9d9f1,100.000000,0.00001000
2797,0xa92c6c074508faf18b27b62cf864146c783bd1bc,100.000000,0.00001000
2798,0x315df95ff22ad7209da5329485c286dfb32a40c1,100.000000,0.00001000
2799,0x4fb96507291290ae8aacfadb24c5efe0b259c92f,100.000000,0.00001000
2800,0x7c443629d71b9ef4ceeac8485bf91dc07c9e20ea,100.000000,0.00001000
2808,0x5e46331d38fd4e3bc83cffe16af3781a678e13fa,99.997924,0.00001000
2809,0x0228bc70f35ad555723d684b6bafe2fb01a6f4e4,99.991754,0.00001000
2810,0x474e1eb86b2924d866e4797bf6eb0c690eaaa30e,99.976000,0.00001000
2811,0x52ce0107e80dcfa6764e712ebcd9fed2c6abf3d1,99.815951,0.00000998
2812,0xb0e5d168cbe7f79312599147cf7638230b988c4f,99.808245,0.00000998
2813,0xc4b2aeee1ea272ae7a1e1ab65aa3fdd9956fe47a,99.782169,0.00000998
2814,0xddc6b6ec102afabf08683060650f47ef16a464b6,99.713722,0.00000997
2815,0xe76acabf917419abab047c6ce38d3c5b3c6f1dc8,99.476066,0.00000995
2816,0x49709adc30fd7c4d10a26fece1791eb44ca6daa8,99.474425,0.00000995
2817,0x63a1f3408cf466efa92034e2478db5a69a380895,99.387895,0.00000994
2818,0x17919122f670bbcb855ebda3af2bca58e384fa83,99.311236,0.00000993
2819,0x030fb3935ae0a7dc8c991782a043985441552e2d,99.293211,0.00000993
2820,0x4daabad2b6629b380e5176307755554d52e4e01b,99.206188,0.00000992
2821,0x3ea6bdf02f137d102ca2f152268566c23ce1faf5,98.971761,0.00000990
2822,0xee87554ec7a635600ee43c4f97e8f4391f442a85,98.950000,0.00000990
2823,0x960414a92b90827d4901414fba85584cdd69b532,98.849550,0.00000988
2824,0xc8db55f116bcb0a9edbc3098239bb53718c409e7,98.772418,0.00000988
2825,0x529d544245acb1d4625a11dccbc0584ac56ac030,98.704040,0.00000987
2826,0x98ea54b2814f6c32db78bb80d1f3055e669e7920,98.532850,0.00000985
2827,0x472539ca93b7daecac27f09a8c8d18c7c607bf3e,98.493931,0.00000985
2828,0xc46cb5e5258ca74df2981188d7c7616fe57f1ff9,98.314834,0.00000983
2829,0x4a5415ed82dbae162420bd46fe20327f25fc7dc0,98.296585,0.00000983
2830,0x7ab9d12050c782b977b5096bc102091f22fc78c6,98.186259,0.00000982
2831,0x505685824f50ccc19468be9da768ea533c3bcd69,98.169652,0.00000982
2832,0x2572223f5df9b5889e99554152e91e32c8e8a03b,98.000079,0.00000980
2833,0x920bcb04dd12a126f2dbcba8b1a0edc2ea7537b7,98.000000,0.00000980
2834,0xa742aec7f409a0fbd27ede31f83a58d678c3d95b,97.800000,0.00000978
2835,0x0d74d273a4d2971e7cb8e7acb25ccfe149e37465,97.237867,0.00000972
2836,0x27f6d317535be74a750ef03f3cd2287ecc77aa9a,97.130000,0.00000971
2837,0xa83e598f8d2d08a1b45627a2a00ed0a2c6e41532,97.066922,0.00000971
2838,0xd229a835224f6e46fc38efe8738c760a4eb55d8c,96.935013,0.00000969
2839,0x40f9dfe2cdd722215421b26a3eb38340b1e223bb,96.610562,0.00000966
2840,0x80d8e5dc25c4accb8d7f67c645da5c07b016fd6d,96.542549,0.00000965
2841,0x995ff18619644d36a419b2d06c5823e9a8fc3754,96.424955,0.00000964
2842,0xc1249cd12be9fff2be07d8a488c30ece44c9ec14,96.363253,0.00000964
2843,0x73ca62c5fd51eb373551c90a462eebb8eb2c60be,96.092719,0.00000961
2844,0xa73e2f6980181af90a1afd22a555ddf08767e35b,95.761020,0.00000958
2845,0x9dff6e3ac403746b8b019d623564ab64b974bee9,95.729879,0.00000957
2846,0xd76b1d5d928d5e0c99fd3a7728d812fee9b97b28,95.600000,0.00000956
2847,0x2284aed2ffa15318536489250240b4cbf4d4237d,94.865353,0.00000949
2848,0xb882f43f7050f105cfc1db31dc0da094fec291e6,94.856416,0.00000949
2849,0xbb96b56e0ab847737cb2a46aade93f6742087cf8,94.628294,0.00000946
2850,0xac1301524e6fa21cc75f75a579d545d250218b95,94.230000,0.00000942
2851,0x67b0d121d4e21c9ba4a751ecdae6fc014c89eb6a,94.189960,0.00000942
2852,0xe819a3a98ad23a3414dc34284aed4d9631bfde5b,94.149717,0.00000941
2853,0x42d17b7f3532ec2f7c4e4e5e239baa476846e2cd,93.978002,0.00000940
2854,0x159529d5c6a5d7746dcbfb53701ea7b71f7485ed,93.817163,0.00000938
2855,0x84ca6de605a5bedc70f9c108471599162ac2f6ca,93.541423,0.00000935
2856,0xab674c38aecb88c7f3726f49c8fc96e9aacd625b,93.509712,0.00000935
2857,0xb52d97f5d3160c526130ba0897875b99e83305f3,93.225853,0.00000932
2858,0x0d69c79482d912895aa66ba33d8a5e20927ed83e,92.911662,0.00000929
2859,0x4070e40fc3e382437ab7bac2249205d276bdd15a,92.774334,0.00000928
2860,0xe3906c215d9f37cc438aac2c77542817eddd51f8,92.627964,0.00000926
2861,0x83838b3f49589b6455d5b7edef7dd09c83cbda89,92.513008,0.00000925
2862,0x7d5a88aa5f587caed1f11fa35898b15d52823e83,92.395124,0.00000924
2863,0x95dcc4748928405388a68c9d6557d9ce83af823b,91.588025,0.00000916
2864,0xd6ecb234c6e81af4621fd2a4451506406c9548a0,91.425364,0.00000914
2865,0x415f02bb37e2a5c8ade100f64de3aba5ed08a7a4,91.268232,0.00000913
2866,0x63aa9b93fa3417ae3fdd2e5ddc11d032f184d60f,91.140112,0.00000911
2867,0x3c1be890af6fd18a5199a3d4a64609deaeb63cc5,90.904689,0.00000909
2868,0x72fdab9beabb63de6234a83ac48b991bd0c298cf,90.762238,0.00000908
2869,0xf8575b25877e36246242b345fad8d3ea725353c3,90.525050,0.00000905
2870,0x792d7cca1453cb02dbf14a908e13db9cc6beadae,90.400000,0.00000904
2871,0x989f28ef46e0fcb25248bf73f1efb93874cd5cbd,90.168028,0.00000902
2872,0xcf23a88d338463aee3c1cf4f34e571491f2369a7,90.150560,0.00000902
2873,0xda77f9cd63c712f4ce22c252ca1c980e51b92f0e,90.000000,0.00000900
2874,0xd73cc33e1c36abee366ffa5d1e92a252c9c857d4,89.579075,0.00000896
2875,0x1d7457f002d1ec5b41b3ddebe7dd47bcc8bf5f61,89.577512,0.00000896
2876,0xe08542aeea1c5d62f2d57b8cf96be871b59d5959,89.453598,0.00000895
2877,0x8fca4ade3a517133ff23ca55cdaea29c78c990b8,89.120093,0.00000891
2878,0xae91f49a25c70ef3d4bedc8a8e9ada8514e1b57c,88.977857,0.00000890
2879,0x545c4ae2735c005489da4f8d03d9040c3360ede5,88.957183,0.00000890
2880,0x5f5cc7689b85affcc7d0a4f59b721ee1fd16c2ac,88.705551,0.00000887
2881,0xe2c8c5e21959d06dffdff8dec918ad3957ec7109,88.686457,0.00000887
2882,0x4f6b335de0b08c117b9e1397bb9d2471b3435725,88.654048,0.00000887
2883,0x89c516611032edb8f915ffb8f107aa1602410a7e,88.531325,0.00000885
2884,0x9653e85f0f01b72a311828104e3594b7e9262fb5,88.324447,0.00000883
2885,0x3a301f61d13fa0bf0f63b35dd55df09edb76a915,87.895555,0.00000879
2886,0xfe20142be7dac5c08e109923d342a943eff05871,87.797505,0.00000878
2887,0x9575ce8cec2c3d9e910a2fdbcb4bcc9b6019fc50,87.564524,0.00000876
2888,0xaa184b784d2b33f089816c4decaa1428f072110e,87.430814,0.00000874
2889,0xfe8078b40f4073eddcc7f3b728019a5b63740690,87.407412,0.00000874
2890,0x3e3a39695a3f45b146fb955c8ed276e543fe5e04,87.372458,0.00000874
2891,0x61cc07878e463b55c363800d818b973409dcd816,87.217999,0.00000872
2892,0x5f48ad83e81b080530c1cd6b7f1b9fb8b6cbaded,87.090121,0.00000871
2893,0x3ef67ff98bb9a8f8e3be49c0be1d8e8c239e5daf,86.912413,0.00000869
2894,0x6996d96bc583682846dead948ca7095960e0c5c0,86.790783,0.00000868
2895,0x3a520156156cb380c775bcd6b31a7b87c119f213,86.457856,0.00000865
2896,0xc0c519e966d735923f42fa2588bf95673865a485,86.298606,0.00000863
2897,0x498a03397c26e71bfa50846996cf6bf0b794d377,86.000000,0.00000860
2898,0x48e7ccc584a7e452d2b000e1d97521aa06a5ba48,85.856182,0.00000859
2899,0xaefe7137efe464e3c9be304ef9610523fb22ae20,85.674594,0.00000857
2900,0xa35ee02e1e80672d5d89546901b36b6f493cc342,85.640000,0.00000856
2901,0x4dec95ff68eed366bcf177761fda034908510cb3,85.623642,0.00000856
2902,0xfa6363fedbffa5755e1fb582f517bf982e68797c,85.547045,0.00000855
2903,0x7a045f571b59e24e5a1ec2ccf39d0cf9f0b058cc,85.506295,0.00000855
2904,0x4ffc9f7c63325ab1b2e5e5d01521d8357973d596,85.474277,0.00000855
2905,0xe67b47fa5ec3e8ff0b4847d60f09c4dc655fb153,85.346480,0.00000853
2906,0x2c07a2ac29541b9124da12836729d6305494d6f0,85.050000,0.00000850
2907,0x4322fb9ff6dee29091c6305876e679d6028619af,84.920178,0.00000849
2908,0x338bdf53f021e305d4692465b21b4e8f29bb32de,84.859538,0.00000849
2909,0x5471a94a7caf2bf5de080b397d46e4f795cebb6d,84.600000,0.00000846
2910,0x4eb089945b0580388b6b91bee9f6b89bc883d87a,84.572671,0.00000846
2911,0xa50488e81d589ed7c01b30061c9eb8b2e390568e,84.495002,0.00000845
2912,0x049f6b74bdc4a3bad299c339692f8440163de409,84.375000,0.00000844
2913,0x7b4b4f205dea4cbeff70ca195d4a897473cc847a,84.348947,0.00000843
2914,0x8885727afa3c71c64a962e3eb9f612db7dcf8f7d,83.888140,0.00000839
2915,0x68cad4756debf75309ecbc3c55d27055a8032afb,83.800000,0.00000838
2916,0x2b6b5ecc0785671542c870b12fce18e2b4a0046c,83.749003,0.00000837
2917,0x10603cfeb82f6130aa01ad7247d47c290218ea14,83.534900,0.00000835
2918,0xf00e7f1edb119fbf55a01b599510bae454550746,83.529480,0.00000835
2919,0x994cc164ddb6d6fdbda640d7998a593e78b0001f,83.348358,0.00000833
2920,0x095972d658382694c9a8f99d129c796ae5ea61f8,83.100000,0.00000831
2921,0xd5927b0881c0f11052c8c481c0cbad04cd83cfb1,82.975155,0.00000830
2922,0x1e7124155444124faeb74fe1b5287be3f8f0ae9c,82.928829,0.00000829
2923,0xb5288a9a3aae289ccea6ca64d9debac54591c367,82.785187,0.00000828
2924,0x066a3518b89637931d967ddec170801cddddc404,82.600000,0.00000826
2925,0x13fdbb84011a59fe857ef8933f0ef215bc4e45a0,82.547415,0.00000825
2926,0x2cbb315306a2bf04e4338812e8db7d0d9c37a68b,82.497982,0.00000825
2927,0xf8a91f84b2b7b4c3035bf2299ba21a593edfe79d,82.400000,0.00000824
2928,0x45668cc5c16e68c2d7fc094033a07f4440765ad0,82.000000,0.00000820
2929,0xfc4790731219aa81b3a354accf9ac205959498aa,81.813040,0.00000818
2930,0xc8eb1c9437ffe75c680d74bf6ee675cb789bbe3f,81.618274,0.00000816
2931,0x1735737ee02ba7b75674aedee15e94f89643e2c7,81.600000,0.00000816
2932,0xf4f105aa94f3367e051fafa0f1db6de3249bb6d0,81.521672,0.00000815
2933,0xf380f8d053f3344c865f856180a5fcbde25a5008,81.371377,0.00000814
2934,0x1eac753b50614462f14779c116bc19a29de65092,81.310971,0.00000813
2935,0xcae11f36afb6ef51d68917f865362623ff1231c8,81.258383,0.00000813
2936,0x891e96135dae104369289d6e4b6a9ec25f6cf6ca,81.175400,0.00000812
2937,0x488e58b8aa465377d05b2047066f7d046ab8bbf7,81.082029,0.00000811
2938,0x489bf60d5e0b49893b5f9126eba826aa4ba89c17,81.042060,0.00000810
2939,0xfd83e8de4c32dd28818f5f776227a9554f1c87e5,80.875214,0.00000809
2940,0x80e8caeab39cf7b3ffefd31e83592f85f0e04f0b,80.843604,0.00000808
2941,0x5c64a798a7d54c8ddeead439c6d2ac64ea0aa351,80.840000,0.00000808
2942,0xb51745ef6f44180b93c392fee0542b0f52afc6da,80.709636,0.00000807
2943,0xcefe61e64eeb96f0bc55479e2e0b92ebd821a370,80.680400,0.00000807
2944,0xcac13f07ea29d8e0bd73ea2f946ee7f2b7373e59,80.583695,0.00000806
2945,0xcd3247cd882ee9f815e447487ba82d7861bf91be,80.137953,0.00000801
2946,0xb260b8456715273912473488a4cbcd4077bd5ecb,80.092938,0.00000801
2947,0xc4c7599747dce25644bad1f28fb11cc810110091,80.000000,0.00000800
2948,0xcd9e5df2ae35fb02e96cc444105eabc97b6027bd,79.980760,0.00000800
2949,0x03b22ceb1db943e56afb48898da5a1b29f1adeab,79.960797,0.00000800
2950,0xf02dea93d2beab2116b224d4e0d5cd141d8ec1a2,79.683677,0.00000797
2951,0x581a4bc71af0299393916b7aaa8e9073f7b53dfd,79.456013,0.00000795
2952,0x06345fc4e5df18132503d534a08d1a154b117ae7,79.407650,0.00000794
2953,0x4a660904575248673b4a49e77cf339e3038c5aa8,78.841550,0.00000788
2954,0xe449b049396920698ce7e3cce567ca7b54c55caf,78.758757,0.00000788
2955,0xde128965b6fd68b416a1a521a14f8136db283a12,78.686936,0.00000787
2956,0x552af7b55ed01ffe81ed58d264977bddaf0d30e6,78.283129,0.00000783
2957,0xcf739b005e1ec76ed3fa800fe73747ef79ca990a,78.238747,0.00000782
2958,0x65de5a5ec796a0137b6a54182079cce584c373f9,77.930091,0.00000779
2959,0x2d13af95d06bb579a0bc8b5ffa57de0e94150b88,77.838544,0.00000778
2960,0x6d03cf6b6da71bf91426f47f5f6409be687a94e2,77.817454,0.00000778
2961,0x2cbca43c647c41a24fe5e948648e95f3fb47b1f5,77.700000,0.00000777
2962,0x5340bdfbea201b9c1697395ff1e1d922d2e3866c,77.601980,0.00000776
2963,0x4f7a7d29d4efe93b9ee8caca2b4869a4a875f5eb,77.591484,0.00000776
2964,0x8bd10a9ba0acdcbf72207660a14b4481ee628e5e,77.479777,0.00000775
2965,0x655085525c91eb46e8748dd74695318bcfb4a052,77.245284,0.00000772
2966,0x135df8445ffb50a6c3d1c416e88b0f48f04627ef,77.000000,0.00000770
2967,0xf995ae4200f9997f530835b750d1946d6fdc9104,76.888845,0.00000769
2968,0x0e1ccf2e79a06cc540cac754bb52172269c4690a,76.871034,0.00000769
2969,0xdb414ccc6a743e3a92146ef36bac8cf8e0e156b4,76.700000,0.00000767
2970,0x70dd69cdbc5a409772083a34ef07e25f2ecc7bcb,76.542805,0.00000765
2971,0xf8c16ccd432f573ab135c92e644281327979dee4,76.468753,0.00000765
2972,0xf36ce609fbfc5a1958317afa954c2e7c6d50b680,76.396738,0.00000764
2973,0xcd6b980029e6e6e0733ac8ec3e02be9410d09799,76.199409,0.00000762
2974,0x74c50f940726f1f41e4909090b8a73438d6c018a,76.082574,0.00000761
2975,0xc135558762faa2e4d5c42cf4911c4b380fb54225,76.000000,0.00000760
2976,0x451a06fade8235f84f0e4a8e73d8e5d062be8ea2,75.967562,0.00000760
2977,0x22ffe70eae70d3bf23478c64e8e882bb8229e295,75.945881,0.00000759
2978,0x17ff219c82a13e650cbd2296c61be3f83b668702,75.883870,0.00000759
2979,0x34a370d288734d23bc48a926cad90a6615abe4e3,75.784269,0.00000758
2980,0xb505966f5d5028fbb14698fdc78a5021a275456d,75.618777,0.00000756
2981,0x538c9dfbb9722be174b23f5b78fe7c66bbb5bc28,75.400000,0.00000754
2982,0x58f4da68919575d4c11b3fcfec7678342bafe710,75.397269,0.00000754
2983,0x0e3dd6d98e92e59b2518a6a7acc83c4805958ebf,75.388426,0.00000754
2984,0x2fba448d180428e3e89c9a3f007f121115c6f225,75.372903,0.00000754
2985,0xe272397502a338c8117013dc564374cd5d2d686a,75.242662,0.00000752
2986,0x58d0808ca0d023b7d9f62c6e8f95b7c511064245,75.191300,0.00000752
2987,0xf7b04982840d90a7634f41851815f0153a494a4f,75.017050,0.00000750
2988,0xa3b31491f3d95cb1da668789b202e32f6d6f3de3,74.906506,0.00000749
2989,0x134259a7282146dd2982fd9c796f9065df31976f,74.769136,0.00000748
2990,0xe7a041e747b102ec802eab835a76c873b1ee391d,74.500000,0.00000745
2991,0xc6b7f77f5f84e4613ab448c595834ed1be096d1e,74.500000,0.00000745
2992,0xc3562137b6b5502daa1e8557fb0efe9d5fc20e3b,74.410492,0.00000744
2993,0xe56652587ecdfefa1d53ec24100c1de69e3aa461,74.344962,0.00000743
2994,0x496b5116ba2e91809df83fc7c34beb1fd8455d46,74.264131,0.00000743
2995,0x291f4f89d4c0fceb444fb12e92d3f0950ed4c7ca,74.232179,0.00000742
2996,0x7e21c80285bec8d49e2fd62e8b5137a6df2e05c5,74.188974,0.00000742
2997,0xb63f9a8713ef6943efcf1bb8b0de05ca1c629092,73.820000,0.00000738
2998,0xaf83ff5f4d1e86c484799b3cdebe02607d12e115,73.800000,0.00000738
2999,0x7c876bdaa5c038e19f633714f622f6def949b102,73.765774,0.00000738
3000,0xecb192b421af3386982da98f4679141db154dd2f,73.575805,0.00000736
3001,0xecb33abf7dcc08374669cb217289bab34b567148,73.423875,0.00000734
3002,0x8e66959bf105c0523ae4ea8df27eb9df66f72a68,73.382356,0.00000734
3003,0x986eeacb62de38475d1692570bbb069a0f67558d,73.230781,0.00000732
3004,0x59c29fc5b268ef7f255f07795007a7c7ca31f12c,73.210000,0.00000732
3005,0x6549ca5fa71ee685e643d37ead39676139fed81d,73.140932,0.00000731
3006,0x776dc62e122364069b21925e1d850363f221a1b7,73.047003,0.00000730
3007,0xf0ab6aee777b312541a8dbd4c621f3c86189f0d2,72.977479,0.00000730
3008,0x1937c5b5e3357692c3b6cbd544dedc9882f68e21,72.672732,0.00000727
3009,0xef4c253eda73fe78e66cb8f87a701ff53632549b,72.573487,0.00000726
3010,0xbc8905073a40b31162d2d2e3fc9ef34dd9dc7381,72.472075,0.00000725
3011,0x4b580708d596ab78b47506a294dc0ff94dd23ee9,72.238310,0.00000722
3012,0x4aca73b6b978dccb6bee81e2fec903bd2fcfade8,72.142841,0.00000721
3013,0xf6f26f47d34bcdaeda9b2aaa2e63ae829aff144b,71.974877,0.00000720
3014,0xd6af8c76dbbfe81004d3c3e5303854a5f73f3fd2,71.897493,0.00000719
3015,0x098d9a770f3bd88bef60e72c833ab8db240d5928,71.684863,0.00000717
3016,0xb78316ee8d084c9ce47879958e2b23db885c3983,71.579386,0.00000716
3017,0xf84617d0127d270ed42b97fbebaea9aec85e3fb2,71.460200,0.00000715
3018,0x165c7e3555aa5672d1fdf1c510a47c79d0bff447,71.180314,0.00000712
3019,0x495a312b0169e9e5ab51b61fa4b63978c211192b,71.117253,0.00000711
3020,0x32ceccff874ba3a538257d2739fef3686ac84c74,70.910000,0.00000709
3021,0xc6c40c3750bd6530cb19637e010c0ecc858c06e2,70.860099,0.00000709
3022,0x834b41840a5278c810af9281548411780c8c590f,70.616241,0.00000706
3023,0xfb7ac81cfd2c2793cb7c3d9bdc3928f99ec6dce0,70.607840,0.00000706
3024,0x30651da6a8afb1b946a6e394f06bcd2f53dd6cef,70.569108,0.00000706
3025,0xaf8feb5f3fc48ea47c9a14b0a21b1e244557d64d,70.409557,0.00000704
3026,0x8e77442ebec80307aeedaf5cc4eaab14a7cd422d,70.290000,0.00000703
3027,0x471f169f25cd56da84c69dd9d81db9083592f63d,70.238540,0.00000702
3028,0xbf51bb5fe0abb3f3ff5f0dc78f29321dbe126af3,70.202596,0.00000702
3029,0x043aa2fecfdf75ebe0a1389cb0e2886c5236e653,70.052073,0.00000701
3030,0x33c30407c9c194ea9f9aed642ff5737cced725d6,70.021774,0.00000700
3031,0xec33f6bff72f7328f7532d5b70f76047ea3fdaba,70.016109,0.00000700
3032,0x0ec57232d8322005892780e94b0435f1df9e5d0a,70.001389,0.00000700
3033,0x7fa51be46a42a9b9b2295851afac7a5ff5d07639,69.942404,0.00000699
3034,0x0daede5952cf38bbf8b7718b49e67607e8267b54,69.903610,0.00000699
3035,0x4553b2e74dc907dd2e67d315a853ac3caa7508f9,69.882379,0.00000699
3036,0xc4e5c71afef9d04042d2bb62b3349da63bc07ec4,69.597967,0.00000696
3037,0x1ba6d980c0eb8ce8b9c3dc1cf40d7bd002c20747,69.525365,0.00000695
3038,0x9282b0f4d579fe4f3eaa5e549f2cd6fcad329576,69.500000,0.00000695
3039,0x667d686214cd00120b7aa40c661a60b8b79a4341,69.456792,0.00000695
3040,0x11179bc67057d964d0ae916f2231b654ad31484a,69.400000,0.00000694
3041,0x4ceb4466c29baa45c4889d480f77c86a08357bc4,69.154624,0.00000692
3042,0x6979f2d41b0fa49dc79d1d70c1cb88a47409e01a,69.145844,0.00000691
3043,0x386f30300caa5fdc58de70c4a5e78b66828d9d4c,69.054100,0.00000691
3044,0x11d8e3a95dcb2b4ac930138b9509da713c0984c6,68.962867,0.00000690
3045,0xb24dd969248fa2b28ad738b613bf415b9a6a1919,68.691990,0.00000687
3046,0xbef8bc41845f2aa3bd189bfb7647922e6ef222ae,68.664779,0.00000687
3047,0xc9db1379ea31396c24007b364df7ad1bfc311dbb,68.371078,0.00000684
3048,0xd0d9857b7cec6a5f42dfa3f4622705863aa1d550,68.337202,0.00000683
3049,0xa6e69853516fd18d30df051ca68b37290bd43fcb,68.328663,0.00000683
3050,0x3b4dec75325323778da7916ac9b5a0dba72fd914,68.246891,0.00000682
3051,0x91ebfdc6982c62d932b44ebaad667b6b87a176a6,68.228534,0.00000682
3052,0xb8e0e7a7903b0dd438cf35d4c26b024ec2b17c05,68.138228,0.00000681
3053,0x7e8e6401446b9f73689646742d47346365e83b0f,67.830470,0.00000678
3054,0xa679bf3614d171fd876e4f0ed6d965141c608cb5,67.574103,0.00000676
3055,0x22b9d83db93f729c85067c096769962006d0ff1f,67.500001,0.00000675
3056,0x80b6c33662c4c71b16131140150f29339583b96b,67.355436,0.00000674
3057,0x31e3c3c1e8f365e2c22b4da853f4026e08ac1a47,67.257415,0.00000673
3058,0xca41dd195cc3feeb7a511a8357292e66fc08fb81,67.250375,0.00000673
3059,0x522d80f0528553ae17cefdc27af89450140bd7d7,67.113692,0.00000671
3060,0xb83c10e1a1a713f60ce847528d44f66acc767f05,67.000000,0.00000670
3061,0xd9260afaf27aff6be4805fe64e4bfc866e437f78,66.926397,0.00000669
3062,0x0928123a9ef6cf9146726eeee80b7d4d48fc1b2b,66.668101,0.00000667
3063,0x8727824b88b28d8e73c3abfb16ca9ff7ca074a56,66.406083,0.00000664
3064,0xffa7123b01c9ffb7814727417872cecf88dd4b34,66.404070,0.00000664
3065,0x60c9760ac5e9bc1735e350d58afa33b50b914fc2,66.400000,0.00000664
3066,0xca6a0605b56a9dd96f22381090690d5b3c2ec52a,66.389279,0.00000664
3067,0x87f0268a42d8e3a071ac262fd7554d7682007358,65.924124,0.00000659
3068,0xa058f9d15551edab64fff26203e53b5b40c0f55c,65.781897,0.00000658
3069,0xef6f904cfde8f3b31089f52278cdc36ff73456de,65.746353,0.00000657
3070,0x04832e5b822b3a196db2a3cd89333d6eda322dc0,65.740070,0.00000657
3071,0x91fd582db1e5e0cad570c9b20a67adbbb41b6479,65.681045,0.00000657
3072,0x97dd8fbdf511572097ad4806dfb7882324a0a90c,65.674151,0.00000657
3073,0xce0513f4cd1f35f68706e0505df4ed7d0ff2a201,65.660132,0.00000657
3074,0xca1408748ea2fa218814c1a2c05e13f37b41cf4f,65.425215,0.00000654
3075,0x9b171ab2b765348122f5f93fedc72181becd09c4,65.200000,0.00000652
3076,0x974e438683dfba97909e2567ef9d32f26b1f3c6a,65.077683,0.00000651
3077,0xf7eb04253e607db4d8ab8742556144dfcb68e00f,65.000000,0.00000650
3078,0xb8888f8cc150e741911b1a45c593075d466d7137,64.900000,0.00000649
3079,0x841587e0c6b23b95a6b51ff59bae35a82f5ff15c,64.806121,0.00000648
3080,0x8a4bba14ff71182493f24a079751046d74121201,64.716492,0.00000647
3081,0x54609a4284ed0156dcc4e7255b7b64f87810e74c,64.680070,0.00000647
3082,0x0e4ef3554d2934db0dee8b757b78616277a6cfbf,64.467642,0.00000645
3083,0x9ea5a5c683acba78f814446a4f7a224478001328,64.326917,0.00000643
3084,0xfbd59767c91a5b937e1f252c9a30099906d2fe45,64.296136,0.00000643
3085,0xcc48c480324a6c2004d8fabf8d75d75736d68f82,64.220000,0.00000642
3086,0x183338a728f12893935ff6fb9a3af3e7e212aa9e,64.064967,0.00000641
3087,0xe52f1511dd29e73d32ba2e499e0aac27e5bf82d5,64.000000,0.00000640
3088,0x2f7828f6d4f2492e54266ab9399ddf3d0abefbaf,64.000000,0.00000640
3089,0xc0c5035ce13378ae000167d60cd56e46ec95ae3f,63.888510,0.00000639
3090,0x6de72804c32fbc47ba4207938fc4a4b6d39486e7,63.667804,0.00000637
3091,0xd8b18259a6c508fc9ef2349814f29d400e66941a,63.620542,0.00000636
3092,0x65ed2805aedc692d0e4081354fafa48282d9e1fc,63.600000,0.00000636
3093,0x38dc04ec68ab54092d2a5ba01fcdd288f8a83107,63.503156,0.00000635
3094,0xc9e52d6de2ce645403854342f8fd7f17cda56405,63.494940,0.00000635
3095,0x3decc7cb4c200a335705df4a5f794e4c65dc5fde,63.372627,0.00000634
3096,0xd1481bf7ea580f69e1739175e1b834df88a3286b,63.235581,0.00000632
3097,0x97bd05c891dcf950f31891b5bf9973b8eb7deb50,63.210000,0.00000632
3098,0x105a3b06212cfb14017d85bcba0deba99cb7ddab,63.199644,0.00000632
3099,0x2afff76c664c784471c070db0601ad0fa41b5086,63.112014,0.00000631
3100,0x7edf4787a3ff6382df51234e3dde1925515f9bd6,63.097595,0.00000631
3101,0x07bb9f7e192229df6868cafc1f2db682b49f7c5e,63.003048,0.00000630
3102,0xc6b3114af40a4b3e2212d7bd86a0501bfae965b5,62.972376,0.00000630
3103,0x5ff90665b59abd083ab34323aec7ee4685a96f23,62.867583,0.00000629
3104,0x63fba013e45603bd25afa44b1b259033b6ee5fce,62.856527,0.00000629
3105,0x9632e849b3d1641eb048808bcd2d72dc40922b5e,62.821361,0.00000628
3106,0x3da348acfa63dd76faa07d73f873a06eb2792110,62.687714,0.00000627
3107,0xf4b9add3febf6e2a397bb3d8e9103c91879431de,62.673958,0.00000627
3108,0xd0e98b27712df933a1c613407f1a352ba4ab5721,62.611453,0.00000626
3109,0x3929a54c88a31d7b35b8e641e99baa01f1637157,62.420862,0.00000624
3110,0xc2edf07f6823506a386e82aa595a2b5ebb9bdce6,62.394704,0.00000624
3111,0x7d62cf13b535b1e966b7e3633034d17fb85edb1c,62.236367,0.00000622
3112,0xbf062a0f669954612099fb16868bb91e704a8db9,62.200000,0.00000622
3113,0xbdc2031c38f74fd50071dcead4bf06e876655bf7,62.015504,0.00000620
3114,0xb9cd55edad20c4969ea206ae15fdb15b19227d89,61.918309,0.00000619
3115,0x2fd754354fdebad1e304b52b0e7e5063c812276b,61.880446,0.00000619
3116,0xb01c212e1b423b81d781db764a198580c73ccced,61.580000,0.00000616
3117,0xf4a4c60f3eaa3d395241dfbff45858f43be1147d,61.541632,0.00000615
3118,0x4578d804d1040e14575af11bccc067b00a546e7c,61.461438,0.00000615
3119,0xa453a9097b918aeb901c941bf2a30bbab4890341,61.200000,0.00000612
3120,0x7e74fac6ecb9f601c99ea4862bc6fb71688b07f7,61.186671,0.00000612
3121,0x2739160d5ec09385fb66d8172f7e0484bce88c48,61.068532,0.00000611
3122,0x43625dcf773c03f63b8334aeb0508fd49687ce14,61.052889,0.00000611
3123,0x17a8b4da6d3ceca037c167a0b588e526ea92d1aa,60.995167,0.00000610
3124,0x63a6a73561ec4195f11a09c795ee787a2e8bdd8b,60.990562,0.00000610
3125,0x48120be2162bf6d7b1c8ea04a150a530d294dcd0,60.950000,0.00000610
3126,0x75b0648d2499f7d6e4ffd6db0aaacaf86a144b7a,60.915000,0.00000609
3127,0x9f6f0ae223342f2dcf19f942060224e2ca98d986,60.854183,0.00000609
3128,0xe77e31d750c4326baef38c4e93cc5abf47591868,60.635387,0.00000606
3129,0x3d4b1bcdfdcf8b648035bf41bc2706659759637a,60.559885,0.00000606
3130,0xe8636c6c33d33f4956e8a1650f5be4a4f0df16fc,60.454233,0.00000605
3131,0x4617f3fa5c87d6f8a7797e59544e5fe3c6ce8d7b,60.434435,0.00000604
3132,0x8539921e83c9e22ba588a8839a79dc353b00cc85,60.230981,0.00000602
3133,0x9cbc7625625f2eabe7ec9b194c7919332315f3b7,60.200000,0.00000602
3134,0x254dd57d751622f76803466ec9facaab8a7d3ab8,60.103784,0.00000601
3135,0x80d4eff3814cc874d73de447af2cf3d91c0337d5,60.035739,0.00000600
3136,0x3b0a800b95816ec70707c529a0a933425915ec18,60.000000,0.00000600
3137,0xc61a04fe29a8d0757977ff3c9f07610c20ac321f,59.970000,0.00000600
3138,0xd702b3091aa96b70cdcc08a06fb405a3a80aba21,59.914775,0.00000599
3139,0x5678886155870dc326fcf5624d8bb879e039691f,59.680733,0.00000597
3140,0xaaaabbfb2830a95046837959ea3ba08ef94005ba,59.624221,0.00000596
3141,0xca43fb92eeb031ab34ba132cac030ce79c914bf9,59.530000,0.00000595
3142,0x092f21b62034ae3dae592dda0c7baa5789be857f,59.120834,0.00000591
3143,0xcf7ba38950902242abdb1d90d947f0df91046e6b,59.064278,0.00000591
3144,0xf57541c99b29c4127ade11b3194b645c531d4eba,59.000000,0.00000590
3145,0x5470753b643d858c8387115a2f2a01a2f68c22c8,58.965784,0.00000590
3146,0x205789ab29a432bae4390639c726b7eaf9c67622,58.921498,0.00000589
3147,0x350748fc24d37c21d34f782bd696176f3264ca65,58.903579,0.00000589
3148,0x85ad62a373d74357aa1123e1525bebfd8c277788,58.702424,0.00000587
3149,0x72362698c8fa0cffcdb773399aa75f422998bce3,58.586445,0.00000586
3150,0xd61c4fbe4400f82e8dc60e8ece1d06cdeafca434,58.355248,0.00000584
3151,0x55238998900d856b99915373ea8205dafec3ba7b,58.345823,0.00000583
3152,0xd7ded0b8fa0d8d5e9530886077d6635c0e635cf1,58.217193,0.00000582
3153,0x57d5dd219c50d7939e397db733c61a0dbe8ef2e8,58.200000,0.00000582
3154,0xdf1c0fa254874d4ad83731dbb9db9a7c73aaf090,58.124685,0.00000581
3155,0x618b174f124b6f3f1d29f9cef4a940e256975db2,58.060875,0.00000581
3156,0x7f2049f69eabc4bd865fe8edf21cb8019cc7ec8f,58.013628,0.00000580
3157,0xaa97b8f417e71ea99339fc6fc9e6ab3f32e7c5ce,57.893842,0.00000579
3158,0x431f3ad237a225a79770a77537a88af9988af09a,57.719468,0.00000577
3159,0x1654ab498486dda5df3ed68ad0be63f95c54ffc0,57.610943,0.00000576
3160,0x2974c35a048b15776416d757e02f95aba7e375ce,57.470000,0.00000575
3161,0x29178e197de9178764db70a87d90dc403b4a0ea4,57.400000,0.00000574
3162,0x9605d1233ab2affdedb7c348e58e1e647df82f7d,57.372398,0.00000574
3163,0x17c6171fa692459c13cc4f6d118bd342d3315f87,57.337855,0.00000573
3164,0x56ad91934d8d9f825134afe8a34ebc4068f59a07,57.229200,0.00000572
3165,0x353ce299c1ac3c4b58c3db5631a3f76b0b6777ef,57.215285,0.00000572
3166,0xf9150baaa417e2aa2935ceacc6189593d41a3f6f,57.107906,0.00000571
3167,0x834fd0b83c286be42bf5d6f5418c35a0f5b5375b,56.584198,0.00000566
3168,0x25d47a28c0274a5609df6cf8d32728670e0c3bdd,56.540933,0.00000565
3169,0x88e2fc181cbc48c7403d50af27476a9630ec45e8,56.452656,0.00000565
3170,0x3d47506a3295845ac3089cfde1eacdcd295b1fe4,56.433358,0.00000564
3171,0xb8b6bbb6ae6cebe4a209c84845e6236f8161a2ef,56.412645,0.00000564
3172,0xf4392f4210fa050b7057cfc2490b9db88067141f,56.314285,0.00000563
3173,0x6510c50cb64c2cf784311b9d329e881a69a75567,56.280431,0.00000563
3174,0xf076c012093c96cb3cb78c34f8ba0affa67fb010,56.056085,0.00000561
3175,0xc7e927ff8fe0275dc60bc22334451703afacf251,56.015925,0.00000560
3176,0x9ad486185964b1bcf39413688c4aa13fa9ad9f79,55.880510,0.00000559
3177,0x12206db6c146399747b2c3d3f06944e105cf0368,55.879908,0.00000559
3178,0x07cee808d9f677501646758f417dced753d71dc4,55.686505,0.00000557
3179,0x9a6503abfcfdd967b3967ae111c7da9514c3cf60,55.662951,0.00000557
3180,0xaa5f03d6ce210e3aefd3072c06e517570d3bf502,55.594029,0.00000556
3181,0x5a9c8c515545d02efdabff363417b6db9fc0d532,55.584765,0.00000556
3182,0x778e6c33a160e7735381013b090d3c8960a105af,55.475476,0.00000555
3183,0x690fda326337be9d372beac10ed4c464e097e1ea,55.472717,0.00000555
3184,0x6983202872bd67a68ccd51e4f3d00a16bc2be601,55.355027,0.00000554
3185,0xe6673797af19145279a084ca69434b54f506e909,55.226025,0.00000552
3186,0xabb340c67f9529ce450ce3bb60a2ea14271a5439,55.203973,0.00000552
3187,0xa6268803871931d7ac3461a55c3f2e7c52e8f135,55.203512,0.00000552
3188,0x2b9d4b7bbddeeafe9c677c55461524a6b2ee991b,55.179832,0.00000552
3189,0xa29e963992597b21bcdcaa969d571984869c4ff5,55.167000,0.00000552
3190,0x084c8e560a7824487ecd8fa9a69bc6e3cbef4371,54.984664,0.00000550
3191,0x8e053b6e35265c8f8523462aa30661a70b9dfba8,54.942822,0.00000549
3192,0x5716d0889ded2e141dea774c3a9aac1591058cff,54.930772,0.00000549
3193,0x2fff63544b4256bba8b0d3b2496353bd522e5804,54.786428,0.00000548
3194,0x3743cdcbba5f63c1d57f87cb71c96317193accf5,54.750000,0.00000548
3195,0x7a0c3b837814255276bc45999735ed3dfc73f1cf,54.734740,0.00000547
3196,0xf363da1acc6c2842974f03f173f4f9aed33ccfa2,54.544116,0.00000545
3197,0xe3b99b9b7d4231fd1a9a731e37b8135fa88a8ce4,54.425022,0.00000544
3198,0x3ffcd0735517afa5c86217187143a2ca84fd7be9,54.319802,0.00000543
3199,0x69d6075eacbbfd10504fcae62cd2d86660b0553d,54.296095,0.00000543
3200,0x7ba83ac9243ff520a28fc218758608f900e2d958,54.257686,0.00000543
3201,0x4d2ed0a8f995e693251b0f33e44fc0336c778035,54.210187,0.00000542
3202,0x521ecb6f7fb39ee082cb4a13ed1d2921e1eabe8c,54.126127,0.00000541
3203,0xc4bd871f56f465f7914d918d376268d07e0c8d31,54.056091,0.00000541
3204,0x7ac54b3c9e1e5fbc6204b1bee01b021b69fc8559,54.018778,0.00000540
3205,0xeef7b31d8e94d105e7bfc9b41d3f84c3c9f92016,54.015750,0.00000540
3206,0xe017cc7d5f411434f7a1df83e7bea252adf2d201,54.000000,0.00000540
3207,0x360b1bbb293d420d00deed9cea08dbb1b68547f6,54.000000,0.00000540
3208,0x8dd3e07cf24a82f5124a5210e08e54961bb617df,53.896812,0.00000539
3209,0x0d19f6e2da7a52e2ecddf2339ba1428d9fc2aca1,53.811110,0.00000538
3210,0x54cd181eb9ea4b81e4a77c9bb94938bb36d7a299,53.681673,0.00000537
3211,0x9899f62ecf16b70bffc88677023026c47e48c218,53.625619,0.00000536
3212,0x284bc919d1b1d861008b5a6b228d85188abdcfec,53.618898,0.00000536
3213,0xad04c0a3138962591b6cd5ccab40b689c511aee7,53.490779,0.00000535
3214,0x24fc115f16d86b1bfc5ddf21d9b068629fed62e6,53.423506,0.00000534
3215,0xb3397a6feedff2b9fce9ca1086cb1bdd617c16bf,53.352374,0.00000534
3216,0x5ec4e7fea7e72c38f72a4aab026a544829b8d85d,53.260880,0.00000533
3217,0xe63eda62188016909d7b34c712c9f15c9f597838,53.053706,0.00000531
3218,0xb58f4855e00ff98791a3f6d197ae92a322a95892,53.000000,0.00000530
3219,0x1fd81e04cb1b95e7a00c52a20b74690380d849e6,52.899253,0.00000529
3220,0xd5fb2047b7fa1da5e99076ac14a8bdf84f19ecf4,52.800000,0.00000528
3221,0x62e606bb85dea8bf8bd5d30963c00cb1c062dd1a,52.470000,0.00000525
3222,0x3f596810caf552996c1b587111de1965754ef936,52.442342,0.00000524
3223,0xaac12713bb8e9f0cb02f9a3666f518f66d818725,52.437984,0.00000524
3224,0xc381216ef2c3f24520cdb8ff8905193c8b874c0b,52.433044,0.00000524
3225,0x33d343108535e05c1d21ca3cde730549b2771619,52.349294,0.00000523
3226,0xb174bf64bdb4b79c1deaa4225ac52d14d8b2e7e4,52.314827,0.00000523
3227,0x06f12ff387c6226f4fccea918721cb677c06c57d,52.252368,0.00000523
3228,0x7d80373fc2a61ff03675bf7593014ef56f20c7df,52.161079,0.00000522
3229,0x82e601a5f25cece8bb9b75c59abdd07714e4273f,52.090000,0.00000521
3230,0x17818adfae6eba83784cc113e469f8b8c1dd8f18,52.080514,0.00000521
3231,0x22c9ab4b56d1f05a2a8914d7b375001ef2b30ed8,52.034588,0.00000520
3232,0x740d0897d3ed5f8db2541136888ba1bd31531543,52.000000,0.00000520
3233,0x2047b99d23cb07db13c9c262d028d19f7ef8c77c,51.864248,0.00000519
3234,0x541997548c2d6282ad4002dadfc5052b07bb6828,51.811633,0.00000518
3235,0x4b444fdee0e62c5d1e43deb8df2951f72e20c7c9,51.748176,0.00000517
3236,0x7119770138810363491ba29a31d6ffe508d05089,51.713295,0.00000517
3237,0x183cee569d9e33b9ee658f2cbc1329798a0a25df,51.677688,0.00000517
3238,0x1e3f363fa901aa8af9c4996f2615df5190b711e5,51.664312,0.00000517
3239,0x9d118d0bee015cb64adbc7a06e8583d7f92e4e86,51.660206,0.00000517
3240,0xf0a0cb89c8d77b903ec4b10767e913eec73b91fc,51.600000,0.00000516
3241,0x59ec89cd1b0c5fe54e727516216e0f061d162082,51.600000,0.00000516
3242,0x9c197159bed62f87c87733cbe7eca2d33559981f,51.600000,0.00000516
3243,0xc64c21e7e76b1f4fd6507b48279fcb3db2f545f2,51.569639,0.00000516
3244,0x67f719e65d33b262983bd9c5e50ce6cf7e97b9b9,51.551943,0.00000516
3245,0x8925c25e3c9383073bd49d60c3f06c8591357228,51.516614,0.00000515
3246,0xccc570363548e9f71837fe4d0a39388526f0fe6c,51.406090,0.00000514
3247,0xeee3954b1c7e798a9c1dec7888e6ab36288e3a2a,51.400000,0.00000514
3248,0x24dc65e50f04f262f336c3eecb76638747e255cc,51.392064,0.00000514
3249,0x41316139a64f8b1ee0cb7b92fdbff9c87ef19405,51.320704,0.00000513
3250,0xb239aae7ec44720bfc62b31881e645511045bba4,51.304880,0.00000513
3251,0x10aa6619987ec42f7646050fd977ca22028c4396,51.205038,0.00000512
3252,0x915ccf69c778091391b728cc2f74afaea899b178,51.093399,0.00000511
3253,0xf5246b399f3f4dbdd059557ae41317859541ac4a,51.047131,0.00000510
3254,0x1a286422f3eed3de14963c1a2f3e3cb0de2bc4fb,50.994746,0.00000510
3255,0x9dd7ebe61583609711965106f21b7d35ced86d4f,50.990264,0.00000510
3256,0xce7bcf182e69dcac9cd13fc1264b64c20afd256f,50.957257,0.00000510
3257,0x6dd9cbdaeeb34873585ff51cf28bac4824667e1a,50.880287,0.00000509
3258,0xc5682b72a2176c708c16a2252c0021253b1d66aa,50.877804,0.00000509
3259,0x0bb84d2734cdbc11cdfca397ee2109273702a667,50.785482,0.00000508
3260,0x242bc42641b31b7d49bd8827715b73f1d83c3889,50.752627,0.00000508
3261,0x8b69664567cae98c672d739f1917753c38209997,50.695427,0.00000507
3262,0xf869cbf5485390764b9e11dd6d4cc51b6132c17b,50.546345,0.00000505
3263,0x57dacb737ea5f89e927ce049ce42b6eb25e3dafb,50.522746,0.00000505
3264,0x2286b4381e0325595dc4df7388d639d4ddd71054,50.512180,0.00000505
3265,0x1f0c0708c15607addac2e61556ca95a84a1430aa,50.501812,0.00000505
3266,0xc57a60c949323c90723a40085e9f9c02e6ac4e5a,50.464663,0.00000505
3267,0xe4a833ef97de4af601eb334d2ec99931d7d36569,50.457502,0.00000505
3268,0xecce1534000b39415d00326b7fd92f0a2796b3b1,50.370673,0.00000504
3269,0x677687b4df3adc59c52d79e5f9614dcc12592108,50.320353,0.00000503
3270,0x0ad32b2a926c07f6d051d0ae4cc004fdfe0f890b,50.143109,0.00000501
3271,0x2ab4d762c44c2b61e61958f1a3e7f5d1511c125c,50.123566,0.00000501
3272,0x56e6363a97fe3775e53b8d6263bb82dd61a386f6,50.035182,0.00000500
3273,0x8339f4edc0340621a49b91e6a26da4e539a62f65,50.016715,0.00000500
3274,0x52e2b4306c3e6dd3455e1b990f5b8a2dc5a5e904,50.000000,0.00000500
3275,0xed4fb2e7ceff1e93bad685ae0c2c80c2d6e708c6,50.000000,0.00000500
3276,0xdd9b8fec05ea70def09dd00b2ad5bfa3ca293eb4,50.000000,0.00000500
3277,0x384087d1ed5eab8f7e9b9a0013d35701617471bf,50.000000,0.00000500
3278,0x90c5c5affe4a64611ac677fe4981481d16d2ee21,50.000000,0.00000500
3279,0x4545aef7edd891015889f6bdc25c291b02ee6997,50.000000,0.00000500
3280,0x32efeccdaa5dc868edbd5428a1fdd8b12eb7b675,50.000000,0.00000500
3281,0xcfcaf4d194ee1824ee29ed212ab6fd2b56078517,49.976096,0.00000500
3282,0x5f663a56bece3cd1c1e3a83e1d077559bc3cd622,49.967212,0.00000500
3283,0xe1074aac507ff3c286d373c89146cdab354750dd,49.869898,0.00000499
3284,0x17b9a2655b2bcad4417108f672a07d277da9f3f7,49.850000,0.00000498
3285,0xf44ef0621a0f4c7cbfe2a79390048225aaa2c605,49.831780,0.00000498
3286,0xaca8d79d25029bf92cfa71ceb9e41c88303cc23c,49.772258,0.00000498
3287,0xd24af1b8d519ae4b8b3e931af953bcce8d9c5751,49.611892,0.00000496
3288,0xc0b5ccbed83a6662c265522ad87575657e3d6d07,49.600000,0.00000496
3289,0xeadd7d762bdcf814e4f16de5d7649a181e63a2d9,49.569900,0.00000496
3290,0x76b6fb01f4a7ad52e7115200dcf38cc438be20e5,49.437634,0.00000494
3291,0x5791761ce6b27c449b39c902956a3465879dd1c1,49.427138,0.00000494
3292,0x793c4d0b47654173edf41a5016cf75ce4d928dd6,49.400000,0.00000494
3293,0x54bb8a381b1426457b61b78a4adfbd9b49ec3570,49.396062,0.00000494
3294,0xcf0a97faf68eca8021366147bc8b5f0a480673c2,49.320000,0.00000493
3295,0xc53cf993b7f496395642aa62d0d6d2db021c5ef7,49.023566,0.00000490
3296,0x573cd7c6a5ed82288f3fa15457f1c78a55a3869f,48.860000,0.00000489
3297,0xe2d9707b39f86c11c81323895dcb93ee51607b9d,48.858094,0.00000489
3298,0xdda982750a649c70e0cd1c1af83e9bf5eaa62981,48.829901,0.00000488
3299,0x7cb309e38d4864590f6bfe8bf6eb9f3738ea372c,48.780898,0.00000488
3300,0x9533d1c068c1f68b993ba0b1e3ad5f68d5eb0a05,48.680905,0.00000487
3301,0xa9e72c45e73baeff53b3c70313fcf287450a9047,48.646164,0.00000486
3302,0x509c7569cfd4367ad65ae8cb9f282c618fc44fd1,48.637080,0.00000486
3303,0x295699e96fd20bd1e02ff75e7f3562e4a232dd0c,48.526676,0.00000485
3304,0x21f9c2e94c31904ef075bd61316e15e0d7c97342,48.522216,0.00000485
3305,0x33566c9d8be6cf0b23795e0d380e112be9d75836,48.436000,0.00000484
3306,0x4af78c1ec7fc8c22f6c538e4411e95cc34f82d04,48.251594,0.00000483
3307,0xbb2a27778cf4ecf4aca17fc44039a4ef3a088f7b,48.221435,0.00000482
3308,0xd7e5a42bebf54ec5f6628cdcbd01bcbd52a546b8,48.200000,0.00000482
3309,0x62cbae410d68b04583a8617d819588332fa3dd80,48.200000,0.00000482
3310,0x556b24abe78c6733bd17ffe5189141fa46d01118,48.090227,0.00000481
3311,0xf39d61e9ccd32525417d15fa1d323f90614acdbe,48.090000,0.00000481
3312,0x16b72e7724f5d75e77612cb47e8de87c890e9d08,47.912158,0.00000479
3313,0x9d40476fe9948f7d68045fe758961e05f29960db,47.907335,0.00000479
3314,0x933e3922e04d47a466e60a20e486b372b64f1ea8,47.830607,0.00000478
3315,0xf9048d56ed1ed69c136b0e19441a3cf8dc5cfcc8,47.800000,0.00000478
3316,0x5ea617fed16185736c42d3f572c536905fc6ef28,47.499751,0.00000475
3317,0x4ca312713653c489021db1df6c3cd0fd2fa957d8,47.449950,0.00000474
3318,0x61d514b36df0f10ab08c4aec6f03b60f060bde4f,47.400000,0.00000474
3319,0xc2c64a7fee18211db932eb0d82a6bdab10425d12,47.400000,0.00000474
3320,0x812baceaeabcdbc3d1e0c08161d2cef38cd94406,47.342241,0.00000473
3321,0x45ab38b78332e9f4c6e57819fda32fdc3ee40b65,47.248135,0.00000472
3322,0xa040e3f16d487789a807d6a1e0d7abdc96642416,47.245333,0.00000472
3323,0x258a59a7052db77a8d231ec3d7f814b07b09d64e,47.240465,0.00000472
3324,0x7af418840aa874acfcc6b07134a830733b64be79,47.223311,0.00000472
3325,0x85b9899118fac92ca10a429361a13161af63f34e,47.220288,0.00000472
3326,0xde95e1a102dfe1200dd7336d5e68b7c7774262a8,47.117217,0.00000471
3327,0x9b4f619c0120115c5ca7a506e17e07eb9dcd7e29,46.830000,0.00000468
3328,0x771317e1c739b013c400b03940758fae3736993c,46.803000,0.00000468
3329,0x4cc703e11fd6cba610a1ae962bae2098a9813e2d,46.758077,0.00000468
3330,0xfce7844fcbf07f4ed1a55e4583995c9c1025f878,46.706277,0.00000467
3331,0x13670a6cd81144ab85e35e8dc70b79a3f14f766c,46.556200,0.00000466
3332,0xece18478394a9be7eec2ab2a009a6152be2bbf18,46.491593,0.00000465
3333,0x7ba93a98ba7e6139c92cc1c8dd0d1bcec8d88334,46.462836,0.00000465
3334,0xd725d4cc2d69a6135d843eecbcff3c36750bdc39,46.394456,0.00000464
3335,0x299a8548489faa74b48cd84620e5c45fce8333a2,46.393629,0.00000464
3336,0xedc0ff5e5977bd1724badc1f246678291ddfbc0e,46.383844,0.00000464
3337,0x7924416b5dd11bc21f05e79793617c8db667dfbd,46.309298,0.00000463
3338,0xc63ad4de9f7393fe60c5c5a7c738d18ee8fd9c3e,46.296737,0.00000463
3339,0x4c06ac219ad71621d3aa08ae0af21e0334c84ea7,46.261970,0.00000463
3340,0xa372622ab5468071132be91c33cb54f004a22d28,46.222708,0.00000462
3341,0xf50d21de3be38cbaad49047c4c431ce7a5dfd5b7,46.155719,0.00000462
3342,0x067dd76a95daa59841f6cb728eb0778823311509,46.065925,0.00000461
3343,0x206c587a17f4ea19e8b73b5b70b8317a5689af3d,46.025260,0.00000460
3344,0x17b02c2d5c4ac6608b234ae905ee1e205f7d389b,46.000000,0.00000460
3345,0xcd654003e2fb3d5c517329cf8dc84ccd78d0b2c7,45.943677,0.00000459
3346,0x6d3c0a9a51a75d2f2e9d67597faa246ff406fc5f,45.894250,0.00000459
3347,0xcd00bcb387b7cfeec6413db405b7aef7202a1683,45.729509,0.00000457
3348,0xfe4eba75f88fc8e090180e0e4294a9d2e1480e5b,45.562900,0.00000456
3349,0xb64e5c7f3f1190d3f36b659b5abba2bf72333aa1,45.516614,0.00000455
3350,0x66673c004c443f7a8f67c291151409ef89edf308,45.400000,0.00000454
3351,0xc14bef3e6221af486cb08e6f19c8cae464400c8a,45.360860,0.00000454
3352,0xae1c82b6f4966e24788ee3fb9936683078f2379b,45.220615,0.00000452
3353,0x8920d20fa2ff8ade95c3e65933f7be39084062a5,45.174084,0.00000452
3354,0x06a410719e8261d2e13bd2ca41adcd58aa6caf3f,45.068408,0.00000451
3355,0xb73a2fcc1eb29915ce4424a733df586e86722424,44.990000,0.00000450
3356,0xcac5adcc5685b82c86865038d156b05acbb46e78,44.940557,0.00000449
3357,0x317253d23324f7b23cd50df824e16289299c9290,44.894000,0.00000449
3358,0x6e5250d9910d6dedac6dd6d622ed764dcd894f26,44.860000,0.00000449
3359,0xfcdb60465955a7da48ce132a25cecbb8bab2e399,44.852199,0.00000449
3360,0xa3d6a70d41fc120e4920c1f860918c59f6846fed,44.800000,0.00000448
3361,0x52d7e6e37c3543af7f3b8ce2dc49df9b3081a3c0,44.644600,0.00000446
3362,0xef2e653357c951d463598afd2b73a33c3df9a9a0,44.604901,0.00000446
3363,0x90e166f6eb3d86c235442dc98c1d916492ea87c4,44.553734,0.00000446
3364,0xac3341e83b4e515f1269a305d5c408e62ebca001,44.529367,0.00000445
3365,0x125829a87b126ded864acec3f398693512c68eb2,44.234177,0.00000442
3366,0x71283c82f26abccfb4fe9bea56ad301caa0c2df3,44.176870,0.00000442
3367,0x1acbf2ebf659cce6b05c6d6d00f9b3fcdedc53bc,44.139520,0.00000441
3368,0x81b81fb388370d8b7061e3fdf195dd433718197c,44.051139,0.00000441
3369,0xc10d0097c6ba9be8ed24eb9899f2aa0206cff33b,44.042759,0.00000440
3370,0x350efacd40a34d50f5822ac1fb6857d80c5b320e,44.034381,0.00000440
3371,0x5ebdf21ed7c7d6be43f76701b7831f03a3d9f27b,44.027224,0.00000440
3372,0x90f7fa97077aab22d97fb3036d38de8d77e201d5,43.938998,0.00000439
3373,0x2af79fb1e63e2d0ce80d66ad25270d6a35489f9d,43.936408,0.00000439
3374,0x75beddb09ce7ef980f5fd3d7f8e8b753aaa932a8,43.930000,0.00000439
3375,0x92da1c084b3a63bfe8081a6eed90f10d51ff2603,43.872332,0.00000439
3376,0x64efe9ab09028d47dd917921c3b1b66831f032f9,43.850991,0.00000439
3377,0x5251a940ebbcf2a1ce2cf72ec083398f44112c5a,43.828748,0.00000438
3378,0x05c45c3b89168c05a9332c8285b5f8f317b03c7f,43.684778,0.00000437
3379,0x5569c8c8a4a5e3b23edb473f9f98b78878d4552a,43.651426,0.00000437
3380,0xf8b2bcebd2cfea411ce8f28e6df3e1df5346b089,43.503845,0.00000435
3381,0x8c367d68860b871334660d5f061ec7e034199f2e,43.494977,0.00000435
3382,0xb67362df1e070cbba4acf952e508d9a4e493ae9d,43.478810,0.00000435
3383,0x7b2abeffb54c1bae9bebb8379c19cdaf79c3b8c2,43.478261,0.00000435
3384,0x3a1049f06e26781599557d373f8fb7de99ce3e1d,43.337640,0.00000433
3385,0xeee1105b3f17f59c105c73d0a8bbf5882bc68af5,43.252163,0.00000433
3386,0x0004c2a0de44e3b66d7e8b5c1ccdfafce0836fe2,43.109724,0.00000431
3387,0x327e4fae512ce5adf0fbd3a7e08f625edf4e394e,43.081642,0.00000431
3388,0x39838cd7e1d304513c08fa200de95bad1efc5f48,43.045450,0.00000430
3389,0xfa60f378860e51f79246672b46cb87734ed171b6,43.025078,0.00000430
3390,0xc562aea7e74bede5edfaef510d0a7908ff0985c2,43.014717,0.00000430
3391,0x49f9066e10d11ad9d7827b98f75033e4838b67ab,43.000000,0.00000430
3392,0xaa8cb1b5a3fec3e267bbffbb69531e643fe1488d,42.973611,0.00000430
3393,0x2ef1a3ef7746cfedd90118a401812e5a1c141537,42.954461,0.00000430
3394,0x3857361552fe3f950544fb45158c731949c43f1e,42.864710,0.00000429
3395,0x3399d85e85a48f5cff4b5f59d6fbcef94b7e0c37,42.734674,0.00000427
3396,0x02cf66d1d23ba0befedf8677143aaa8e2bd71186,42.520486,0.00000425
3397,0x5ee7c63a18387c14787580c1b7df589c783ebfe7,42.517510,0.00000425
3398,0x1b080293402c126c8c2960460b17053cfe80ec2d,42.482582,0.00000425
3399,0x54f51cd7ad65cf96d0b7cd72610f46873a2d2590,42.478319,0.00000425
3400,0x76e0c98c1446c1fd780ac322656f9c24b8841711,42.452810,0.00000425
3401,0x806d3f3f57cb5ba1aede80a777fe7b26c02a01e7,42.386770,0.00000424
3402,0xe63f2b42d6357aae382efb17d3c97ebedb100446,42.290060,0.00000423
3403,0x5a0474d11a418630a2ec8986915baaac84208423,42.237887,0.00000422
3404,0xad8c7a19bc29ba104cedab894c01d1722ce185e8,42.204416,0.00000422
3405,0xee908c646dbd2214a1b31ff50a7ad14097e52ec2,42.201086,0.00000422
3406,0xf18255d4d1cf4408410f01ab156bfeb5a0f1cf67,42.113709,0.00000421
3407,0x1d2f0423f8d20879fd7f942e01cd5cae2d56ae70,42.112663,0.00000421
3408,0xad2454a3e7456017f31f68ba1b9a75856beaba72,42.063728,0.00000421
3409,0x0a778fb15570ca5ec35d9655d3ed4f3f83009471,42.000001,0.00000420
3410,0x22f9aaf9dd967ddf9abfe0f413d9511b796c813c,42.000000,0.00000420
3411,0x83188931973594fede424789daa3bc1ab710ee97,41.955997,0.00000420
3412,0x5b5f4e3a8663592abf3ed1effdc67d9da4931806,41.908300,0.00000419
3413,0x4fcb2161e087f3a4153545a25304bd4e123a0e07,41.869380,0.00000419
3414,0x20743be025a357194f02ac14b1a2e8b192171bf7,41.866998,0.00000419
3415,0x14ab8143be918926723879e28d0355e3f0ce061d,41.850000,0.00000418
3416,0x93083c81e51c78d43cb2fd8437bfdb4416c59006,41.695812,0.00000417
3417,0x74331723ed603f007abf87678777cbdcc2c3856c,41.671927,0.00000417
3418,0x97ed1b7ced850c7a085fcb9152d3ad204f48cf5c,41.610142,0.00000416
3419,0x861bb2579bb234d7de26a8b56e6f4cd34390a29a,41.600000,0.00000416
3420,0x649f8b6d6838d52a5dddc6c11a235d0ba26e6ab9,41.587093,0.00000416
3421,0x9e2560956542ab2520d9f8315183a8ee1d529a3b,41.580042,0.00000416
3422,0x81b1fdd7a48dfcde1605cf6a159c6ca9694ddcae,41.576378,0.00000416
3423,0x44e23a03fa044b45976ce37e85ea04eb687669d8,41.478405,0.00000415
3424,0x7ecb18131303d221c1555a199ab3cd1b14832ee4,41.425350,0.00000414
3425,0x135577ff665d0ca46ddc1b43d3abe3a36c3ce42d,41.418503,0.00000414
3426,0xf3928092fe110f54459c886a25c64ef4e74180d1,41.415246,0.00000414
3427,0x6fd745a64ae441323c4ce8bc24e10138114228fa,41.415000,0.00000414
3428,0x2b78d425ec80a5a03285ce0b0a57da9446cbcda5,41.410000,0.00000414
3429,0xafee7f3e8d825ab002f5135dc75d100cca984b05,41.344983,0.00000413
3430,0x49116808044187b06a0443e72f664206bdce189d,41.210000,0.00000412
3431,0x61331de82fccd354b7a0a89feda49a1819ad8e40,41.020000,0.00000410
3432,0xedb73be9902c4e3cf5dc8997d778daaa93a7af88,41.019202,0.00000410
3433,0x94f5691142f82efc2c9c342e154dc00833796934,40.955012,0.00000410
3434,0xe16d1a1d90724d1cca18f8bf6e31ba361f89fca6,40.943464,0.00000409
3435,0xdecc3b81f67c28198757ea407471c938d2f297d3,40.888556,0.00000409
3436,0x3ff343cb1d4bd9e7dfbf75bde07734a5ca79547a,40.789456,0.00000408
3437,0x3f58822bd89802d5ae0f22bfbe6ea0693c528b13,40.780581,0.00000408
3438,0x4a6140ad47681021e653b29697a8604ea0259c65,40.657555,0.00000407
3439,0x2b2fc18d30a681fd4189c0517b4232dda8669397,40.650733,0.00000407
3440,0x1d14e6068f360fb182038f007dfe4ba3a00a66c8,40.624584,0.00000406
3441,0xb811a6cbd5826f4bef2a3bea70f38c89cffc6aa3,40.588190,0.00000406
3442,0xdca658da0f4e31d2c9056a8d036d5808c080cccb,40.566462,0.00000406
3443,0x0a5386967374c0379cce7b0cadd5518b43af0c84,40.556177,0.00000406
3444,0xd45b83771398d6b28b3684c8190e90c8b3cbdad2,40.545336,0.00000405
3445,0x3357b1325bd3268e35312baba5fe3a5ba609fe5a,40.540000,0.00000405
3446,0xf6f96ebca798d32464a0b89a754f9fa8fc655013,40.518698,0.00000405
3447,0xf89fb561cf9bf72449bc7ce185f799d92743ca56,40.512500,0.00000405
3448,0x95bc46898b7f76aa30b4786bb74b8b34d731d5fa,40.480000,0.00000405
3449,0x225c85b298572d537d3c7b8afdc6eff3fdf3d00e,40.467915,0.00000405
3450,0xbd766c9877b56ac9acdc8ff8eac8f72c5bc62df3,40.446160,0.00000404
3451,0xa40b361850eb0f89f056d28bfc4ed53bf4a31c53,40.444709,0.00000404
3452,0x5868fb7909a459c7a9fbe1fc84bd4120a1e42238,40.200000,0.00000402
3453,0x20a26c1bfa57572cf716b2b4b3e10661d5e062e8,40.152494,0.00000402
3454,0xd49981901c013d11efbbee62d16fba2e86368ab4,40.050000,0.00000400
3455,0xd9046b640cb0f7ada65e752e89e1b64720c88ac8,40.044509,0.00000400
3456,0xed810728a0a76eb3df69ab44f8853be4e373c0dc,40.024850,0.00000400
3457,0x2416564960223b620abad50ad9480be0d0e5cfa7,40.015000,0.00000400
3458,0xd7f497388e0a3789982add9188277cc62e049e21,40.003270,0.00000400
3461,0x0fb4f97127eca904ccfd8581158d8b74bd61b638,40.000000,0.00000400
3462,0xaa711556d61b7dc65a0b7aefc3ae3703c8cd4f80,40.000000,0.00000400
3463,0xd311d201fe1165bb96a121d355cc1513eb2b75eb,40.000000,0.00000400
3459,0xab76455728da415d90a3c9ddbbf498005df86503,40.000000,0.00000400
3460,0x63dc432a03bba6e5b7c2dc746a1f2735ddf9e405,40.000000,0.00000400
3464,0x09123f1dbeed83b09c5928ed259628318a84fa87,39.984681,0.00000400
3465,0x51984cf80392c0113b97c5ab62cb40005957844f,39.882775,0.00000399
3466,0x37ea6c993c5f42e1fc3455d5781e4a580760970a,39.760913,0.00000398
3467,0xecd56f2a5613a5ae46c188cced8dab7979ac5c61,39.711528,0.00000397
3468,0xf846274cb25f7eb320c55a0b1bf684bdc3bda029,39.701360,0.00000397
3469,0xf906863c5cb726a181e0f0e6c34044ba6b6c228f,39.698000,0.00000397
3470,0xe817bfeb0ffca92c26f3b222cd5f1687bec8785f,39.692329,0.00000397
3471,0xcab17c8c65b67dcffd62920cfa9f22e228cb2820,39.649910,0.00000396
3472,0x2e3bc3dc53a4de7dec30cf8ea884528be16034f1,39.589208,0.00000396
3473,0x6d0249c6f4d96f0c8bf40ca6a3634779ffbe297b,39.580590,0.00000396
3474,0x6a9f5fa04bf62413ccace1cf9c38d5b1e12d12f5,39.406101,0.00000394
3475,0x0a105b885a1b22e553cf9e5e5423a24295a521bb,39.370559,0.00000394
3476,0xe586dcc2319fe68d7d501c1d37870217ec1d2b54,39.353824,0.00000394
3477,0xf6266e3993eb308200140278695fc6146f0d3c4d,39.291134,0.00000393
3478,0x8192128df845469d3f4bb6acfeea057dbe34f4fc,39.288728,0.00000393
3479,0xf7f213836916a20665d841e10b751612a59bd517,39.209449,0.00000392
3480,0x59f84af036712afe2fd0ec77f4d9a6f0a612f1fe,39.148445,0.00000391
3481,0x9d17f1d747b44019cb220a9ab79ce95e82ccf471,39.104851,0.00000391
3482,0x4687b932f8b724a9f6bd4575e1f143aa57605f20,39.085210,0.00000391
3483,0x205ba289f5c0549d47e16157a1807539da7d2464,39.083064,0.00000391
3484,0x94c5a11b9194da85e92bdccc3d74d121a179240b,39.014741,0.00000390
3485,0x4bb3a63271a30a7da5ed3c9b05a4e59a516f6488,39.000000,0.00000390
3486,0xbc804a2049715748b56a42010ec53d9f9b0d131c,38.904861,0.00000389
3487,0x855e40fa49af32073046d87fc16b76e8052ccea9,38.844757,0.00000388
3488,0x98b499936cb312eee7608f60bee9093e7bfb12e9,38.816109,0.00000388
3489,0x30a9096578721c4c962c008747cbb1da5c8571d6,38.730900,0.00000387
3490,0x21f7743effef696f240e96f2a30a8651f924d09f,38.640000,0.00000386
3491,0x8d652fc4c16510487b64a501fe341c3106604153,38.599121,0.00000386
3492,0x1aa4bc14beaebf1340831f29781166f9af55b1bc,38.539105,0.00000385
3493,0xe1744cf443a7c6ea8978cbbc2c936929e182316f,38.442082,0.00000384
3494,0x2b474c291c9ac0e9e3644e0d14318643c12a70b9,38.367837,0.00000384
3495,0x64dafc6d1f38343026cf08654087ade686b91fe5,38.298461,0.00000383
3496,0x3db3404a84aca0a08ccaf10094cf79080aeea044,38.224145,0.00000382
3497,0x9609778777eca7290d1b5ac886dfece503f7b0d7,38.097065,0.00000381
3498,0x4c5a2bcfc43df576be4f6990c2c7b9a04efd9d0a,37.986668,0.00000380
3499,0xcc496d89a50a043388f8570c85e9f9bd10120f52,37.980000,0.00000380
3500,0xb38c26168e1edffd0282d357da3ae4d9d66b097c,37.952262,0.00000380
3501,0xb9bb17c9d3686fbe921db748600c064f0fe883fd,37.883831,0.00000379
3502,0xd10e8fecd6627e592080e237403410f491f70258,37.748063,0.00000377
3503,0xca3c180373d237253bac882a27dcaeef9e147de7,37.729321,0.00000377
3504,0xb94023ac493a3daad33289a571a56c5c448895d4,37.579776,0.00000376
3505,0x3d3fb624d538c0beecbd0769c577f3dacadbce4b,37.527101,0.00000375
3506,0x36dc609a150a9d9307fa80829b13bdb4ae95d214,37.510635,0.00000375
3507,0xab8d28602c182387458f9f5ec4e8633c19473977,37.433708,0.00000374
3508,0xfa3d5ab0731be99c59bebf4d65afe1d5c5527799,37.416710,0.00000374
3509,0xe89c472f363accf2c61c528edac9eb69e86fe293,37.400000,0.00000374
3510,0x94156e2186734c728db12fc9b0b17b5c705b3889,37.259243,0.00000373
3511,0x778ded42db50ba92ef2d73f9214771c0f639bbb7,37.200000,0.00000372
3512,0x03040808812d5519555c0c4844d6ea913ed8c32e,37.200000,0.00000372
3513,0x9f169cbe7aa69dd4c9bfbfa82de1c03b7cf0f444,37.099459,0.00000371
3514,0xc7e77944a51d90c4207a82ddd6e78c9dcf49357b,36.988019,0.00000370
3515,0x6271fd4e64cf0baf3c43d2a6332253db73993995,36.879215,0.00000369
3516,0x3ffe03eb766d8a9f81a60d2a0093a89ecea9aa41,36.756820,0.00000368
3517,0x29152129892576056ec378a0a33174cc0cf0f509,36.679395,0.00000367
3518,0x5b40c89de3817d6cf124e64515389b7cb641366e,36.674469,0.00000367
3519,0x2d143275ebb211a5f2f69897b91e994e9f29ce59,36.600000,0.00000366
3520,0x07b9eefbe048d751470362c5df259b6e80f7def9,36.600000,0.00000366
3521,0x5630652747ff868cbc3c826b098a68754e2f6d73,36.530000,0.00000365
3522,0xa1fc124e66dfdb5fb7b99c910ad4b7cf74222b3f,36.504677,0.00000365
3523,0xd3d7f00708ff80800c3305965e25d5a50c4cd228,36.305727,0.00000363
3524,0x43f924f7225097c648341656c3fd09e00e077400,36.290052,0.00000363
3525,0xe481b38aca1f377fa91d32d5b425eb82d0c1d107,36.285498,0.00000363
3526,0x1577f0f170ba997575636db11e79781f8f0ffacb,36.148600,0.00000361
3527,0xf026e3162b10bb804901300c2a482ab2779354f3,36.101644,0.00000361
3528,0x0d1bfa9af6225880742544ff2a29c30611af0d8f,36.045890,0.00000360
3529,0xdc87165102f13bcecb76e8f7b443fdd41d642817,35.907129,0.00000359
3530,0xd98288d9db5a2c8ac32ad57f5f6889ddcc9713d1,35.900000,0.00000359
3531,0xd908822624692f24271cf862690d75d8d5760f37,35.756534,0.00000358
3532,0x74143d7933ae3cbbf7159bfebd230c6910cceb8a,35.660833,0.00000357
3533,0x3ac0fcec3fe9504a85485bb1407a094c8ff20506,35.418325,0.00000354
3534,0xfaa1f95d7078ed9ad8c35281b7fe4f9486b2a4c3,35.400000,0.00000354
3535,0xc0a779658cb5c426acbd8f423a7eedf8235bcc0d,35.380257,0.00000354
3536,0x7c933149fd71cf37ae0b3ca21788ba57bdc4c11a,35.280757,0.00000353
3537,0x81f775f75f287147a17836399ea95ca0a42006d8,35.280694,0.00000353
3538,0x38efbf9ad17522bbcd0ee78356128942f71b4834,35.151856,0.00000352
3539,0x0e5bedb6d3b80bdd4f921bca933360cccc2d3658,35.072342,0.00000351
3540,0x755e9c9049ee4b0c162cc4da5a01695602a2bcc7,35.040000,0.00000350
3541,0x4ff1d40fb7b56665bf95d8d8e3a5320de46709a1,35.023677,0.00000350
3542,0x339d42dc7bc9d99f25e5970f0fe3f52272633c47,35.009683,0.00000350
3543,0xa823ec03611ba2fe6e416dcf8b31778bf1115ad9,35.000000,0.00000350
3544,0x5d96a04d564796f062e021b86fd0a528403c1ff1,35.000000,0.00000350
3545,0x6584a11912a7ab1fd9f2cb8e3caef7e7bb0e240b,34.890583,0.00000349
3546,0x79f35ed4d1f6ba12d617c2c976d0919d4c415a87,34.702225,0.00000347
3547,0x5fc3c4a6ac8882eefd39855eb35ff481172561cb,34.656428,0.00000347
3548,0x5b47ac3ecb097a3492a11480e3eda58d805bd530,34.649247,0.00000346
3549,0x679cdc6f9ffa314bb616cda68c625a278c8a1947,34.549057,0.00000345
3550,0x2f6b607fcd8c3bbf60f7a5a035f64ec475e21bd0,34.400000,0.00000344
3551,0x787ee842bc397dfed23df9fbbc50a4520d29f829,34.373047,0.00000344
3552,0x5d3d438cb21fc39ab2d4dd13e1a5c5d85e252810,34.231836,0.00000342
3553,0x1dff54485bb1c19dac32b99e228d7dd087c28d16,34.230547,0.00000342
3554,0x068bc21d37c89a9a3a5734f27b94a4c5f959a933,34.177860,0.00000342
3555,0x9e0b8a0bf11608a987abc520056e3d3f4433c154,34.139118,0.00000341
3556,0xae60cdd51ca8a53ff40fa8d167b2ad8c477f73f1,34.139058,0.00000341
3557,0xa7a8bc70bedfeee311267564fb70b72b0255596a,34.120000,0.00000341
3558,0x85c9a53fee9b2ac22283cfa7a8f2c00cc950fd44,34.063278,0.00000341
3559,0x593b84faa7a44bb6fc9103973d6f33f74e535de1,33.924812,0.00000339
3560,0x785d57596d4111840bfb9e7d9774f680424ccd98,33.908855,0.00000339
3561,0x6dc1970bc5947b60beacb31f85d7f462d9eb0ba4,33.895906,0.00000339
3562,0xe1a05188e4d94fc846d16c077efc029801cbc872,33.789935,0.00000338
3563,0x56118067e7277be0bfdb4900cc96a6da3d43e0e7,33.720852,0.00000337
3564,0xfecce090b24ddb40f46a07eaf4a648875c063d51,33.688657,0.00000337
3565,0xf5897ab611858a156f2f523385190fac6fab65c4,33.600000,0.00000336
3566,0x5e8f91ec31b20dccf69bc4d26724ee4bc3063332,33.384710,0.00000334
3567,0xa5f2bb90ae6a16486d7d33d2a8a654da93fc70cf,33.383951,0.00000334
3568,0x358821ec16593a153bcc8798c1e5ea1041bfec50,33.329696,0.00000333
3569,0xa978c9647f52287edd6f44de4fb76a584319bb5e,33.179567,0.00000332
3570,0x8dc31d805c2275f9617254c2ca158937cef50e6b,33.075650,0.00000331
3571,0xeda97dbf767baa11e6267ae8dde079d0d8c0f0d5,33.016223,0.00000330
3572,0xa868615bf097004a0baffdb70cc449f975c22811,33.000000,0.00000330
3573,0x55c9bf8336d5b756471e3c7540709aac4813a27e,33.000000,0.00000330
3574,0xd07e6ab4b75b3da5a96b5e81064a65fc04f98814,32.820016,0.00000328
3575,0x822069d768cfb805f25f097bd8a941fcb479f856,32.807693,0.00000328
3576,0x3ef238c36035880efbdfa239d218186b79ad1d6f,32.806496,0.00000328
3577,0x11e184d75834e67a90e95d0ddd41c3973edb5ae9,32.798937,0.00000328
3578,0xe496f73f25440eb2619df5ab4cdd2aba41462588,32.750000,0.00000327
3579,0xa81b0096910f2843dd2ce7df854ab7fe3350d1a7,32.722700,0.00000327
3580,0xd77f678e0023552434942b53cf4d0e748026989e,32.698234,0.00000327
3581,0x57ac18711b50a704dbaee7e201d89e70a9144da7,32.625924,0.00000326
3582,0xae5c12230d5c3a208a06e6c99c15446b4b91c7cb,32.603335,0.00000326
3583,0x99b511da4046b7d6782a4e0eb7f9f62a84122769,32.475043,0.00000325
3584,0xff1f4a8d4692cdfb82aa0e9513585fa627c4cd30,32.469844,0.00000325
3585,0xc508a94614fc4b2bfc428d926871bde66efcc8e5,32.468967,0.00000325
3586,0x4f0fee83553d95205470edec8994965355a035c4,32.400000,0.00000324
3587,0x284e26147a2910f7b5af9e0b7cd576d1d0b6b4ce,32.380000,0.00000324
3588,0xc3422a1557471709483d51d6648be5b3bf228f29,32.349334,0.00000323
3589,0x33798b768dc93d9aee2a3f07f61e57f4be9abcec,32.200000,0.00000322
3590,0x5324b491e259f4503f91881e2848f1143c549559,32.184775,0.00000322
3591,0x38a8fe4150584930b78a7eb13adff485f05efd3b,32.180926,0.00000322
3592,0x407e9206d08bfd64a81bf914158b6ac98012d99b,32.124288,0.00000321
3593,0x7d0fc3a86da88a5b5ad1feba3efe61642dfeb606,32.060820,0.00000321
3594,0xfcdbe98af1f50bbdfbd7ec15d9974bea8a816c8d,32.024685,0.00000320
3595,0xd36f543721e229691d3d2d2cb5e86892c9a72791,31.968060,0.00000320
3596,0xcac597e5cbeb186d975f3cef919a5bf5a770f160,31.917243,0.00000319
3597,0x46f5769a7f349640304ef7dc218e0bf893f32304,31.782952,0.00000318
3598,0x915786b46147631f2702e19c2dbb6b56e7b01023,31.731748,0.00000317
3599,0x0d7609dce71b86494d1df13acdff35c1ea2ff413,31.723966,0.00000317
3600,0xb256ca320f31947c96ce56fa4fc236b3ff0713e8,31.717219,0.00000317
3601,0x3401bea63baaf7975d059fee36ee1ba2d50ebb70,31.638694,0.00000316
3602,0x8abe2b5b5bf21c0deb279214a99b98111230f889,31.602436,0.00000316
3603,0xa407fd69460f5ed7c9b4fd3302517f34d1a415bf,31.600000,0.00000316
3604,0x63988150a84fef8304886996a6bc3f67ca3a8518,31.572468,0.00000316
3605,0x5d0fc15d4666c9dd3ceab79af57da4b961ce6608,31.488251,0.00000315
3606,0xf8269b9a178ed87cdd4639deeb61415a2ceaf558,31.215695,0.00000312
3607,0x305fc5cffc882a1ef9e4e79d648b9dd0df09e3a9,31.200000,0.00000312
3608,0x4d90e0fdcdf2e4d5e07690f43bd58af2c0eb406e,31.161324,0.00000312
3609,0x67a61088807e715e9c8742e8c7e3439d7824f150,30.909340,0.00000309
3610,0x1bd32011a94e009cc718947723d1ee42684d2a83,30.900000,0.00000309
3611,0x78b248f0d9156451baad146295474e0823927a2a,30.872097,0.00000309
3612,0x66e383982bf014696376f93ccd311ac808ebad24,30.769833,0.00000308
3613,0x08d0ce065a0bf920a7b504a3e28f77918f4dcc8a,30.757321,0.00000308
3614,0x0ead583003620e6b03b347479e29f77ce0a1021f,30.753755,0.00000308
3615,0xb28b4bc8c2c35879c6462cfd0225092baee41edd,30.711128,0.00000307
3616,0xba8c0fb4c03d1efc6b306b1ffb1d03d994f38701,30.686711,0.00000307
3617,0xb7e270d42fd6a37c1dd61457e547eead56586af4,30.606090,0.00000306
3618,0x65a0a71531231bee3da5f6762e2ff681f3e3c2c7,30.600000,0.00000306
3619,0x8e1adb61361e29befcf55edd09622057d1de9cdf,30.572608,0.00000306
3620,0x826423476b5a2388c734e5982d82e7d893584288,30.561232,0.00000306
3621,0x213ea212607c08776f349164811445bb63e6f91e,30.541275,0.00000305
3622,0x2683fad2f2f037d203033509a14e0b87a5013426,30.535622,0.00000305
3623,0x92f6bff66885fd9285b1fb5ef8a31a785c527b56,30.524757,0.00000305
3624,0x9597b138e33dead019462d683ac0d2686b3e1a3f,30.501418,0.00000305
3625,0x5897874af574d50ce88f9ca7d5a5b2f0e1dc9b20,30.418043,0.00000304
3626,0x2ef8443f149c0a4edfdf61adb457a7ea680920eb,30.350000,0.00000304
3627,0xeaf70d41ef4276f9c4a3c10ad41c484117747375,30.172556,0.00000302
3628,0x3442252bba13d81de674ff49e21d6e733db3fc5d,30.087500,0.00000301
3629,0xd945cf80e3f3a26444832341ce629453be22b8b5,30.060000,0.00000301
3630,0xbc746fb9250d999bc0132c9eab63cbeee637ecef,30.000000,0.00000300
3631,0x7c0ef063ab10c14ffb86045b704a65a3a8522a92,29.887990,0.00000299
3632,0x9a59dc8cea8c70d0147f5907949d3c811f38dd7c,29.620793,0.00000296
3633,0xc1c2ca3d2d6c6431b12276b54c4a6a70583c143e,29.610683,0.00000296
3634,0x8de67274970ace88785374d0dea683e2e120cb37,29.601335,0.00000296
3635,0x41744ecb47a64f62ceb9eaba88fe3376ff11e0d5,29.600000,0.00000296
3636,0xbc2abcb6bd2f752e9a9a6447337272f92fb8482f,29.559974,0.00000296
3637,0x938f761d6cfc080c1808be0321d6dd86c9cdc421,29.523099,0.00000295
3638,0xd4f22972e02ce14e5eb4465ac07e9adf00fba13d,29.502266,0.00000295
3639,0xd05cfca753d4136d5ff6205cc83201a456484701,29.501132,0.00000295
3640,0xf80db775f6df78cb3627da4f4b8f442bffad391c,29.480000,0.00000295
3641,0x54dba13d341cc63f5356cdc5ed0df22ac0ba46ee,29.442743,0.00000294
3642,0x60fdc82698d986ee772fa9f7cd680434812af231,29.433178,0.00000294
3643,0xb9afb8a6ac7b0657e498aeb21edfc37fcc6b8f10,29.400000,0.00000294
3644,0x2001a7d196cb0603e7cb03cad335ebb50d274e1f,29.265995,0.00000293
3645,0x3a1f675b1db8a1244d8efd0d93d6cf63b416d07e,29.253614,0.00000293
3646,0xcec45db429ed6cf2af1b4b208674b64a2ed7b3d0,29.200000,0.00000292
3647,0x4705f051349e4092d7626d10499b7b9b63d5c5b4,29.139110,0.00000291
3648,0xb1f05c103cdd519e9f9785cda23c03635a598be4,29.057393,0.00000291
3649,0x59650a3d5cd099b73d0bdfec4dcaa201e73c9db5,29.052277,0.00000291
3650,0xcee317b348f80fadc564ea1603ab967c7e09fe69,29.014304,0.00000290
3651,0x664d435a2d7f956eb784aeb1728dd3d99167b043,29.000000,0.00000290
3652,0xdc56fd9d0112f44c9c4944e544fd20987c8b3a8c,28.846896,0.00000288
3653,0x7aeea25dbc54ca7589766bfd9b65671022e5b2c0,28.773794,0.00000288
3654,0x16441ed3f9546d7c8dc3f2f3239dd9c7d6ca700b,28.741058,0.00000287
3655,0xa219712cc2aaa5aa98ccf2a7ba055231f1752323,28.721782,0.00000287
3656,0xba8b54333d9e747455b5d4191804b1ffbeb8a3c0,28.697001,0.00000287
3657,0x56624d86686f2eeb3ec0387f8acd3a64fe556015,28.696824,0.00000287
3658,0xd03e688621bc4d764d61187047d3511a61cd3fda,28.693812,0.00000287
3659,0x0a2c9f494f14d6891f1c7633b6a5390b9cd42e3b,28.573300,0.00000286
3660,0x8712e9643e635354e6674d17caa88013fe35497f,28.439133,0.00000284
3661,0x43b5dc53b18495e36042416ee1f00a38189cc939,28.421628,0.00000284
3662,0xaeeb42e64248b9832f37bcf694635b63af7ede72,28.386000,0.00000284
3663,0xeff1d5407eebf706e2482b6ef288e8247dee19cf,28.326975,0.00000283
3664,0x8e96bfa5e211b4d370a5636d80240478e9630bed,28.317917,0.00000283
3665,0x884e158d04bdd6726625ce31a5c7a96c0aecce30,28.188301,0.00000282
3666,0xb782f2755ccc87fb5ae7515a6228c2a3073d06d8,28.170898,0.00000282
3667,0x01f9f0cca2d6c5f58b7ff2b755541813f7253957,28.103173,0.00000281
3668,0xd05c81342b126e96c27bff7497849c9057a11346,28.000000,0.00000280
3669,0x504dc87c38913f2cc7f9d09bc0ec78121722790c,27.974324,0.00000280
3670,0x937fe423c13e54e6f66c701ceb4344963d4dcf67,27.877299,0.00000279
3671,0xe299855913b605aa98aff2c019f6fcc906c66e32,27.872529,0.00000279
3672,0xce957c8171680797493a5949f0ff0efcf6000733,27.805720,0.00000278
3673,0x8151d17b114947e67c7c11834009436f2e6a1999,27.800000,0.00000278
3674,0x5ca616f2ba05ed7f33780f51401bf8e1b995027f,27.791603,0.00000278
3675,0x988df60e7e605365becd7777e527c54cf9c385c4,27.789273,0.00000278
3676,0xff3282af4a610940afb86711338057d769253fa0,27.786170,0.00000278
3677,0x4c45b48f302cd944edfb7390be2ae33df83ca606,27.768473,0.00000278
3678,0x31731b63224dd8fc4962eb213a329aed35952efb,27.737517,0.00000277
3679,0xde2889521b31cfe148d2d859fd5d7367079b3244,27.733439,0.00000277
3680,0xafab040b073101821caec91c453a99b09f8fe431,27.660932,0.00000277
3681,0xfabfa0ece746f1f4d071b4dd41f439719a7396ba,27.629687,0.00000276
3682,0xff086b20275fc3b770beced4b779689c8b71ab60,27.570666,0.00000276
3683,0x2874aa935c118b8e170c35ae0e75e507d1332218,27.476409,0.00000275
3684,0x6ca694ec02953f0b4af339ba6a7421ce83f4eef7,27.472050,0.00000275
3685,0xabd5f4a9ee72ed6ff67593328f3bf018a79e843f,27.459267,0.00000275
3686,0xd026bd4dfa8febd7c7eea2febabf2eba334ad0a8,27.419299,0.00000274
3687,0xba6e2fc578af3ae5b69f7f0bff8e1096b0e2065d,27.200000,0.00000272
3688,0x4ce15552e90ab4eb25b1191a62d181b141628e8e,27.179855,0.00000272
3689,0xdcf6211b29c434ea1f72580047a4164d6a8a52dc,27.095740,0.00000271
3690,0xf64ce7a9c39a7f4cdb6ab9f5b6bc3dbad9fbfacf,27.011996,0.00000270
3691,0x9fad77edfe03493322df6eb2c18cc07f74c6e863,27.009762,0.00000270
3692,0x99799c8da9e7dc3cc6400c59ed14c8bb6223f557,27.000000,0.00000270
3693,0x2af2f843038974f3538be1c76918fa7e6350f278,27.000000,0.00000270
3694,0x2f76e45fdb97f25b1d87c892fa24509b4a5bbea4,26.981567,0.00000270
3695,0xb342ef3bfc2e4e2617cf9366afd4289823f5e4ed,26.913822,0.00000269
3696,0x5b3495983c3e526a9657afb6ce6fa540049dd709,26.903726,0.00000269
3697,0xae65979cb4e88071dd7620be8ef279dfe3ff237c,26.879332,0.00000269
3698,0x0c514a4afd6972d8ebb669fd060b55369b934afb,26.878654,0.00000269
3699,0x5b604520ed5ead8e86e9f7f3ee796c655a160efc,26.817562,0.00000268
3700,0x275de63eb52eb047a9840848ff9e3b982bd543fb,26.812490,0.00000268
3701,0x77625bb2f4d013ba727c41287d588aa784438998,26.760000,0.00000268
3702,0x3e6b6881c383d6a88b3a41f5edb6f947b2595960,26.703452,0.00000267
3703,0x265e05b512e9b12cc7aea9f71753de678bdf8aea,26.698038,0.00000267
3704,0x7e96f1132ea1d596b08cb180f90f18e54b4c76c6,26.695995,0.00000267
3705,0x39ba75bdbf3469ac6ee4ccfb17eb5c51b0b4cca3,26.684085,0.00000267
3706,0x8bbd98743020c09fdc60b5bc8a1667caa72c2aff,26.600000,0.00000266
3707,0xc09b09470c23009c641afcdf3234e2c84ce7997e,26.600000,0.00000266
3708,0x326fe1da00e674bbfe0d156517eeb23d265a51c4,26.541674,0.00000265
3709,0xdb59a7d38691a9c0c240ece0f668f8a77efe6886,26.524497,0.00000265
3710,0xbb428625c184be6dfed4dea5abd1518cbc769bed,26.445719,0.00000264
3711,0x696702052fd7861de4a497e17d0a57c414edcd63,26.345870,0.00000263
3712,0x20d58c8331f8f45e00a9677968c7e36994b478da,26.344452,0.00000263
3713,0x40d0b8b4c19702afd1c54ab4de1193422224690b,26.326210,0.00000263
3714,0xef8cf57f1471da769ab66ccb92e2ec47b604b679,26.304496,0.00000263
3715,0xec101ef93aaef48597ee964fd93622270cd26c87,26.216500,0.00000262
3716,0x93176ed879d6edb8f64f5d3ead168eab45ab2982,26.195267,0.00000262
3717,0x412487c49e22e655ea91045b9ddd128fc55c50ee,26.163299,0.00000262
3718,0xd6654d894db9c5890f2b61cadfe997d25eb763d4,26.111686,0.00000261
3719,0x9e9ab85a535d6a60c1375a6a5754a46b1a437ead,26.044110,0.00000260
3720,0x74b70fc16aec51477190284207ab45edab196efe,26.019388,0.00000260
3721,0xca0b177e930d3b703eb1f5d72f0450a7d1972b55,26.002671,0.00000260
3722,0x6a004d8de9b794f507af9f2fbf80b8023d7b7d56,26.000000,0.00000260
3723,0x758a42727f2bfb887ede89641710ab06596f7966,26.000000,0.00000260
3724,0x28e1537cc6394341e4b27afd3a78f0e590e1a3a4,25.967416,0.00000260
3725,0xaa37a14263ef402f33f97b03fcabe37cbbbb3d62,25.954295,0.00000260
3726,0x4fdce429a491cb74374cc9cac1a07b511f6a7c5a,25.854682,0.00000259
3727,0x2d6b48193cede88b2c7cdb39254cf48afc49f5bf,25.850955,0.00000259
3728,0x31429f28e6d6174aeba0dec5dfa4bd72415132c0,25.764406,0.00000258
3729,0x84f646f346d7d5a89561b49e80297474ca53f6d4,25.705253,0.00000257
3730,0xb8b64b333ba19cdf73d0489ee8f5aefb420eac93,25.671923,0.00000257
3731,0x32ad22f57adc0512f41d096b97dc0376f15e4674,25.637306,0.00000256
3732,0x0b6f621c55da47bd14fa2393118757b3ba619621,25.567040,0.00000256
3733,0xd6c3931dd99a4c88dc9f1991de8204329b2a0da9,25.551670,0.00000256
3734,0xb42ff4d08d6054673f45ac6bb1018874e4e43d23,25.474479,0.00000255
3735,0x36161fd6ad8d516d29dc40df78c973e058c8fec1,25.439229,0.00000254
3736,0x1b687adc7fa35e6da0aaec00ef064ce79021e0a6,25.392014,0.00000254
3737,0xae941bfbbed1a7586cfe4f925ed47c636c2fd0cf,25.388121,0.00000254
3738,0xf40e353924a30950ee007a9d1f964e29e2b7dd41,25.384705,0.00000254
3739,0x0c4aa24128132b51a94ad9f51bbc9f929b8f1a71,25.371339,0.00000254
3740,0x3e1f0d7aa4c841e293357e22f10815319a4b1dea,25.369994,0.00000254
3741,0x392561cb154b8530935b1c56e1db51b6aef248c9,25.364794,0.00000254
3742,0x66008166b72800afd456dc63978335df628c14e6,25.354523,0.00000254
3743,0xa591936d208861fd2f9eb0e01260c7a8f902849a,25.306800,0.00000253
3744,0xae209c0480aec398549278ac47e0a6e5051af355,25.275869,0.00000253
3745,0x6378022b63a2ad8fb7b801b574aa17395a124418,25.200000,0.00000252
3746,0xd69b767a53ee3759ac557a1e419e734e5dfb6177,25.109045,0.00000251
3747,0x71ff7433579ec84560b6ad42aae0c311da841ee0,25.099575,0.00000251
3748,0x9a5ce24f7e0924655898f0389cdbd1d1f962116e,25.070602,0.00000251
3749,0x90d252df9fa09e82f9f0e3940c911b42c38376b8,25.052836,0.00000251
3750,0xd95ca2f7bb82fb1aff4d6c364b554cbb955537ae,25.016698,0.00000250
3751,0x37b7e667d48212fb2485f77de6791ed62472c12a,25.000000,0.00000250
3752,0x018da85fc58910f32050ecf35d93adf71f1f17b3,24.961257,0.00000250
3753,0x4b6e5df53043a49fae331ee168ebd528a0e3453a,24.879559,0.00000249
3754,0xf614876d3877a0b9978f80259eec0d3a3d5289ae,24.848446,0.00000248
3755,0x02ccba57d97277ebd6129044329c01a6a7cfdcb8,24.800000,0.00000248
3756,0x84b15462b89010866c87bd8412c104e033a7f6de,24.800000,0.00000248
3757,0xbf7562cd47799cfeef4cc5b6af20afdca8e7e5ce,24.694920,0.00000247
3758,0xc6c42628895b790285fc4e34f30e585a8a8b080c,24.672695,0.00000247
3759,0xa95084ddba3193bc7bfce9653a1f994d75874c2a,24.600000,0.00000246
3760,0xcdc89e8546e2f4f425de825ba152d6a0438fb25b,24.580460,0.00000246
3761,0xd3919992452def668a07b67b64defc80b9806037,24.523945,0.00000245
3762,0x2e97b226a1132ed39bebb12197783eb314b9feb4,24.500000,0.00000245
3763,0x84f26b14e229222099ff1005f6549be044b98b57,24.453200,0.00000245
3764,0x9efdc5ba7300404775ee0a24031b849bcfe65173,24.437197,0.00000244
3765,0x00eddfadce7d5eb8fce94f45ccf7e011c6fe85e8,24.430510,0.00000244
3766,0x19628558217e1b5e99525ca362106c237b46a0bb,24.412992,0.00000244
3767,0xa6eebeebda18beb0067404175ec6cd43b1a05021,24.402833,0.00000244
3768,0xbc6532c1af899f7739e458ff0e05e56830176025,24.392765,0.00000244
3769,0x90dcf7ac255d397d135b53b741445a09e076db09,24.355711,0.00000244
3770,0xb709699abcfc95f38d65f8d512679fd8a740bfb7,24.324924,0.00000243
3771,0xdf204744a20aa42b5ad25db978d8a95253e960ef,24.300460,0.00000243
3772,0xe21b48c27c0ab8ef7bccd10ae8d81585a58b60d1,24.240000,0.00000242
3773,0x0785a53b30e6ca2b99f4c225e88c08bbfa127153,24.216604,0.00000242
3774,0xa464a85dd04923fa136b616870313671cbeeb735,24.200000,0.00000242
3775,0x13809b8d2dc3b663271ce0aa422cdf5dc685f5b3,24.154589,0.00000242
3776,0x06f207b7cbedfdb57a210aa3cb91abfc6073c4e1,24.090902,0.00000241
3777,0x97a0d870d0146a50041165af4ec3ade4f0771a1a,24.082408,0.00000241
3778,0xcda247fc44d1f89263f95c39601f3e5cc9ec38e8,24.073441,0.00000241
3779,0xcd7b69603c8aecf58e57aecedff95169edf852fb,24.006427,0.00000240
3780,0xc931558f20d06c39d20ec63671392a7cb13c5878,24.000593,0.00000240
3781,0x6fb305154854f6373a8f250141272a47cb1aa50e,24.000000,0.00000240
3782,0xc39945700fd9c001d75cbeb1a09e682210c673aa,24.000000,0.00000240
3783,0x7b439a1c434c288fea5dc7433c8113b127b1e1ac,23.917306,0.00000239
3784,0xc1db9e0589f19bbb4ce73cd3c65ec7a7a2b63c5f,23.900395,0.00000239
3785,0x54c2334b7f63771769b606b7f7418f289b4bbd83,23.891440,0.00000239
3786,0xa4576817a519f66fe8b157e91f8b2db40617fba7,23.880791,0.00000239
3787,0xafba3d16a67bf6a7eb5fc96e84deeec674f80238,23.862170,0.00000239
3788,0xf58dbcb15b00a8cd7100af294791d346f373699c,23.779368,0.00000238
3789,0xc87ff8194376a1026f315e024971491abefdb0bc,23.751322,0.00000238
3790,0x47ce016739bbbeb32df5193355883e88c76d7ac3,23.711670,0.00000237
3791,0x6661afc305428bbd495becfb1618128324aa8020,23.600000,0.00000236
3792,0x6008e40db69b1da6d202859bc79f8ebf25f4c2d4,23.600000,0.00000236
3793,0x255c13346e9ca5cd0533993205f4d379cfa561f5,23.510000,0.00000235
3794,0xf148254009c97364e8bc7f363cfe6d7c82bc5654,23.444896,0.00000234
3795,0xeeaeb5c99a9de8e9714335cc6e73b64774d6bd86,23.439496,0.00000234
3796,0x755bff4a85322ffc1584bb2a4b6f44fb1b14f56d,23.397068,0.00000234
3797,0x5959c6e1f0843038616781379da7dc1faa7ae15c,23.395775,0.00000234
3798,0xa59098f370f0f3581be201e82a704b2e74c850a9,23.337006,0.00000233
3799,0x8974dc9e00e0ec591a70c49877fdc5470561120a,23.284599,0.00000233
3800,0xf20e036613ca86d2a4816894d1864b8158166353,23.283578,0.00000233
3801,0x90b285c1bbddb36fbfc363773d6689975cccdbfc,23.186328,0.00000232
3802,0xe330bb712a388d3d5ccd156fb20f472bcd969013,23.059096,0.00000231
3803,0xcca1297253902e726ee536a3b924a0b9701b4f56,23.050000,0.00000230
3804,0x603a783b312ccbe3ba0f9f8bd64b96b1dcf97b8d,23.040329,0.00000230
3805,0x6ca449f164edd7f7cea26fac33fd56894b021c31,23.027605,0.00000230
3806,0xd377852ee645da67c9d14846fb8b944fa6b64e0a,23.000421,0.00000230
3807,0xbfe2d60a69555f8a7ce1a7dc9341421a35c3e838,23.000000,0.00000230
3808,0x9c5b315d74f0ce2dc47d20128febf58903c48a1e,22.972047,0.00000230
3809,0x956b3d34aaa05441289c753eee47b341f89348dc,22.960021,0.00000230
3810,0x653592fb15cbacdbdfe786b02270b3b4f03951eb,22.912855,0.00000229
3811,0xe4a29a6ac8183cbda6ebd83bd876d809a96de704,22.909202,0.00000229
3812,0x613cc4bf184f08aad6ef7acbc306748234311743,22.908060,0.00000229
3813,0x579b085e9dfc045c1407dc35983578d0b3106f52,22.868529,0.00000229
3814,0x0c0159e59292ea6171a14b8a0457f888dd1ffe0e,22.858992,0.00000229
3815,0xc672ad515d8b4bf408c95b96959582ba2069afd9,22.854409,0.00000229
3816,0x07b2da2101b8f952420b085c7159dc99d01589c9,22.847840,0.00000228
3817,0xf5ba294d9ccfe13aeb9b55164f5d9bc0e79b25cb,22.842875,0.00000228
3818,0x07ba35c32e8fef4ebaefbabbfc0113c1567c4a37,22.833942,0.00000228
3819,0x5d82260d30f0c43348604f9892be02fed4d2c280,22.825687,0.00000228
3820,0x97cb10d195482f3ee956ce9aad693500c730b0b4,22.800000,0.00000228
3821,0x41f8fe315493a85f68eb9a77eaaa740402502924,22.800000,0.00000228
3822,0x37fbc0b98f7b3ada4e88c5d438af8b73e83bcfdb,22.800000,0.00000228
3823,0x8e0e3d4a18aa44904ebda87c5b42545d1cec2e5f,22.800000,0.00000228
3824,0x085ef803a384d7db83c421d5b7235ea764df52a1,22.774335,0.00000228
3825,0x9f1107c8d485da37fd759b81a9dbd47af5d7491c,22.763947,0.00000228
3826,0x1b3a969b36f3c34269fa0dbdcdf95f7074897d2f,22.758423,0.00000228
3827,0x01430b23965a2bb00034231362cb26689b58f6ce,22.731764,0.00000227
3828,0xb2cca5d336994fc62cdf6af2b4219da8b6221caf,22.714479,0.00000227
3829,0x7dfe266d5691bd292df0eb8fabe5830a35213070,22.674289,0.00000227
3830,0x8630efa5a89590126b9750bfb2d406ad12da4378,22.673468,0.00000227
3831,0x11d1c3f4dd863af1f903f4ffa722ac10096c105f,22.631841,0.00000226
3832,0x75ea04a12837440dd3ccb23dec3b2f0c908bebbe,22.600000,0.00000226
3833,0xec105e0f8ef2e317ed923eaa43a787d6759b2cc0,22.600000,0.00000226
3834,0xd76ae1b321c8ba3ce641f31f761a5b60a8779cdb,22.600000,0.00000226
3835,0x8b8d35895954e6cf68ed324f7dff5069de000a19,22.600000,0.00000226
3836,0x98b3ca4fda61b96451f44640df2420564cb7b161,22.600000,0.00000226
3837,0xd6e58e5f814867aba228570e8d17cf7b77eb3f8b,22.600000,0.00000226
3838,0xb92addb207c35af1dff0ec8d08b95a60dc50d83c,22.550000,0.00000225
3839,0xca6655e2ee7deb46b23a152f07017ef24e508ac0,22.510790,0.00000225
3840,0xfed64fbcac2b3ccdc6d51da36d32385aa7890691,22.502250,0.00000225
3841,0xea6b65eb635a3155b6b17861a266976ab3f3fa3b,22.479442,0.00000225
3842,0x2879a391ab4daa3c3ae8bcccaadeb036e9bffe3b,22.470256,0.00000225
3843,0xf4dd3ab2d2de6f9dae3805d4563d0ecbd66eb9c3,22.418745,0.00000224
3847,0x934fa882ce32b1db33498ca6b59f7d5237bfdc1c,22.400000,0.00000224
3844,0x87074d9ee176ecfd87e1ea07d78d3585e2e97b21,22.400000,0.00000224
3845,0xa74747385658068d1b8347a906b187331a71de3d,22.400000,0.00000224
3846,0x6b3a1471c46f2e31c86c105763768ceec95d6498,22.400000,0.00000224
3848,0x9e61d719e344b5f3d5edf1475f0fcfdd5e899786,22.360000,0.00000224
3849,0x843f88b53300251d1de92a10895eac6b2e268577,22.353057,0.00000224
3850,0x3552b36c8a1bdf83f340053a1cd3ae4d0b3ae725,22.337063,0.00000223
3851,0x54261683051ab6f5bf399405f1b969a7fbfb3fb8,22.323219,0.00000223
3852,0xbefa5df0c2386bb5fed3a83580c7a2664b3ae056,22.265665,0.00000223
3853,0x6cc86227e797a47e74010cb69d5338797dfcd06e,22.260005,0.00000223
3854,0x07c24692cd32edb9bbbe2566168f2d47c425ac2c,22.200000,0.00000222
3855,0xbb4f2bace01e06398dfd3677bb31abaeb8de5a80,22.200000,0.00000222
3856,0x1f0d70103af143188099eb3e40bed1c9795e33bd,22.200000,0.00000222
3857,0xbc7ca4077ca7aa989b5a9613774eedc1ca2c099b,22.163379,0.00000222
3858,0x25ab01ca2f46f3c9ec35df342717ee15faaff709,22.152800,0.00000222
3859,0xb649543886ac0dae6b6ed750c22a5b06969a8523,22.148416,0.00000221
3860,0xc404c0c297f1368fb2c5f667d58e620447225888,22.114483,0.00000221
3861,0xd5a0f70f131e953bfb46fb1c3cc0e4ab49bdf874,22.084448,0.00000221
3862,0xd115ed370113be9ac336288d90439daed8b68d77,22.025562,0.00000220
3863,0xecb0b3b05318e4bf83401d2c1d1336d9e7ae4e7c,22.000000,0.00000220
3864,0x30623f78d465e3d1a6c1073c649fb74aee3b0031,22.000000,0.00000220
3865,0x3d442b6d71910e465c35c1ec32c29992949089b1,22.000000,0.00000220
3866,0xd89a184ba2930bbadf8fe6700a93d035ee2ebfc0,22.000000,0.00000220
3867,0x141842f0c4f75a045fdbea1bc0531366fc6a1d31,22.000000,0.00000220
3868,0x4474dfeb3923e1d5783155448cb493a30a919133,21.999995,0.00000220
3869,0x60380abd8db8401587a9c055c274004f66eb7f4e,21.980188,0.00000220
3870,0xbe352aff2da7b6c6822ba8a67404ebc634671de1,21.862373,0.00000219
3871,0x78cd8c2abd0fca94ed09e28f031b3df25ea99439,21.833273,0.00000218
3872,0x5ad72411c43211cafaef318e9d63f3d0c1eade2e,21.800000,0.00000218
3873,0x3a1868a9100f0a0633e080eb48cc92f8e47227ea,21.800000,0.00000218
3874,0x2f49cf8e5dce90e002aed18a44b41bbc9651aa18,21.800000,0.00000218
3875,0x06b237dee269f33f5d05c1263c650fc492dac635,21.800000,0.00000218
3876,0x948ed806ce30a779b563bd6733ae32a62c0f280e,21.800000,0.00000218
3877,0xddbeca54e18f3eb92d38e71b081260180c08f64e,21.800000,0.00000218
3878,0x96408e97f6ec77cdae0e032c54c24bb1e861c43a,21.800000,0.00000218
3879,0xbcde2ea86c58a1ec960bbaba8795321e530e9334,21.788097,0.00000218
3880,0x094ab96c5dcc1931e078dbbec9132efdaa49eaa2,21.773962,0.00000218
3881,0x2dc1ef0678e9451945ba946fa5b5a141e23c8b12,21.713069,0.00000217
3882,0x8a5108b07743d5a41042f05170e849dc60fa53df,21.680979,0.00000217
3883,0x7d84d57f606694179cb9cd84b37cf3cafcc6d988,21.677588,0.00000217
3884,0x28c3da6dff95f43ffc597910a7787f0af94cb246,21.670475,0.00000217
3885,0xe97a2706f076701f723fd4599c8cd45777402123,21.643938,0.00000216
3886,0x150d9eee5d2c6bbf05e4f662eb7681ac59b29462,21.626279,0.00000216
3887,0x2a28ae90692163dde9bd08fceb780c5b45d3ce93,21.615752,0.00000216
3888,0x4353ca4846cb7926bd9c2da9d8084b388653e9d3,21.600000,0.00000216
3889,0xdc5c56014ed9f402cb04ac863b89bc5b5766f791,21.600000,0.00000216
3890,0x9130ad24b93c9dc8c6078376cc12d9486f0976a0,21.600000,0.00000216
3891,0x9e76cf7ca154997c5aae43a9c2ba58855f700d78,21.521942,0.00000215
3892,0x542f480b1aa2040de7cb3ca4a3351287819deac0,21.515071,0.00000215
3893,0x1869c739f755a44d7cb29616ce61fb6f60932264,21.472746,0.00000215
3894,0x090b10ca962f1c7cb7de5a2984b64986ba99ede5,21.447922,0.00000214
3895,0x3714c977cf7b9a4f1230c478d0dce0c17d0ff39b,21.400000,0.00000214
3896,0x83e04d8308daf71dfb86e0a89f650d83e442015a,21.400000,0.00000214
3897,0x7a6a353329e84f2118484665093a66a88543ca5b,21.400000,0.00000214
3898,0x79972022397ab7107fab8c103cf6d9a6844d9bc0,21.365909,0.00000214
3899,0xfedd19b8d60eb4425df7628fd9c3ddcb3c6cb210,21.354984,0.00000214
3900,0x104032b88ea3fb5e8ef84a487a1ab956fba7c526,21.333122,0.00000213
3901,0x1ca04448019127562674b7477b33f83c1ed3c04d,21.326167,0.00000213
3902,0x8e0785a12656c54b00ca436a6ea4f2b5a9f240b2,21.296699,0.00000213
3903,0xfd0215a6c2af15aface92f3cca54dd412d66c577,21.277887,0.00000213
3904,0xa31f87076b296b17949e6dc32a61cd33541acd09,21.267647,0.00000213
3905,0xeeb23d2002d0fa6e07dd5fe5fbb1306d4962bf3e,21.265233,0.00000213
3906,0x6391003589986baf5b2330ed622ca6d45138681b,21.253157,0.00000213
3907,0x241e46b7150c109a33f9309a93202664fc959bda,21.250884,0.00000213
3908,0x30f375506ac23457ea484a2180fdb8ec5914f486,21.234065,0.00000212
3909,0xedd816f3ea4015567ee5f627d268646e5e550a2a,21.200000,0.00000212
3910,0x75812453d41e4dd7c288a24ebb13a8147c5cd3f5,21.200000,0.00000212
3911,0x98d3e519fbc367efabc27e0414955a1307d2afd0,21.200000,0.00000212
3912,0x3d8fb048f4a96dd249287d3db1b4ceb89a0fedd1,21.192217,0.00000212
3913,0xabc3ae4e233a2519abbf229807d14671eca83996,21.176480,0.00000212
3914,0x93d2450d4a5c5a697c1105710bd0db9d94b6b599,21.157872,0.00000212
3915,0x172eb8e363b2687cba7bb5a8928b6fd2cc602c50,21.121192,0.00000211
3916,0x53e1917a34ed55be9432348f7c1c223e8f3bbdce,21.075207,0.00000211
3917,0x4846d38e0926ed326e3a200adda1bc5699ca4275,20.974284,0.00000210
3918,0x43c5ec7fd318d9121fc759bcf92cc4b1edb1e527,20.972251,0.00000210
3919,0x47144a05d63a078fb4709df003662bc988052d4d,20.908021,0.00000209
3920,0x0a4f6ecb214dc1d9acdd99743b4dcc58ccc088b9,20.890236,0.00000209
3921,0xb0e110a364988264ca3bd520a1c1b36c946f647f,20.879644,0.00000209
3922,0x1bde9f8b927dc7e638b8f9f90199fda2210181be,20.833268,0.00000208
3923,0xcabc0a85036daa023d7168e5594bec428e959354,20.803076,0.00000208
3927,0x8999fa509c47b7f58ed69a5a3eea9ca9659d6b7b,20.800000,0.00000208
3924,0xd9d969704b7685fcc36b8469fc1969b674500e5d,20.800000,0.00000208
3925,0x3410748fd3ee017fbcacf65304188263a4d993d7,20.800000,0.00000208
3926,0x014d5b3b65d32bfbf44e02a2d153453ef1282b1f,20.800000,0.00000208
3928,0x29ab2f6ac93ebf2f570fa43c82a841c21ffd5b9f,20.771054,0.00000208
3929,0xbf250f258b30baca56c54f93d81b04512c7e3184,20.744717,0.00000207
3930,0xdd6da55f502f8b6a0d6145c20fc4e420c3597ca2,20.727242,0.00000207
3931,0x4c6c50ae8cad5e4b6fa834e381aca6326b77af53,20.727171,0.00000207
3932,0x69f55cec08b39b9a659edd6ded2c4cbb104c5d24,20.693325,0.00000207
3933,0x743a32c00042e033ba68fb72d115d7d256ac4a93,20.674422,0.00000207
3934,0xb5e9129d528e96882fff9acbdb72728f382e53d4,20.664032,0.00000207
3935,0xc140ed399bd1e37a049dc2e458b66cf52bc0b483,20.659200,0.00000207
3936,0x29a3d44d2a389d01670218902c4ecbdcc6805fc3,20.624948,0.00000206
3937,0x40ecc5110533a4c2b8d75647d7bdaf2e2cb00606,20.620112,0.00000206
3938,0x90e7a832bd93581f8f1f8af241be8495c6ecc5d7,20.615131,0.00000206
3939,0xbd44a7d04cc50c1cd0ca92940288631a6dc56cd6,20.614635,0.00000206
3940,0xcdbf8fc26a0801dd9216e9c451d70a525c93c276,20.600000,0.00000206
3941,0x5ad1f1d1c7023275d26bea07cdb3a55afcc35e1e,20.600000,0.00000206
3942,0x6a63fc0b702949a60b49056746b20818ff9c005c,20.571901,0.00000206
3943,0x66578cb37717e390d345181bdc1fc573549f78b5,20.503840,0.00000205
3944,0x1817c83fff91b6ba475233361decf5a67635fa27,20.498263,0.00000205
3945,0xd729e28615e33181204f1803f64787f7425640eb,20.497291,0.00000205
3946,0x53df64b3ec65dd2a859e95ae0e6f1db838c1bd28,20.475220,0.00000205
3947,0x5d8699ac7717a65194b1adf4f2ccaa56cd20ee61,20.469310,0.00000205
3948,0x31ccd33a1e3d7a97477d75d0e8cc8ecf773ce524,20.436599,0.00000204
3949,0xd03ff5da4512a8970585e3ea70c6ea15c9204ffc,20.406214,0.00000204
3950,0xb909d66dcf3cd5e76d4f612790923268df66d24e,20.400000,0.00000204
3951,0xec58409472d2bff3ac676ee0bddc710caf51fd25,20.400000,0.00000204
3952,0x974a92654e0e22ee3cee28394dcbacd7d0a3d7ff,20.400000,0.00000204
3953,0x4a7f3ded0fee26ce0310ec3739a68725e9a673a2,20.400000,0.00000204
3954,0xb40a5f5eb3aeee66b742dfead7f61f1e152304db,20.400000,0.00000204
3955,0x0b829f8e6b89c7676456825bed37ba1539a5af7f,20.397663,0.00000204
3956,0xc8da392fa4f37f236c8049658fe2a67788d1d047,20.393537,0.00000204
3957,0x037df4a476c1578175a38caca11a5585d233af9c,20.390000,0.00000204
3958,0x3733fa8069f7e79b89b993080ba455aaa5eb8bd9,20.356017,0.00000204
3959,0x6a9b2ff009ae9fd9efdf7199f9554005c1061f93,20.355159,0.00000204
3960,0x866900d35d260b18edc11196fc6b5f328f941d1f,20.345104,0.00000203
3961,0xb4861724e970b8af5bce8fcdb76cd9be62037caf,20.340991,0.00000203
3962,0xc02e57ce06f516702f539134dc670a7a1291185d,20.316638,0.00000203
3963,0x4a49cfca21a52bfb1e62dd3b935f0f2cc233d4a1,20.260704,0.00000203
3964,0xab58b50b25470c86d5657c593d5d44c443936f7a,20.251529,0.00000203
3965,0x4c61713e6623ac5e97c59aa1290e27d4b27aaf24,20.200000,0.00000202
3966,0xd6b3a1aac9b0d742f0322901588d0d5827968a51,20.192737,0.00000202
3967,0x1bb975e36f12728bfba67dc4ab750a0d8656430e,20.183943,0.00000202
3968,0x4c932b5b5a431bc42a981723c8b8dffafe1e8b62,20.176842,0.00000202
3969,0x52cc48c0a6f183ab9cf0d1666785eb8afe55e876,20.116549,0.00000201
3970,0x2283e40a543c452752b1738f315ede03531e2807,20.107285,0.00000201
3971,0x65fe4b8059d9633bf36fe31ed3dfa5b739a2171f,20.084087,0.00000201
3972,0xa9d39128bc6d17b09bd8d4c26bd8b453d0f012d1,20.082639,0.00000201
3973,0x5fdd3c51c4cd26fcb4cfc4b896b7dc3e8975a0b5,20.059383,0.00000201
3974,0x07c29630dc30f743caaa1d0a8e4d76a535ac20ed,20.010000,0.00000200
3975,0x55f5c020371481292b771419d9ce485e5afc7031,20.005286,0.00000200
3976,0x734a7aee270c8967ccd5ba5951a9f353aa104f7c,20.004065,0.00000200
3985,0xe393ef125518344add214d4531ad7f307cb101f0,20.000000,0.00000200
3986,0x636bb636ebf9e3005d284654c484bd5e27256c1e,20.000000,0.00000200
3987,0x84b1027bdfa21c4d416486b8c0608d54ed96dcc6,20.000000,0.00000200
3988,0x5292692c21318c1ee2617a390b22cf320bb8d2e4,20.000000,0.00000200
3977,0x1bab103d12190fb001c6ef300c9721aec5d39f5f,20.000000,0.00000200
3978,0x59af504d35146abd20204215aee400c18b9169b2,20.000000,0.00000200
3979,0x591c269aa0317b565f19b3c1ac8c5792f2cef8e8,20.000000,0.00000200
3980,0xf263bbbc494f1f7afb1482e30002533be3f0afa7,20.000000,0.00000200
3981,0x71f58305fa205e95e5aa80433315d5688cabab6f,20.000000,0.00000200
3982,0x773460940b8b1f6fb239fad1745404550b51b372,20.000000,0.00000200
3983,0x4a1fd046ec9940ffd750ed9628b4a8008cc6b554,20.000000,0.00000200
3984,0xa3bacc131822422e6125086d98708829488dbda3,20.000000,0.00000200
3989,0xfa00a9ed787f3793db668bff3e6e6e7db0f92a1b,19.994153,0.00000200
3990,0x49363515581a09157b425be196df8ad964cbf525,19.989210,0.00000200
3991,0x9ad2bf5c84b7089ddd80495dbdfb6db2ed47e6db,19.989010,0.00000200
3992,0x7af2e7d0e472c766c850bbbf43209eb8e36ead87,19.987756,0.00000200
3993,0xa4556c5df27339d1873ed496ea268729229a3395,19.894164,0.00000199
3994,0x17b74ad6fc1be13b05dee534b3030d217a28d2c0,19.832486,0.00000198
3995,0x74554d543b50b740e14dfeffd0f142948e66f890,19.830000,0.00000198
3996,0xa067d7a12accbeff778ac070db25fc4113bf7394,19.800000,0.00000198
3997,0xd4bd006f01a3f2682e79af04613dfb6cd7daf4de,19.744413,0.00000197
3998,0x1e67e9a552cd1e57a6943631787a6a5f76ba76fe,19.728674,0.00000197
3999,0xdd1ec42a7968de1b238a96dc63ae2d2e10a59b51,19.711517,0.00000197
4000,0x378b4ea5725a9f4625cf36992f40ad1dbf4d00aa,19.693071,0.00000197
4001,0x4553a8e415c50f4b8a1fe0101070c186f85c00da,19.600000,0.00000196
4002,0x8615e62f88f7d678361116c34790cfa986b717dd,19.600000,0.00000196
4003,0x2ec3644a89ef56a21b1b14c168bd200e8c512700,19.589258,0.00000196
4004,0x63e6c9470861ac9789119c5e2137e5a4935de0c5,19.574324,0.00000196
4005,0xb3795845cc90a6d5aa53ef754362f3dc7e0a222e,19.571999,0.00000196
4006,0x0d0c30724901089af5cfb0d68e28a85662066e18,19.551038,0.00000196
4007,0x6d7036f2ec8d19e12275bfdee2e1bd12b48c1023,19.494534,0.00000195
4008,0x5447dceaa3367441099262797515904bf3b1bdd2,19.460889,0.00000195
4009,0xb63a0062d5c4257ce33e5eb02e010d1fa556b71b,19.418286,0.00000194
4010,0x0400d6fa7b7b17d9d803071b2b87dbb9175bc613,19.366757,0.00000194
4011,0xd9695b20bb61cb0c4abd91922a1b696743ccaf66,19.350000,0.00000194
4012,0x89ffe9a07f7c72fe331edef82cb371d3dd58d5d3,19.282920,0.00000193
4013,0x95f3783065cdf4997426f34fc37fefbd60e6aa98,19.259748,0.00000193
4014,0xd146f4777a8e7e37c80883056a78043518ff4a59,19.238498,0.00000192
4015,0x1cbb3e283d50620a7bb3cdf884c8db6a4d340e67,19.206158,0.00000192
4016,0xf1d7a2144014682da9d54eb2352f2ae52ade8d50,19.200000,0.00000192
4017,0xfb1a22bee2d5cc70435d42df97528131083612ab,19.200000,0.00000192
4018,0xea1f4c245c93edc4cbaaba55948ef3bf719508c9,19.107735,0.00000191
4019,0xa49f6cc53fc52038dfbdb206d505beed1c87976b,19.088775,0.00000191
4020,0xfc346fa8eb8c29e150a3820ac0c02d83271d82de,19.070187,0.00000191
4021,0x3533ac761fae5d8498e918bb6a883e4180212369,19.051646,0.00000191
4022,0x3c84e831d8b8406555025d3efcf45565e8bac30b,19.009091,0.00000190
4023,0xfbafc278c1cf7b9bca05b6bb0e436356458075d9,19.000000,0.00000190
4024,0xc8b0c4c5df005ce490f944d36638c5f5e4708db1,19.000000,0.00000190
4025,0x7eb533e0d678bdf6bc2f22bfa7cc7784a422caf8,19.000000,0.00000190
4026,0xf984b2b45cdb7160ec800a251f27ece1f6dd2910,19.000000,0.00000190
4027,0xa939997f7b86504ac8a5915c9fcc11d0d2756979,18.956428,0.00000190
4028,0xf668406267f72f3667ff579b2fef43d14e3099ed,18.937408,0.00000189
4029,0x3325128bc8e6d0ab1b947c7fa894737b8340d6bb,18.920181,0.00000189
4030,0x8c9bf25a2f088dabd87d5eefbc62ee5265592d41,18.861085,0.00000189
4031,0x73e6d82bb16f3a4419aa89824fc7021adbda968b,18.857796,0.00000189
4032,0xd26b578621a3e28ab4ae3a5548bc5fbe42eb13ea,18.857527,0.00000189
4033,0xe88862960103ad076380f5f03c63e5299a520cb6,18.797373,0.00000188
4034,0x6f51517b1546b4132614185aa93a653af1c3bfdc,18.775582,0.00000188
4035,0xac5013ac694b8eaf48634fe6ee4951207bdda0cd,18.771385,0.00000188
4036,0x6f5a3d0ab226ae10de1fcb4ba6af8192b9f85a49,18.750753,0.00000188
4037,0x20e7630ec9f97f792aa5da9c74e0a1652512641a,18.696273,0.00000187
4038,0x3778c85d63953a6b9d1fa63f4ae4649d9a5b16d3,18.686928,0.00000187
4039,0xc93e3e5ce3e027424df89d93fab123fc0329e482,18.643630,0.00000186
4040,0xedd2103c0a2a0ecc2d734ea98a1a2af9e474dceb,18.600000,0.00000186
4041,0xc72e230ad781a8117fc381f8976ff61ef2f37ba0,18.568555,0.00000186
4042,0xa24cf10ac81167436edbb360223abbed4846d1d2,18.502020,0.00000185
4043,0xa8185bba1eed00f7d39c80f9b33e25733c0da320,18.500000,0.00000185
4044,0x3789786fc7682fde12995e2b6227159a18ee6c7a,18.478289,0.00000185
4045,0x0c321d645e921f7efc8229c0db4827c674b6e3e8,18.412416,0.00000184
4046,0xa5dbc0177270ef11dac3b0915b3360a5c7a79ab0,18.400000,0.00000184
4047,0xef059cd38f5a63ab0362575d7a980e9ab92d576c,18.351233,0.00000184
4048,0xae83ba03dd6b8c10c7254214d01b0c7e0a9b9c82,18.350348,0.00000184
4049,0xaa8de2b3ba1855c319cf1d09309cc9d8b6fd35e2,18.300612,0.00000183
4050,0x602b0c3a8a91c61a3b36b3ce5ffcc88d5d7bdadc,18.268694,0.00000183
4051,0x50112fb31ccd16a0bd7f1992c6010ff5f2d6b354,18.253553,0.00000183
4052,0xb85b95ba95563e48b9fa53a0b51d19b5538fd4f5,18.200000,0.00000182
4053,0x3c1b983dad59080441bbae7562ee5a38dd0d4159,18.200000,0.00000182
4054,0xf7089bbd13a7b4bd75af5120407f9ffd464cf508,18.184992,0.00000182
4055,0xf94694a82fa6de88488bba5aa4834add9f86461a,18.169700,0.00000182
4056,0x7979a59d6f4d3e79edaaf8a1237f70f048238b89,18.124438,0.00000181
4057,0x2f021886050257845fd41fa0925fdeef9d39733d,18.030000,0.00000180
4058,0x2438d5fde0faf4a0ac60749431eae2c3453615a9,18.000000,0.00000180
4059,0xb75016f62c8648611c4416ff127cba0eb725bfb9,18.000000,0.00000180
4060,0x75e48d2c8abe2a5a68f270b56fe68ae12b8e4678,17.965079,0.00000180
4061,0x609f502e5d0b7468183b3a694e0203321e33c4d4,17.955162,0.00000180
4062,0x4bd1ee169bdf4e93f83ea6f043ed2541e020de36,17.930000,0.00000179
4063,0x9d4bf70c10136f1e03788cfd349573f528af10d2,17.887773,0.00000179
4064,0x0f47f365f0adcd3d5d969eb8f20428d749804ccf,17.869552,0.00000179
4065,0x978e7744b47edff7586f9942faad9a7a56730604,17.849729,0.00000178
4066,0xe4059c6833002d1df95430d336c96277845e8673,17.800000,0.00000178
4067,0x284f67176b5b162f9cb0eca1e9edb70e35ecf501,17.772901,0.00000178
4068,0xf2648789abec3ca846b3c3ee6773157c9ffab094,17.745473,0.00000177
4069,0xcaac1c1a6b85520b082c0558ce192cfc2b7a95d2,17.739348,0.00000177
4070,0x99ae76bf650640f79ce56f73b815f3a05189165b,17.664231,0.00000177
4071,0x98c81f53df56f402eca3cde8a5a0a18f5cb40df7,17.660000,0.00000177
4072,0x90cb17c7079f6989f99e12122e7f02ce66da7f03,17.659998,0.00000177
4073,0x2e2651f16e5b8fdc85d1bf73c0ed34b3bb210f9d,17.654861,0.00000177
4074,0xcbf5de379610eaf7285537b49451e1dfa2677e33,17.652523,0.00000177
4075,0xa2bb6fd496ae813cb1cf7384f0c77a32d2b1ff6a,17.633767,0.00000176
4076,0x24cd57fc2628e06d36d6f77abf90cfa398201003,17.600000,0.00000176
4077,0x2f4f0eb0c9146d87f1e9ab3c62eb3796d4f97649,17.600000,0.00000176
4078,0xc98a814007f076106bc7ed83d8080756d55209cb,17.574091,0.00000176
4079,0x5ecada6d21582a5c1357a2ad45aa54cfcccfe47a,17.558821,0.00000176
4080,0x56e508875b1d877778f23ec37c0a17a5d9392f83,17.549267,0.00000175
4081,0x81727959fc23610c84e6e9271be4dce254267c52,17.546897,0.00000175
4082,0x760c3aa1e656f5193d5e249a1f3a368e3433218d,17.545651,0.00000175
4083,0x7b9cc2753b33c9884dfb66c38b011c345c10d1af,17.448201,0.00000174
4087,0xb31986d6ef840b8098a3d3a16aa55e986adc22c2,17.400000,0.00000174
4088,0xf3ab9d38970d4ce165e3216a183042908b1ee521,17.400000,0.00000174
4084,0x26baff3cd7a2eb0119ca64adc8b3d867acc44d05,17.400000,0.00000174
4085,0xe5c6917bbd33ae5551d9415b5744a00ddb67d36c,17.400000,0.00000174
4086,0x8004ac22494d8ec926ff95b04c273ca7599a3fdf,17.400000,0.00000174
4089,0x764d63adb804c3ef8dd51a80bebbe1f26d420025,17.350000,0.00000173
4090,0x0b757929b0bfbe021a73b261332b073bb4fb17af,17.315017,0.00000173
4091,0x135f3f6beda48fab01ba7cfcf88f633e3c7d4772,17.297199,0.00000173
4092,0x16ff693ad25168eb29bc671d09e302675f229304,17.291297,0.00000173
4093,0x2a51dd6fb408da16b5ee10402636a1936a93ed14,17.289813,0.00000173
4094,0x90cbe4bdd538d6e9b379bff5fe72c3d67a521de5,17.275914,0.00000173
4095,0x2dcbc69ca4d13c232f39fc65d1aa568567c1c1c3,17.236751,0.00000172
4096,0x3ce37d80fbe75f065d5413c4785e82e03aa35ebe,17.227611,0.00000172
4097,0x74aa5387681505c806ff1e972b12cdfd01406828,17.212900,0.00000172
4098,0xd160ebed2b1798e8a462862d7008ccaac49b77e6,17.210000,0.00000172
4099,0xa80972a344e18c0a15848bc90f9c15f8e0f35e57,17.202632,0.00000172
4100,0x4de0a593f89415b57830e0602e4cb47a4556a45b,17.200000,0.00000172
4101,0x453cbf9d646458a5b97b6ba9752a600ddbc79a71,17.197890,0.00000172
4102,0x239beed8a430e816e1259e38d65c1a036c5dfd3d,17.174444,0.00000172
4103,0x241d75adf6e22a8fe95c3ea89d911235fb839e45,17.051711,0.00000171
4104,0x5aa56e409325adee11dc138e4d5ebd6407f3392f,17.048686,0.00000170
4105,0x15fbbdcd8047cd1310b37671b6b12d62e0e29ee0,17.044519,0.00000170
4106,0x707a652b9e00927257fde4cad2e8166e13c03227,17.037596,0.00000170
4107,0x94689dbaec9b5f5792d6e9af52eb8451093c3d2d,17.000000,0.00000170
4108,0xcc01ef33f793ff0a8da26d19b2c4428f62753f85,16.992338,0.00000170
4109,0x4fd1ab7687c6432ed67e718eb51a9a193c54298d,16.952252,0.00000170
4110,0xacda5ccf58c3ecc93a7f85b5c030615f10b47bc2,16.903295,0.00000169
4111,0x394949674f4906b7a9d3fea84e729934274b94a2,16.874287,0.00000169
4112,0xf06e22caf3b7b64f03e0eb1b41de8b1a517c9457,16.849703,0.00000168
4113,0xa7dbdab54f75e2e8a1f1e97223b32645c4bd2e12,16.841896,0.00000168
4114,0x7e91587254255c813e82e6c84455e1001c22fea6,16.816799,0.00000168
4115,0x230cdca985ab3aac621f4fc777b40f31bcb97ab1,16.803615,0.00000168
4116,0x36b2a96494aad9d062c865a9a033fcaf0bf12409,16.798793,0.00000168
4117,0xce9142fa759c3f3abd9dd770f543b21f77b06eb2,16.785357,0.00000168
4118,0x778d877ad24623e7e0eb7bad1d3551ea5b75d299,16.730531,0.00000167
4119,0x831e0579a7d0c31791451a30ac4f2bd9bb7129a2,16.708949,0.00000167
4120,0x7fae0cb59162903360d1ee669b6c46a8b9cc8845,16.685735,0.00000167
4121,0x3b32a9d89c2b05f6101b6c0ad6936e78d4d33b4e,16.678030,0.00000167
4122,0x3aa313f27994ccc0688855fe0820e2701be4741c,16.677503,0.00000167
4123,0xd24269c6803eea8c86b880b9e2232102863d01f9,16.609560,0.00000166
4124,0x3d6ede66008b653c8b08d3f2a66d9c3285789ce4,16.600000,0.00000166
4125,0x33ecbf7d63814c8cecf9ad7e65a8b7ad8becf60e,16.589793,0.00000166
4126,0x513bc44de31c959b99ba26a9808ce559329f9835,16.513471,0.00000165
4127,0x9ab8fc356c4170bae5335d9939f174f8269b3967,16.512278,0.00000165
4128,0x78daa97ae763af3c8af20925b2467347eff3c08a,16.407952,0.00000164
4129,0x79b2c79af8a11cb94d5fff8830d842475daccb82,16.400000,0.00000164
4130,0xb984a1c658eba597cfdcc16bf147498aacaffc9a,16.315148,0.00000163
4131,0x00fc172b62fa311021168ca296cc38824c790aed,16.310000,0.00000163
4132,0x7fdbc4b8c8fdb0197d4726dc0be9623528250fd7,16.306100,0.00000163
4133,0xb151f9b1091259679782ba81851ccfa967387466,16.258771,0.00000163
4134,0x775690f46456e3700b1aebc9303a86749c908779,16.242382,0.00000162
4135,0xd00e1576e906ed06903c6d81103f0b87a13c59cf,16.231152,0.00000162
4136,0xaa26a6c29e01b5acff3dbb22e64a934dda0df915,16.223138,0.00000162
4137,0xc5ab95610a0b79ea183a7daad2189f3b707ae77c,16.219387,0.00000162
4138,0x27976e5fab43b05d715d2d09404855cc76ab1e7c,16.200000,0.00000162
4139,0x5e303bf491df410721f0f4689c974ad29d108035,16.200000,0.00000162
4140,0xddf79dd76ec2cf8be437d8717a36b9d10c429c23,16.192886,0.00000162
4141,0xb273be887db9d1bb625a837b58ccd821f4ee986e,16.153563,0.00000162
4142,0x2715f1a6b689c628f0000f238f586bd0b6adc294,16.149909,0.00000161
4143,0x3f8a5c44bfe656cd302d013864cb5fdb39d05424,16.145965,0.00000161
4144,0x3fe996128cebdb767fde4472340db69bb6ca12b6,16.135697,0.00000161
4145,0xcc809a3fc1f2285938998f76775019dfc49a23ae,16.126487,0.00000161
4146,0xf005843f26318a070b2bebc6ef2b8deb9da7c516,16.123493,0.00000161
4147,0x10b620f9720c0c6460484a81c59a6297fa48f817,16.055871,0.00000161
4148,0xbf40d93121a7c64fa0a58a9cb3586a7056bcca1b,16.000000,0.00000160
4149,0x4778480c6c46521c41f7e4f2318f884b157cb1c9,16.000000,0.00000160
4150,0x4b59e397140bce4747d7161784fbc5da403425cf,15.874406,0.00000159
4151,0x730417bde8cedb3e908e72d0065bb5a74dea0966,15.861190,0.00000159
4152,0xa9c9cf0cc6d3fec61e5f53872ded11875e6f0ed7,15.762594,0.00000158
4153,0x08179931ff9d144c48082e7fb35c9b89a01f1a7b,15.710269,0.00000157
4154,0x8e9fe57fcd3fb7932a30b29dec7f8a225d8a6293,15.704629,0.00000157
4155,0x2e1ca1cf15e0e64c19711f67b3c4afc1e8eb131a,15.700511,0.00000157
4156,0xcdf78e9445dc8d593893b161340ab1029a577b17,15.693155,0.00000157
4157,0x86ff3c3646e115d6ee2c4b7943345fbfd63604a8,15.663502,0.00000157
4158,0x8712b46b2da46521bbf2b47f2a7f005a5902e1a3,15.632231,0.00000156
4159,0x907ab90afc871b73e4d0b212f1a6798ddbb2f9a8,15.628411,0.00000156
4160,0x60ba6a870a7fa5b0b9c23a0519af3b43cf57f861,15.607104,0.00000156
4161,0xf5f2864fda239dfe8760f0df74874a0001cb1475,15.607104,0.00000156
4162,0xf95fd72b4269adafe7df37710ba9ec6225bb17a6,15.562317,0.00000156
4163,0xb157d31da038b012015ae199e3ba654111c358d9,15.474323,0.00000155
4164,0xbc5b738cfb44d6c569b46b62718e5db4171b939c,15.454069,0.00000155
4165,0x2c5b583d315b82f6e7ea8568e44a8d9371cfe2ad,15.438760,0.00000154
4166,0x154aecaefad144c77d66ddae368aa830076209d2,15.400000,0.00000154
4167,0xaf402dc4145efd7bf174a58beaacab659d852110,15.399189,0.00000154
4168,0x126623adf82f33b4254efdf3a55dea838e362fb7,15.387920,0.00000154
4169,0x65b45b481835ddc998649466c235c94d80c0c4c4,15.371500,0.00000154
4170,0x9c7210105fca70af469b4ae8a345e8c22b7410e0,15.369650,0.00000154
4171,0xb6352e4e47325d4fd63da959a15f387abe241b34,15.368743,0.00000154
4172,0xe880b190115ebb8d21162857e9469da0ff095852,15.353145,0.00000154
4173,0x8ad9cbd99a0cf46856680c08d8829c6927028843,15.350733,0.00000154
4174,0x1f2f10d1c40777ae1da742455c65828ff36df387,15.338333,0.00000153
4175,0x3fc39062cb021dbd1fe70023f676a7c328c31c01,15.287067,0.00000153
4176,0x431adac50fef54d8e2c4b5d92322f64c27977ad0,15.264460,0.00000153
4177,0x52c7e9048a1e346b325753261644a22389b5c39a,15.246900,0.00000152
4178,0x2d85286bf3694fac29073c12280c502476d62121,15.218511,0.00000152
4179,0xcd3adc48231ad4587eb41a0e0a330aa963d86688,15.215646,0.00000152
4180,0xb9639687c5754f66e7f55fefabfec74e073e47bd,15.208542,0.00000152
4181,0x480bac13fe2b8b168a0d02d09bf8b8bc3d64f8b4,15.204084,0.00000152
4182,0x10f390ea96a12c5dc9372252d27e682faf5c3206,15.190000,0.00000152
4183,0xbb4e3a16f94b06875705abf4fb001ec9f393fc76,15.127734,0.00000151
4184,0x052f6a369c0d2adfac1d8666812f1aed582672f5,15.003185,0.00000150
4185,0xc64d13c2932fd5d790b3b71a91c3a878da7fc4b8,15.000000,0.00000150
4186,0x970f949df1e24f378db4560f76cc7f9caa1c66b3,15.000000,0.00000150
4187,0x33ab86f9fb1442814e39b2ba3d8e4ae4c6a52d96,15.000000,0.00000150
4188,0x28eb848ca821b6e46b24973d478b1f03d5d2348c,14.964734,0.00000150
4189,0x0a8e39ea5adb02eb6001641767067113d9d02a68,14.933141,0.00000149
4190,0xccd539d25d1648ed725b9b0280f2de9a5471d8ed,14.920000,0.00000149
4191,0xbbc2062833088c11b8a4fc9d9f3986c60f6eb101,14.893751,0.00000149
4192,0x88ed8a52744ce46802edcc446d933fc450ebc6fc,14.850759,0.00000149
4193,0xbc98b78568ac6e073b761494f16174379657e2bb,14.780516,0.00000148
4194,0x3d4125c98759ad181629b4193d872e2d378fcddf,14.751559,0.00000148
4195,0xe01ccfa5adc9183b43b810b26ffe3ac86935a29a,14.734994,0.00000147
4196,0x3b830e4fec5a9f39c4534ffb89143032aebcd592,14.710000,0.00000147
4197,0x37e945ed26b17a631d7df3382c2808cc1c7f07ed,14.664953,0.00000147
4198,0x2454d4ed2830cef294768904c5f303e845539cbe,14.659388,0.00000147
4199,0x1575df66c5df0e9b479986867f02e819a4e6ac75,14.638090,0.00000146
4200,0x2aebef82cd5e4321a5df643ce03686480c196bc8,14.631009,0.00000146
4201,0x9fa0cd7a7b6de225c4ff93faf209a41fed0dab2f,14.606713,0.00000146
4202,0x3cbe1f3bfddf6ddabaa5b7dd38a2516727a6947f,14.600000,0.00000146
4203,0xe2bb7f3a97dafd09681e512ef6f5a0fed12f3728,14.600000,0.00000146
4204,0x1c816d8996e09c4624fed31926ebcbbb27fee8d5,14.600000,0.00000146
4205,0x4063060b9ac522515e3ec4634ea9aa7dfcb79bc7,14.600000,0.00000146
4206,0x779a54478937d34571d88eb8e99dd48e1eaed0d5,14.600000,0.00000146
4207,0x17d1d7bc56ae7aaf4f5d16126d364923ba271416,14.563910,0.00000146
4208,0x5eb9dbbe5eead510a9764eb31b1ebaae92bd58a6,14.560000,0.00000146
4209,0x7d2e04d12b53b69b1322e0cd1c26379dd9d49ba5,14.519026,0.00000145
4210,0x6ad7ff1bd8d924adf47312c1ccf4a9a7d5038cca,14.447507,0.00000144
4211,0x1c7fd1446f768805a6ae22462521dbef32a1aacc,14.394758,0.00000144
4212,0xc312b16f364be7af0f3c9b65d9c7616e8cdc4a70,14.375399,0.00000144
4213,0xa045a069e80d971686fc02076191d852afa7bcbd,14.357418,0.00000144
4214,0x865989e3ecc4df56221408bbc792f6430e96f731,14.289389,0.00000143
4215,0x8211fb704df04b4adb8a73576b8527a31da261a2,14.278946,0.00000143
4216,0x31d95ae665ddbc5757f0d0d5fa458a2b810bb1d6,14.278939,0.00000143
4217,0xe28a203a1718565dbb6dee7b41b716f19225a2f7,14.272500,0.00000143
4218,0xf270f123d12b1fbd15dd197c0745506687f2503e,14.258432,0.00000143
4219,0x11f48f4a6985d7c1df95b5aa5c30920969a62f88,14.243616,0.00000142
4220,0xa7237974823f9a5c6dddeb529c9a592b1e19c370,14.234600,0.00000142
4221,0x1cda83b57a79eb21485bb5002611ebb423f8c741,14.169430,0.00000142
4222,0xed1e0aded3c0ddcd40d3dd71d172e35385f22ac3,14.124443,0.00000141
4223,0xf335ded2985509ccb3be1dbdaa91e704ed9e9eaf,14.108768,0.00000141
4224,0x70babedd3ac2c5c2dfd781b6429ea72505e63ab6,14.084570,0.00000141
4225,0x210edca520972ee287415f876affa6393a5c647d,14.037385,0.00000140
4226,0x301bec70ee01756dc3bfb5522866371bc01eeb68,14.017836,0.00000140
4227,0x3e35f2506b1ce1108473e820a4b298d2d661f7e0,14.015587,0.00000140
4228,0xa2dd248e9c1be5aaba54cc1abc7f57b93c1e9e81,14.000000,0.00000140
4229,0xa26ba7d786889c533e47a7bd94bcaf45e2061df9,14.000000,0.00000140
4230,0x016f0cc13de9d24c730df2dc68c516495991dbf4,14.000000,0.00000140
4231,0x0b50f8e972ba4881e726e6ae72861acddd0efee5,13.996509,0.00000140
4232,0xc5f32b9b4435384266baa4f6eda87207fbd62dca,13.975571,0.00000140
4233,0xb1589178105be850b02ca3cb07290903935f431f,13.973427,0.00000140
4234,0x4a2824bee8b31792337ac029572ec1c2db19640c,13.969852,0.00000140
4235,0xb144048c2088c38472743a9ffc58e34eb2b92935,13.927027,0.00000139
4236,0x99cafe9defcd348f124a08b9f5ecbdf6966d2732,13.913248,0.00000139
4237,0xa49fbd2115818336777ce4dc03223146f27841a7,13.879989,0.00000139
4238,0xdf47da2d6bc75a3fc21ba59a53697ea928958004,13.827115,0.00000138
4239,0xb17e38e64c418082c948d627489772a274665670,13.814733,0.00000138
4240,0x00b18b7ca2b5ec2028947699e7856ee5df534527,13.802112,0.00000138
4241,0xac035c53e7772b9f026dc7f74b87d8cb9e948e0a,13.800000,0.00000138
4242,0xf7f15c060c53ef137c8edcea795d0e278c93b45c,13.778602,0.00000138
4243,0x37306559f8a76a70ce2ff654fc5d3b6b6462e605,13.739307,0.00000137
4244,0x25ac5f76af9c1350e63335f593596f9ecc968fc0,13.734041,0.00000137
4245,0xa50242c7aa9ad911f807a94e8026f42f322bccbd,13.719103,0.00000137
4246,0x2da5e54ac1fad54ff9f99f068ae35b82d785277e,13.715256,0.00000137
4247,0x296b092bcdbd212133674bc23cb2f4c5ac447faf,13.711018,0.00000137
4248,0x952d6ca76ae6ef02d572a8d94ba3d324646d56ae,13.688913,0.00000137
4249,0xb2d71b6366254d5611814c8b12d6bad0efb852db,13.642767,0.00000136
4250,0x987d213330855f7bc30b855007c98c69d72d7e62,13.606169,0.00000136
4251,0xc96d1c47712767852822ac371072713fb1f7840c,13.600000,0.00000136
4252,0xfb3ff528cf1fcced8edee23837a4841ab74d9e60,13.590714,0.00000136
4253,0xd7c04b060a5b0c787654fec7e1589ba18fb68f06,13.560657,0.00000136
4254,0xeb00afd18bef7634136173002e33491fd41c1e1a,13.551320,0.00000136
4255,0x45e2ff55a89b11bfed3c9650e8ee281f01b6ef8f,13.520181,0.00000135
4256,0x2b6a6c5239c54a9746ca180080a948d194f89d44,13.514664,0.00000135
4257,0x635a64c9d39636b602caac51b71adfc654896b3e,13.510592,0.00000135
4258,0x62d8e6ee95edc933098dc83cb5701c8fc5f41236,13.464721,0.00000135
4259,0x2ff88a47edfcc860c6dc3e7584af3932dcfc4376,13.451498,0.00000135
4260,0x7cc78c23069280f0a9db560df2cf7f410dcdab65,13.427014,0.00000134
4261,0x1e72af87927bced746a7253c3a7902960856b8e7,13.418525,0.00000134
4262,0x93321985d9b10d7dc06ad28e4dc57400b5274250,13.409506,0.00000134
4263,0x3b6fe38559f4f4bbb20ada95c4a3aa2a049fbb50,13.400000,0.00000134
4264,0xa54e1a31b63a966e0abfbce2050321a1a557cb61,13.400000,0.00000134
4265,0x80cfe62d09525745b2300195e75e21cd2c729266,13.392230,0.00000134
4266,0xde7259893af7cdbc9fd806c6ba61d22d581d5667,13.378268,0.00000134
4267,0x218b81a3eb2edca959b8ac0620b4bba8340ba3f9,13.364759,0.00000134
4268,0xd435248e93297c693f1b183a65d8d071dd16dc6d,13.360000,0.00000134
4269,0x04630a149f5fb33976d3ac9757c70bd44de78870,13.338901,0.00000133
4270,0x363a52bb84319dab8e91563eab906d694cf98d2a,13.335726,0.00000133
4271,0x2b373cdcaafc2d66176ddbcab9b4fc2df6e23850,13.322614,0.00000133
4272,0x0c5646ae03c13b9e1c64ac0aa3cbb9453838e13e,13.297044,0.00000133
4273,0x48ee5aaaf508ccabce1a4ccc08cdba522c365d90,13.296482,0.00000133
4274,0x325092a10ab3471060de2bfe39cfd3360965fc52,13.288000,0.00000133
4275,0x89bb552b87bd99108371ec60b156bda8a8922338,13.279033,0.00000133
4276,0xe54bba83e7facf6756ba56ec7bb4868f048dca89,13.271700,0.00000133
4277,0x66e1192a98de9e725e6b51732c90048bfa3b1c04,13.260000,0.00000133
4278,0x35e81710f13769155dc1167a58f6c24445647287,13.255554,0.00000133
4279,0xc301626560b049a80214f948749b9909c183cda7,13.200000,0.00000132
4280,0xd18537d9236f04e5557d8e813c7e9d1b14884328,13.200000,0.00000132
4281,0x2c20184bdbcd7afb9ce70e2307b8dc0820dfb3e9,13.199369,0.00000132
4282,0x8512c495012e48d53ac26dc7e57d51ffa9cdeba5,13.191002,0.00000132
4283,0x0a4023825c215236a032b30de98727677e7dcda8,13.162347,0.00000132
4284,0xc9ce3f407b40e1fb7061dbea0fca5dc7ffd18e99,13.142488,0.00000131
4285,0x63da8ef331c2024490b6cf1870c6a4b6e847da25,13.090000,0.00000131
4286,0xbfe0832e49497755c8c8cd3607f5c6052d8ac70c,13.084403,0.00000131
4287,0xcdc4e4379ab3bdb327abd02f0366932680fea843,13.054868,0.00000131
4288,0x72b7140872661c375328c85f9f909699e3077aeb,13.019683,0.00000130
4289,0xc4386bd520fb23f716f8e2dc3e2405f2b7b33163,12.957828,0.00000130
4290,0x18cda878fb98c1019294c8e0a3603a6681ae74b2,12.945068,0.00000129
4291,0xe859325b2d280aa1fa1fa8d8001bc299e1ceff2f,12.932445,0.00000129
4292,0x61b3d5ce64301e1fe644b1d64de4ab88f8865add,12.913190,0.00000129
4293,0x89517c63f4b8c9de9e595a59edff9b447d64286b,12.823666,0.00000128
4294,0x1753c255385ef40eb2d662653a26f4b0b0204ee7,12.806028,0.00000128
4295,0x2d194b123bd9b2b8714bd2e23f952c19e14b158b,12.800000,0.00000128
4296,0x2cc233cc77944024486ee176238bcf64fd0fe319,12.757437,0.00000128
4297,0xbfded67c2415e21f251bc209ff11a2fb74dfd0a4,12.750144,0.00000128
4298,0x03f87922c1c7d6c7280608628246aa87060f9fd4,12.726879,0.00000127
4299,0xa514c3365e59f8bf654f29c72c5cc6db6735d3bf,12.726687,0.00000127
4300,0x94e27748268e6ca31ebeb97068a7d3cc3834b822,12.725352,0.00000127
4301,0xc8e04c624569ed195b81ad78c88b7a8a83ef9738,12.700095,0.00000127
4302,0x62bf8b205853fa6473061dc93b380e51e56a969c,12.622207,0.00000126
4303,0x47f718649245b0891a0491b25b45d8a2535ae247,12.618081,0.00000126
4304,0x5a357092fa54ccae7ca0a8696cd0d1508fd265d4,12.610000,0.00000126
4305,0xf7eda1f940fd2ad02381bd66a4e4aaea7bb1a992,12.604359,0.00000126
4306,0x5b98d82f0f595d31726b02efb6a0e2607af075db,12.600000,0.00000126
4307,0x9736c258d5412239c951e608d8a6b630ab0a4dcf,12.600000,0.00000126
4308,0xdb584b08013410f760dda48389a2b34a8f344ac2,12.562786,0.00000126
4309,0xaf5ad0ff7985e136b0a4aa7b0df4df25cba24fbb,12.550642,0.00000126
4310,0x86fbaeb3d6b5247f420590d303a6ffc9cd523790,12.523449,0.00000125
4311,0xdbf4908b4f243d625cfaf8b96031b272165358b3,12.492482,0.00000125
4312,0x06e01e79a6bcd6b33605c5d2096a4c3a3e8c6c9f,12.474709,0.00000125
4313,0x5d78ec638f07c8de9690a3a460bd301a2175ec3a,12.400000,0.00000124
4314,0x70af6915fdd45a08830c7bc91d6fcd4935bbe0c2,12.400000,0.00000124
4315,0x8d2465cc69929b808746d1a85d2b87ec9e85f794,12.400000,0.00000124
4316,0x937f8db406a41e66424338ad40646ac9b23ae9ca,12.388998,0.00000124
4317,0x5aa8b421d1a4de77930118f66f3fc45787516f54,12.378717,0.00000124
4318,0x60eaa464261b3d186ced40accfc9cd6836567619,12.366377,0.00000124
4319,0xad6eaa735d9df3d7696fd03984379dae02ed8862,12.327000,0.00000123
4320,0x546406b50b4153dbfdb7238b736e33e1ac7501b5,12.309202,0.00000123
4321,0x000b5de7beaf93d98b71420a1f108f267c35ede0,12.300674,0.00000123
4322,0xeb6e7c389528fa7d3d0ffb313ccda9e602e99381,12.267626,0.00000123
4326,0x7e09a2a0026b96b5ce7ea5bdf965506b873bc39d,12.200000,0.00000122
4327,0xed333af1dbe6c125f641cd46470232099dc07b2d,12.200000,0.00000122
4328,0xf1c6f24f95f092a4db72de08a9144ebabb237000,12.200000,0.00000122
4323,0xa16e61aa3003ac025835e6abb422988f9660d50e,12.200000,0.00000122
4324,0xffaa62f38379ad23c5f333fd34068f35f8730eb6,12.200000,0.00000122
4325,0xb236dcb3376c76fd84b9f89ecaf0b34c19cdd98c,12.200000,0.00000122
4329,0x557d3c850d9f1ca51f1e721bcc4b5046e4bb7e5b,12.159202,0.00000122
4330,0x42c9b11b34a47eba827e1654dab8cf0d1301d10e,12.142220,0.00000121
4331,0xa2831c618e23665803199b47002917515e230f2f,12.110000,0.00000121
4332,0xd2b214d309cd7c1aa5a45ffc7274afa1d701f519,12.090800,0.00000121
4333,0x5f9ac59c9c6152c7c5b225b2e1ef05bd2e4e2174,12.063079,0.00000121
4334,0xc49c538f1abd73523c246b5adda981bc89197a76,12.016030,0.00000120
4335,0x64bdc09311843c81a3cc8a067ee4784c9bd3b189,12.003803,0.00000120
4336,0x0670474c1305746bbcad9a8988648278c944e04f,12.000844,0.00000120
4340,0x963c91f89db581a02f2344b48db048b2452245ad,12.000000,0.00000120
4341,0x20587e117e507b10a9c7a672c4b833e89ca31a9f,12.000000,0.00000120
4342,0x514d2c0209954cc9eb38a5fbc90f512c3e436169,12.000000,0.00000120
4343,0x3ac4d9b312a6b2ddb8a6120220f40e684b760373,12.000000,0.00000120
4337,0xefa706f369661f072e4293a99987a2d8ae8c63ac,12.000000,0.00000120
4338,0x909ec6126429c974ada6aec1b79876b9bc45bd0a,12.000000,0.00000120
4339,0xf2681f635c726ec1f03ed1f4695f48f182cd2c0f,12.000000,0.00000120
4344,0x1909d2d01bd1df6c1d3dfc0c7fd0b4997d4a2021,11.995445,0.00000120
4345,0xd8340650a6732f1b1059b64c3f2e94508dcdbcdc,11.991836,0.00000120
4346,0x60b3f02c2d32ce42e4c177f606cc7c4ab466ac2c,11.920361,0.00000119
4347,0x1c8b3cb2914060eb4a8784818fe4b5f1fd128f53,11.919368,0.00000119
4348,0x471d0b94e08ad8fd3a1e482d1c7fdbb848020f27,11.914975,0.00000119
4349,0x39f6439eea594ee2511509814d9b2ee7216d620f,11.880000,0.00000119
4350,0x7010fbd313ee18eb41b0345edcabcc36a5ef6100,11.871518,0.00000119
4351,0xe6363ccf4e2d2dfe2188ea20caf9af567921756b,11.834548,0.00000118
4352,0x6833bf83a7c95bd11aaff9bf67295a82bdaaa0de,11.820421,0.00000118
4353,0x0e8570b9e77b1ea62789dce4fd88df791d694041,11.820000,0.00000118
4354,0xa5f1106c255ba6828fd1bf689ade2a5eda5e34c9,11.800000,0.00000118
4355,0x0c9576f162562eb52c29e5a26cfe47bd1e683c95,11.800000,0.00000118
4356,0xc747cf53796bbc20e38f814d217cfb064d2f48e3,11.800000,0.00000118
4357,0x7acb9cbeb4de986a917267549cd1d6d131ed98a9,11.797302,0.00000118
4358,0x8eb448270dd20cabd4b2311ef6282a3edd26973b,11.720173,0.00000117
4359,0xfc5924c84f592628d835c0666f5aab58d7a6aaeb,11.675502,0.00000117
4360,0x2e8d1ead7ba51e04c2a8ec40a8a3ed49cc4e1cef,11.669682,0.00000117
4361,0x9423e8565cfab041ff3541d65d48e71d1694b54e,11.660652,0.00000117
4362,0xe34c1a271f5e496b2f7e5625c00ab37c042f441c,11.657557,0.00000117
4363,0x9f90ba54854aecd4f4c8140244bde1884996adcd,11.639041,0.00000116
4364,0x473820029f0bf67d937ccddb2bcf19a7c92d2ab0,11.605961,0.00000116
4365,0x5d28502d48517dbab3e7e9700d2c131057b22309,11.600000,0.00000116
4366,0xed4c70b2a57395e967fe8d2ebd19e706a908bf39,11.600000,0.00000116
4367,0x7309c45d6ccc97446a8b8d031ee91e090bc748bf,11.592218,0.00000116
4368,0x3f65011db6b7d0354839b6f479cd47f110a73333,11.590139,0.00000116
4369,0x8e27a42254a4b0a7eb4df38c65a1ab104b33c037,11.577535,0.00000116
4370,0x56884f15fd4990fe2062293dc273e8f55725b092,11.529526,0.00000115
4371,0xc8862b9c603dd5bff00bc9c1d590969c061ae720,11.515390,0.00000115
4372,0x4adc246a46d71517d0a7543fd347e1bb3d821536,11.489742,0.00000115
4373,0xabb52e5d8fbb5ef2bbd3bf3585f506a0f9d92a09,11.436797,0.00000114
4374,0x24e7a8797608c659e05ab81e31eb2fc49370d39f,11.421522,0.00000114
4375,0x89b59c197cc3d60b5d048621cb112d0430d271f3,11.410152,0.00000114
4376,0x9c2d92d987279c57420ebd9250d674570c9124ff,11.409894,0.00000114
4378,0x76fa4658a3ac6ddcda94a289803cac380b526fc8,11.400000,0.00000114
4379,0x7548d8c382be8fb916531af2ba01905a050bad45,11.400000,0.00000114
4380,0x3436fb72a618c1c1f4db025e69b25d50f275b7c2,11.400000,0.00000114
4381,0xa193b6fad024e614813e0fdf3a225b6136e6fe63,11.400000,0.00000114
4382,0x35e99de247f8975f14019a890ea75d6795d34022,11.400000,0.00000114
4377,0xb6fd08b3230872accd50c3c3358a2ee5b7c75d2d,11.400000,0.00000114
4383,0x34dbab8be08ef80a8ca9f97663d519bd60c0cb87,11.368180,0.00000114
4384,0x91e9b443ab63e2ea41941b41262993f0f3c5cda0,11.327335,0.00000113
4385,0x10773ae0e5eec269760b0d231b3f0104e622e496,11.316086,0.00000113
4386,0xee975ce15d44fa2087602b5181d92d1775fc5b51,11.256915,0.00000113
4387,0xce777edf781e17d9421028183a49f6e2abc9fc53,11.241467,0.00000112
4388,0xc9dfde4a7e3afc112522644d5c951415492c3c76,11.229360,0.00000112
4389,0x40f7d46e097e6395921f2b883051c07dc7347066,11.229350,0.00000112
4390,0xd42fbf7a3f76f0a97f69be870de1036ebb35001b,11.222299,0.00000112
4391,0xa28592dc6f6d46e06acc027da661f4fd044d5886,11.216489,0.00000112
4392,0xa5dc86a2568bb9d1269434e311b172f44d80ad3f,11.212549,0.00000112
4393,0x9441ac4972065407099f06978c83847cd31e3384,11.207687,0.00000112
4394,0x8a1142484fdcdf1814cc08f820f4c85860488523,11.200000,0.00000112
4395,0x1ad7249d379f90188b9ba9da3b53fb794a321855,11.200000,0.00000112
4396,0xa0cb9f5f6bcb4b853e4a862ffc12b39c5bc8b0da,11.200000,0.00000112
4397,0x5b396f46ab07434db664fa45fa0fe5485036a3b4,11.179227,0.00000112
4398,0x94fb89f23be78a712bc8265d876299ab8b4d104b,11.171766,0.00000112
4399,0x6c257521e6da0c1a33deb1e6c70c9bc087bd1923,11.099850,0.00000111
4400,0xcb3616fa860662e5e1b3e8352ee088aaed492cc0,11.098671,0.00000111
4401,0xb2b49d3171c9b5794aa6445579c4dc64eed19590,11.056943,0.00000111
4402,0x252c102002a27db93b3e02c8ad77559b6d1a949f,11.045040,0.00000110
4403,0x4d46b670aa76895a859e2789217f38723695d4d2,11.027751,0.00000110
4404,0x8ac2572a6fe9ac6c25104092fb4a1894ff7e5268,11.018969,0.00000110
4405,0x11df617da12574a6284ea95f11304bd97182fdfa,11.009417,0.00000110
4406,0x57b53c949dd9045b9f6103e38fedfa3cb61da7a8,11.000000,0.00000110
4407,0x68bd8fb0fc5f6023c235eb938b3fa449582e1575,11.000000,0.00000110
4408,0xa8c4ac8c5a36f6546e2f3674dd666713c9576af8,11.000000,0.00000110
4409,0xb4d8e06468540db68a42c337842ad11779ca429f,10.990000,0.00000110
4410,0x3ef4c91d25f6716354197a2803ac1894bd36ef8d,10.986422,0.00000110
4411,0x3a9d4bf94a72371b79d854948b515b048b424213,10.967222,0.00000110
4412,0xd177150b742de37765676093867dd835da418bba,10.950000,0.00000109
4413,0x7c0b1f167deb918a0a170379750e80b0268da08f,10.897910,0.00000109
4414,0x2178d22190d67cda4b9bca256f705f7c60516bc6,10.857648,0.00000109
4415,0xa12a7ac058afff9be478abf519ec6fa70f1a3388,10.837896,0.00000108
4416,0x01175ae147e69f43dc8207e6202d7ed663b807d3,10.794159,0.00000108
4417,0xf8ff3e90c2421e407bafc9b18b53b30ddd088097,10.739372,0.00000107
4418,0x80582b3c5be2c6c1fa55a80b09e21dffcf023413,10.729862,0.00000107
4419,0x18c88fa365ec5159256446872334a3980ed2ea72,10.707699,0.00000107
4420,0x091d1c972cb1648537a2ba78eaba371b1ce18336,10.707012,0.00000107
4421,0xb50a397543fb2c7d08c53d5f5331ad8990d3b48f,10.669680,0.00000107
4422,0x776f31d18546128bcc8b4fc61b94e275e174b923,10.662681,0.00000107
4423,0x767d373ad876f89346fd07f8283dc51556675947,10.656572,0.00000107
4424,0x0e955b3d2d67e5c1616137628ad026633da268d9,10.650008,0.00000107
4425,0xa636fcbe55d1e7c53c3a0e99e3f5fcbd7f8c965f,10.646126,0.00000106
4426,0xc24ad1389cfb9b17023f4d45571a60f4005f0fe2,10.628745,0.00000106
4427,0x34f533d0c24333324c095fd05623a1794a317f15,10.600000,0.00000106
4428,0xf53cff66f058f39cba89c6c829518c1770755472,10.600000,0.00000106
4429,0x6a2c541a7c53e2abfb3b4cc778ee1eba3fc810d7,10.600000,0.00000106
4430,0xc7101830da71249597ba1c2fdd1c065483f1d419,10.598900,0.00000106
4431,0x00730b8cd9c6302e2598106caa9d47164986c967,10.571003,0.00000106
4432,0xe1c817d725c64a95ad090bb55f1ad9619d150ed4,10.570000,0.00000106
4433,0x8382abe3d32d56538a918282b1fe432bc318d459,10.490938,0.00000105
4434,0x01924053f5f8625bf6513d7e225ea8028751102c,10.478023,0.00000105
4435,0xa36730d1031561b62d9ed115ae9c409a39a979f2,10.470747,0.00000105
4436,0x1d0b36dc421bb8e838c933043c74493164748c85,10.464313,0.00000105
4437,0x88704b197533ff51a8fd2a8318e232a45fc01eac,10.463956,0.00000105
4438,0xa4deac0e0d165a7c6fc090a5821cbe8a3746fff2,10.417860,0.00000104
4439,0x3e07be15370d8b12d80a159a7ef14b9e51869497,10.416716,0.00000104
4440,0xe33cb376884521f06c409b83af8267d3663c2e46,10.406486,0.00000104
4441,0xe618d6eea97545efc9c891a3e8c0ba5fecc608b7,10.404942,0.00000104
4442,0xf7e42d37084d68bfca03610e67d3b35b1239fd8f,10.402351,0.00000104
4443,0xf851244062d8a4f430e1c05f31f4049ad5a04354,10.400000,0.00000104
4444,0x37a63177b1f5293c791de15f32270e3d73d7b887,10.400000,0.00000104
4445,0xcbb5a4d9b495848e36d329865326f1968f552dca,10.400000,0.00000104
4446,0x30b1ffc889c8aff886c637b3649bfe7212c37951,10.400000,0.00000104
4447,0x4a2b002f9988155fdd5bfe330668eadd73254328,10.400000,0.00000104
4448,0x3c2688345df238a85c46853e20ccfe9ef410c840,10.400000,0.00000104
4449,0xe76463ff1cae3ab2d748bb677343aca28d98fe6b,10.400000,0.00000104
4450,0x6b697de5dc33d34fcc8e1b8f343dc5ab0718ddcd,10.400000,0.00000104
4451,0xdcadc23b66280938aab0d1c38ed02311461c05d6,10.394952,0.00000104
4452,0x0832e8ca4eb7d6aa46f7ef30d8d8343b34e06da0,10.378266,0.00000104
4453,0x47f45f292408547cf4245e86fef81b5464322f78,10.368128,0.00000104
4454,0x78ffa4b7889a368b724d3a39e0ededcc5a932928,10.361461,0.00000104
4455,0xd94284cee5fa552456c932c5add719fbb4c599a8,10.360000,0.00000104
4456,0x6439862160327e7519c6dcb6a94c0276f6f264fa,10.343858,0.00000103
4457,0x697fd4d9f97cd9903c4c957fc8b206ded56603c8,10.341195,0.00000103
4458,0xb89aa8eb9ecaff306c76899add8aa5047ea98202,10.289921,0.00000103
4459,0xde5b5fdc192dc89d2c50468d5144884bb60dad07,10.280744,0.00000103
4460,0x95f51c604615d7f269ebbf017c730707d05d9478,10.280373,0.00000103
4461,0xe8deccddc2226588ee8ea074d8e0dc0b5aeb24f3,10.255970,0.00000103
4462,0x9211cec369c4176de21f0fd6cbc60ca856ef624d,10.255236,0.00000103
4463,0xdce828da43bcdbcc2296537ff8be6e518d61477d,10.247140,0.00000102
4464,0x73827102623f5c1ce3c3136f2380f278d22444d4,10.219622,0.00000102
4465,0x6ba5e298c20ff1903da7e2a6b1d8f8344e34740d,10.200000,0.00000102
4466,0xdffa8828832289ad40465367a6ace564311c7c1e,10.200000,0.00000102
4467,0x714a5852d067c84f77320e11ba140f6a0fd05124,10.200000,0.00000102
4468,0x4e468bf649f74807cd08c96fc0bc5bd1c990fbf2,10.190000,0.00000102
4469,0x1677f1b738c2970bfac910e48ab517e046f7b9b9,10.181884,0.00000102
4470,0x348036232396187e9079fded156be1df9a2a6990,10.164429,0.00000102
4471,0xd46bd3a0d1c37a2d79412bbb54072fba3bebfb49,10.160901,0.00000102
4472,0xdec9078fe1a8329f609427841fb5d78e69fb13d8,10.152904,0.00000102
4473,0x5c0818d6f452b812f6e98056f001bc3d6b3f1b7e,10.128999,0.00000101
4474,0xb51196af193a207918ba7fccace7656769fd8b3c,10.120000,0.00000101
4475,0x2f36e7372361d629ec12debb691369fbefcedd7d,10.113439,0.00000101
4476,0xb554288cacfb406af2595c8c6100f38f003a1b0f,10.093212,0.00000101
4477,0x3347ec2f3995b3170cab9cdc183abd4532ebda27,10.071731,0.00000101
4478,0x88c2c48416e1b3ebd021c251fbf62efb59ab5375,10.067442,0.00000101
4479,0x9f41cc1113e6bb99e5554ffb3f99559ce927645e,10.065759,0.00000101
4480,0x1f9cb21d38c0dafa1a6b1bf52503bc00fd9a21a1,10.061236,0.00000101
4481,0x0f1abf25d9242cf0044c6906e16c9d6efc55cb36,10.037185,0.00000100
4482,0x5c41a8b519837378569e8df7a4007c0189433d53,10.020004,0.00000100
4483,0xcc5f99cc26f7e8359fc10816b7e7e5ecef0ea76b,10.009966,0.00000100
4484,0xb00b69bc4c1724001f14e58bb309e77412db6dee,10.006109,0.00000100
4485,0x0a4fb643de1d4d3d11b7635816849a9de0c499de,10.000278,0.00000100
4486,0x9f3fc75c2aa56db0da8b70a70e63dc0d27ba4628,10.000000,0.00000100
4487,0x8d706603454e7badf0c52aaa705e637d976e60fe,10.000000,0.00000100
4488,0xe21b126e2b42db7407125ce4b6e293d7d5623055,10.000000,0.00000100
4489,0x21749692dfb122f54262889d80aec9ab35b77499,10.000000,0.00000100
4490,0xa89d173bf04d879948b1f4c58eb4aa9b73db22ad,10.000000,0.00000100
4491,0xd8be4a71739a3d610fee3ba39cc094925151071c,10.000000,0.00000100
4492,0x629f599e8f01966d424929c60fa4bd686b9235d5,10.000000,0.00000100
4493,0xffea6befa6e9cc47936fc5d6850240a8d3e8b4db,10.000000,0.00000100
4494,0x0f6345cd2ec5ecd41318de3c75c67aad534815c9,10.000000,0.00000100
4495,0xeae7380dd4cef6fbd1144f49e4d1e6964258a4f4,10.000000,0.00000100
4496,0x0ec471c42c07be854556d8b3e6896b3acbdcfe58,10.000000,0.00000100
4497,0x74177c5311e387f02318ed7771cc52353aec42f7,10.000000,0.00000100
4498,0xa0fdbec49654372850b66ed28245a3f84695fdb6,10.000000,0.00000100
4499,0x4e4398f4b7683f721add73fc515d7db4f1a4df6e,10.000000,0.00000100
4500,0x0a997de2ef50d7535c0b3752b0b0dd6fcd2e4834,10.000000,0.00000100
4501,0x552c0b0afbec8308420f49e165aa8f4f40dc4945,10.000000,0.00000100
4502,0x10098de28ba6928186954fcc18ad919040600af3,10.000000,0.00000100
4503,0xb76843bd78913659dddda575e099cc8123e92761,10.000000,0.00000100
4504,0xcc5943ae36253dcef05815eab1bebc6a6b3253cb,10.000000,0.00000100
4505,0x1e7a7777e6a09502fa91545001f03215718dea9c,10.000000,0.00000100
4506,0xdcc81821832bbef96358ff2f037b158f9f443e4a,10.000000,0.00000100
4507,0x284546912ed31a4a075841c75fc6fa524451ecdf,10.000000,0.00000100
4508,0xb552d1a463ddce9d46fdcab32abf8f86b6172b2b,10.000000,0.00000100
4509,0xa039b5fa389d9df098c88e64b53058c96d6732fe,10.000000,0.00000100
4510,0xc3f3ed2bd3ed1daa2b4b5078707dc529aa2e4fb0,10.000000,0.00000100
4511,0x0b6e8159c78c0ac2aaef055a35fb0d2964e5dfdd,10.000000,0.00000100
4512,0xb9cfdf26be47c222335c93e149fd3fcada50b54d,10.000000,0.00000100
4513,0x96ba2a75cef571583a3491767396d5c150296ca3,10.000000,0.00000100
4514,0xcd2d0d38373c77752150efafbbbfb420cb642bdf,10.000000,0.00000100
4515,0x86f9d7480f603bcd273465147ec7777058d139d7,10.000000,0.00000100
4516,0x112c5698e6ce9ab30ad4654de9005c2481f3e333,10.000000,0.00000100
4517,0x5ca347c6362774ba2759f22b0b82f920cf8f37bc,10.000000,0.00000100
4518,0x3ef8de159c182fc362f107ffe1e2f1fb7f75570e,10.000000,0.00000100
4519,0xecf50b49982e229eea6139b282ad179480bd4408,10.000000,0.00000100
4520,0xa2a86426be3c899b9d90b8772f19434a6293c1a4,10.000000,0.00000100
4521,0x75e52d1a84b0dc31bd083f74225fb7ba74f61cdd,10.000000,0.00000100
4522,0xdb6346306be04f9bb426d925f946a44c9740f225,10.000000,0.00000100
4523,0x6f8535698fc178366c63b1216c2551e364d9382b,10.000000,0.00000100
4524,0xd3a8b6b4148d9b4a39c9dae14b17745cbf90dd17,10.000000,0.00000100
4525,0x43d271c17612f8f431c7533b7827993e203e9e83,10.000000,0.00000100
4526,0xd712fcc80ef6909f64c07fa9a3303237de0c8b91,10.000000,0.00000100
4527,0x295fc34f1742c4e8bd1bfeb3711be567919fa72d,10.000000,0.00000100
4528,0xaed058318f7483a4075dc89ffe627262e4328caa,9.998000,0.00000100
4529,0xbbf29e5ba79d319a36c1d21413aa7b57fdde8e48,9.989866,0.00000100
4530,0x3697d8be216ff824e70089f685cba5e5841ad1ec,9.953926,0.00000100
4531,0x8a83a6dabd18c2e687a3bdf92c58055c0a007f3c,9.940358,0.00000099
4532,0x2e248d66de2e4238e932b8e61b7a7f65296262dc,9.932414,0.00000099
4533,0xb65b064a9ae84701531c93d6bf7a7924f6db469a,9.930231,0.00000099
4534,0xf6fc530369cbe3ce503ffe986ac5c0828d831a9c,9.906510,0.00000099
4535,0x7f274d580596943cb63911d7e9dcdf5d00490e39,9.905333,0.00000099
4536,0x3f5616a3ffbeccd966d5f6d239fe1f06ee16504d,9.902655,0.00000099
4537,0x307b3dc573540ab10d9908f6c79b413a27021269,9.889125,0.00000099
4538,0x3d52ba34c4e77f2249f93298ee244d64935a948b,9.865689,0.00000099
4539,0x4dd665c59007fd825d98fddabf7759f650f2ace0,9.842142,0.00000098
4540,0xa045ee694e5a64ad55451d4fc93fe0fd5c125fba,9.830000,0.00000098
4541,0x539b8271425653574cb4bdf74239d07aa7afcedd,9.814879,0.00000098
4542,0x9474f80ef5c86944c85f1b06f1a4066f6f19fcc9,9.809133,0.00000098
4543,0x399225c329413f6f1732e8dea218b6d3d1b8fa7d,9.800000,0.00000098
4544,0x099825ffe87f80677e93d9018324c1ae903c6ab6,9.800000,0.00000098
4545,0xfe8eb29c172a237fedc7209b4c55cbcc91384bf6,9.800000,0.00000098
4546,0xe72cd2a82ec547c357a158790f338f10ab306b36,9.800000,0.00000098
4547,0xb12e467b7cdd5a1dbe7e9c9e0f741e2ee6443bef,9.787631,0.00000098
4548,0x46bffc31c34093712f5a512965ebbca27c1466e1,9.785059,0.00000098
4549,0x1ada132ca494520b5ad0c3ad8b6b601e38e3e23c,9.692884,0.00000097
4550,0x3926c4497fac8f06840ee20678d80fc2ab01edd6,9.690000,0.00000097
4551,0x484371f1c6ebb9a8e95243bde39619f23200e456,9.633093,0.00000096
4552,0xfb9f554abf53ef4db93e4f63545baee88c63c6b0,9.600000,0.00000096
4553,0xcd3b54429bf931760b16c2c25da69cc147d79625,9.600000,0.00000096
4554,0x97a85dc6ba35d834e95929d00a24667076d73473,9.600000,0.00000096
4555,0x44502262dcc1cdaaabd3c1963fb9373ecd6959b8,9.586862,0.00000096
4556,0x358fb66160e09007e1fe997cef2b02b65663ed96,9.580180,0.00000096
4557,0x7f631073e8623d776d412b803ddb1251ae6f688e,9.568628,0.00000096
4558,0x2f43b1edee8484ff1e3815feb332e5ca3a188594,9.552125,0.00000096
4559,0x764a689bd5f2476e34573f4c0608dd3e9cd4ce50,9.550000,0.00000096
4560,0x8723696efd754d29a8e73c48e8e36749cf081a5f,9.530000,0.00000095
4561,0x4009e52e6d8f04e28416cafecf12f01a84bb1963,9.510000,0.00000095
4562,0x7315ff125e6d2e98a9788accc719c56cc1054e79,9.501180,0.00000095
4563,0x8184d1bfa6eb2e3b897ab582f2bc22bdbd7dc043,9.500000,0.00000095
4564,0xc02a02e046d5c255a74bdfe07afea3f4a23c6e0d,9.500000,0.00000095
4565,0xa465dc3e23c6fecc2aa7f84ef9a66137d84c21bb,9.500000,0.00000095
4566,0xb917ea93284a4652cba3fdee82ac605a27dc748c,9.498437,0.00000095
4567,0x40e56fa7759c1bdc67764fcd76c8ee7bc9486c08,9.471912,0.00000095
4568,0x264a70ef399cde84720d91fdb1c2f2330ff4e914,9.408038,0.00000094
4569,0x44e7c478672a568210a587d075736c37a519b51d,9.340060,0.00000093
4570,0xe37d70550943dd1c8187fab04df643dfe4c929bd,9.330151,0.00000093
4571,0x3a92ec7be577cd9d5d590346a27463027ae21e95,9.310000,0.00000093
4572,0xb325899b4a63e2eaaaec807d97bd7b73b61e4ca6,9.306092,0.00000093
4573,0x9f31719bcf002c9fd3cc4f501e57790c03db728d,9.252470,0.00000093
4574,0x16f6d15381bee4a25b25f0d1c4161b78f7f21fde,9.243000,0.00000092
4575,0xca61ecbbf47a5bdd540776b6898ec8a276892481,9.241381,0.00000092
4576,0x84f9549a44d8a8462ef3e210302cd6384761d38f,9.240277,0.00000092
4577,0x412a465791b555c16593a62ffbccbbd564c58f71,9.218870,0.00000092
4578,0xd333aaa35c2fae6d9ca49873f6ec414c838d18b2,9.218108,0.00000092
4579,0x238c0e969472e990fe90069141f5b89a767aa4d8,9.200000,0.00000092
4580,0x52e42624a19abbe81ec5557c090a8555a558d841,9.200000,0.00000092
4581,0x6abbf47314dd494b798858a817747dd54fde8433,9.200000,0.00000092
4582,0xb9bbb4100ff4cb175b189424a7a0ec9ce0c3c95f,9.200000,0.00000092
4583,0x3ebce5e5745a00ccf27d773cbc804c135af50d38,9.200000,0.00000092
4584,0xf71aa29d82d13234d9998adc34fde832b6d17da5,9.200000,0.00000092
4585,0xcddff787447bec33371d1053a293eaeab0bb9796,9.164978,0.00000092
4586,0x2a8bd916e85d98d8175258de99fc0ddbcc102ef6,9.125440,0.00000091
4587,0x7ffdab1edff98c42ca657d3df0199282b5173e04,9.114000,0.00000091
4588,0x5ef104c61e7ef01112cf7540c94ce3f07fdeab56,9.111344,0.00000091
4589,0xbdca33f9b417a6b238cf41ebdfc7653905ea81fe,9.109543,0.00000091
4590,0x00debf90dde729b59602ee90e9dc945e010af465,9.103154,0.00000091
4591,0x19cbeb825e5859cc094fd643ea8b311ee689bb9c,9.100717,0.00000091
4592,0xb45367bc3abc3ade355c673e07623430a4de95e8,9.078675,0.00000091
4593,0xd5f86ff9459dfdf542b888bab77dc1c854f1c20b,9.073118,0.00000091
4594,0x37e251b70b9ce7b6aa171885738c612c955d4809,9.059567,0.00000091
4595,0x2c669e9e65b6f5301e6db0763f2bb6132f8adcb8,9.052134,0.00000091
4596,0xf7aa2664df6fe3ee7d3a3a17401d0118251dc7ac,9.025687,0.00000090
4597,0x7538045eec66f7c7ba5907c143e809793fb19cb3,9.000611,0.00000090
4598,0x98695bfe6045cce99a11cb699b6320e43f78a991,9.000000,0.00000090
4599,0x2cdbe566c55d4595526f77fc6e4b454b2bcbe39d,9.000000,0.00000090
4600,0xd168cb60db4384e53d60685a1d8ead5a935627c5,9.000000,0.00000090
4601,0x7ad54c0136ca7ad17297b0c0cd62b5aa0c2971bf,9.000000,0.00000090
4602,0x3560dc39cd51bfd0ab4e049a5d3a2febca78e209,9.000000,0.00000090
4603,0x639c3365402db62065a45228d84ea13298c1aa1c,9.000000,0.00000090
4604,0x215fa111119c6d6f46f21917b0b505c202d73f13,8.998146,0.00000090
4605,0x2db3334b7878649a879c727f7686127e92caf14a,8.975134,0.00000090
4606,0xf6652e9d8d410e1556999a9a739c8f643b506aca,8.937721,0.00000089
4607,0xc24d80101a8f8f12bedb7ba4f276f278773cde39,8.888140,0.00000089
4608,0x5bd6519f285eacc2ff070f64b78e4fa7e99afe6d,8.806652,0.00000088
4609,0x4526a74ba8c4373f7a65db8b280f7c7e9b3086dc,8.800000,0.00000088
4610,0xfb2a967d05422f437708b3ce68d3e9215d25ce3b,8.800000,0.00000088
4611,0x57d257d00e14d1f5f8b5f69900be74ebf8b8c5e7,8.800000,0.00000088
4612,0x52a300b0e2a6d15e75f684097f3933f5bd150958,8.781701,0.00000088
4613,0xecb12b08a797770037780e2bbd7fd4d5dd4a8a33,8.762992,0.00000088
4614,0xa01fc5451fb774cf8deccb7bdc7c23cdefb28111,8.745724,0.00000087
4615,0xbd3ad9341575c648ac4abd0eaf4e39e5eab24493,8.729771,0.00000087
4616,0xa7039720ec5c2e5993a725801b5e2808f9593884,8.685469,0.00000087
4617,0xb1e4020495869358ea1c8ff131d66abc4ec28d57,8.640339,0.00000086
4618,0x325d8d7db959cc7653581a4838cfec852fbe27e2,8.610113,0.00000086
4619,0xf3436951c1e0970848c5de9c19bdc63f09aaccb3,8.606211,0.00000086
4620,0x8ceab8bb2425b33020c76f844ce85fb8d9361265,8.600000,0.00000086
4621,0x1511443181cc398dc1bbf36dd91f9b0d6e1c0d78,8.600000,0.00000086
4622,0x23f1be4ca4e952ad59022266893eda9ebc767ad9,8.596330,0.00000086
4623,0x12268d377e3c2519d6a7818ecced0b68bb469212,8.592055,0.00000086
4624,0xf41dac22002a65de7aa89dbb0c6fb6141b16c482,8.571838,0.00000086
4625,0xe38ff09c1d81f48eceac1a544a2961c19e8664c1,8.569213,0.00000086
4626,0x77ea5487b603eca50f84b7f9065e2dfa97c14fc0,8.564186,0.00000086
4627,0x6bf43152ef760c9300e08f87472ef3166a431a68,8.537714,0.00000085
4628,0xa4d7ece85202ea15336f2b7edce5f65122d474f5,8.517092,0.00000085
4629,0x0f31e803e84450dd1618dbd62b43613a74b79545,8.500049,0.00000085
4630,0x655a3f513c4504461ff53220d5538079840c07e4,8.421900,0.00000084
4631,0x3b7a7d75626bb78a48dd632b69624b0bdb7cbbde,8.419869,0.00000084
4632,0xc3060219b14df14dc7f139066adf64638057b51f,8.406272,0.00000084
4633,0xaeaef5ae7ed91f6fd51fdadb40a09456a2b579ed,8.400000,0.00000084
4634,0xf19ee174f23196e357dc2f0202b998a819f1098e,8.400000,0.00000084
4635,0x26b0b7dfe30c8f820d1fb68d24843f2bff30e49d,8.400000,0.00000084
4636,0x81409d66e98797171871c0b47637f55c63e969ba,8.392549,0.00000084
4637,0x20223a5cbeba879081cab72c82cf9eda3deec122,8.391332,0.00000084
4638,0x9285ea03e1f766e40b787bdf123c4bfccee5d046,8.370000,0.00000084
4639,0x2282f6ba5e5b4c8674210ea2ce7879e51d7cc1df,8.361742,0.00000084
4640,0xa7ebd070702d4b03dd6a3c28de880b2b17c03fd9,8.285387,0.00000083
4641,0x0b31fa3ca232858730e271c629bf5e726737ca85,8.250749,0.00000083
4642,0x5fa505c4c977957866d568c3a5252aeb875a8115,8.219950,0.00000082
4643,0x10693ae68e43870abb048cca95a7dc06067086d4,8.204026,0.00000082
4644,0xb5be122f0fea96e4cb9aa9f570d93fd1f9070280,8.174332,0.00000082
4645,0x00584dc57d4b023eab590b7db5ed9fb643bd706e,8.170719,0.00000082
4646,0xf51781c8e8146dd4c1d4a0f9ebd3c30514c253d1,8.161465,0.00000082
4647,0xcf7188cf577746f268532d8c62d9707ed86f9092,8.158589,0.00000082
4648,0x3dd7faec05d0251407d48c659717437e516dc3d3,8.108510,0.00000081
4649,0x7f1165865bccad4f15a95f3819388c89e2ae0af7,8.107380,0.00000081
4650,0x4f49481ce04f07b74208ec820aac0258b5b93e4e,8.102000,0.00000081
4651,0xe8598a5780cb2e5bdaf2290fca3b2cb90bf17a2a,8.100832,0.00000081
4652,0x34b0584df774b0813a7f16ada9b855f5bfdd341d,8.099746,0.00000081
4653,0x1fad3511b2d25eb5629a91f927e5c7023d5bead0,8.094917,0.00000081
4654,0xf946dff77044f7628f4631a9ba3aa3a08f22a14d,8.074908,0.00000081
4655,0x195d6743c3e5bf818b2fbd311c3b760e29cc5143,8.049792,0.00000080
4656,0x05b22e87ffd9d3378f13cc17225fcd567776f0d0,8.049500,0.00000080
4657,0xe5dfcf29a75bfe3eab3399020155ec2fdf5dfa30,8.026382,0.00000080
4658,0x3d569e02aa25cc4dac4254d0dd187c5a7c543340,8.024489,0.00000080
4659,0x49e66709cdb9ceaa6c42f9f5b15da291bf53fa65,8.021963,0.00000080
4660,0xe17bef63ec6775aee43164d5fa936654ae4b1a5e,8.019323,0.00000080
4661,0x0797a4d9f7c560003f86ba52f1062dba4b6df673,8.010934,0.00000080
4665,0x81d211ab14f5b333c30a81fd1f2d18a069e3ea45,8.000000,0.00000080
4666,0xee41c99063e4f98bb3829e227630c4bbae0d9309,8.000000,0.00000080
4662,0x54c57ec666eece1797733b94788fef19b4c006a3,8.000000,0.00000080
4663,0xa694826f82d3e425d367e892c15923c5f2984535,8.000000,0.00000080
4664,0xf84a250d8f3c488a086e039cf0b8085673aa548f,8.000000,0.00000080
4667,0x0101687adc259f624ec0f7144fc017f2f92989e2,7.985301,0.00000080
4668,0xe2bb51d4fde8ae829a17207dd553be34f0f06bc7,7.957824,0.00000080
4669,0xe1da90f132b3dc0d6d443565ed8845d220cada3f,7.952585,0.00000080
4670,0x20467f9eefa63645bd640f06cf131b5d0a7ae012,7.944985,0.00000079
4671,0x339e761cef3201dffcc26181b1eb21a23d99bcf5,7.934547,0.00000079
4672,0xf0c04f5fe74b0d3729d6243e0cf31f96c52949d2,7.929317,0.00000079
4673,0xefa4bdf566ae50537a507863612638680420645c,7.903367,0.00000079
4674,0xc96b051cba48dace8c146e7cb6b808baf1349018,7.900941,0.00000079
4675,0xd559e90b041ac7b45dfbbe1f85c57d813ba6774d,7.900000,0.00000079
4676,0x145c75edec9c212e7eb913cddd13d425b0a483a4,7.844467,0.00000078
4677,0xaf45f7a71495245c8491e5e2cb8eaf70ff49d483,7.840715,0.00000078
4678,0x4637ac1282a183dcc2e254543437fb6f95bf959e,7.813920,0.00000078
4679,0x8d9a40ff8ff4cd430819af562db3ea88e1f99ff3,7.813132,0.00000078
4680,0xe7c19566cbde11f1d1a4b2b47c0c283bf9bea086,7.800000,0.00000078
4681,0xd3526cc6dc9e3a18b7ff4d6e10e12b92aa79f229,7.800000,0.00000078
4682,0xbe6420312befc9967aa2b3a87e45e23f140195dd,7.800000,0.00000078
4683,0xed384c73fc6c8d90307adb3aaae5b4bacd5b09ad,7.777380,0.00000078
4684,0x065963df68ab6f33aa9470f333b83661aa060f20,7.721860,0.00000077
4685,0x64f94ab3bfdd45719756457dd88343e9add3cfc7,7.719747,0.00000077
4686,0xbb90e12d9260c4da4d2bb753327ce5533a0bf43b,7.695818,0.00000077
4687,0x16e85ad5b62e385faf8ce4b6922af5a59b735b3f,7.684330,0.00000077
4688,0x5bc51000afd4602befba6c12aa61463bca8190c6,7.663797,0.00000077
4689,0x745d939cad45d371a9b136d32b959cb5c7005f84,7.614423,0.00000076
4690,0xd72193d0a0226651ed2ed7be888bf43970bf7239,7.600000,0.00000076
4691,0xd663360d79c4f0a73c89c6bc8f76fe0a9d12f2aa,7.571472,0.00000076
4692,0xc6654675358644884e94609947c07ef050f860f5,7.555789,0.00000076
4693,0x4e71aaf43aacb2925038bbbfe806f427d70261e3,7.530455,0.00000075
4694,0xdfabb0972341967eac70181e37caf4948810a3be,7.530000,0.00000075
4695,0xd4627ecb405b64448ee6b07dcf860bf55590c83d,7.504106,0.00000075
4696,0x80420e4946d74160fb053e8e7691f43e64ea19b5,7.483631,0.00000075
4697,0x452fbc661adafd8be03774a9118ff1dd8c86a96a,7.473408,0.00000075
4698,0x3ba9fdab6bad7073d7d6c8df4830ef8cf4e1a35f,7.410952,0.00000074
4699,0xdf4379f0ca208957bf891ad504c6e7c977fbab58,7.400000,0.00000074
4700,0x8de722e66f1727648d1aaf89a425ab4cef5cc80f,7.400000,0.00000074
4701,0xfe58c092ad6cf7dffdec4a45efbc87b64d3bfbf5,7.400000,0.00000074
4702,0x5a3792c3a691450da3d5430691721db636d390e5,7.400000,0.00000074
4703,0xc5d797d4d7570693172ca5a9ed52c0920b4e4337,7.400000,0.00000074
4704,0xc275698d79e06e1f53e879fe38928ec101236f63,7.400000,0.00000074
4705,0xa5c0e9c9f64278daa0ba9bb8004c1b8f63577e1d,7.400000,0.00000074
4706,0xa26d9a9274ec9d0949e9623790d5764a60765991,7.400000,0.00000074
4707,0x1a4ee449a8275cb7e4fd7d0a762aa85d5ec9b2e8,7.384477,0.00000074
4708,0xe1cccb714cd47b9cfbd337f10c2abe60c244db4f,7.372429,0.00000074
4709,0x846ae289b398f3e53b5d17b0c6c3fab415c2cc92,7.359058,0.00000074
4710,0x212c7bfc3c5cfd8629399d8dabf7718e33519ea4,7.339275,0.00000073
4711,0xabca5086e8b3bbb5c7b754645492db2938784e41,7.336317,0.00000073
4712,0x3309b433b982e8fe24c187fe50cf64d1db264c44,7.324716,0.00000073
4713,0x504036d48c1c038514b10ad0a5a74a32c99fd9ff,7.305556,0.00000073
4714,0x6be8d15e031f7d411807e9fe906187af85b4b1e0,7.295731,0.00000073
4715,0xc1530081139a4f412371970724a578b8b5df5597,7.282703,0.00000073
4716,0x7ec0f0a1709bf0436a6b51d1e908f726b02ca91c,7.238411,0.00000072
4719,0x237631c74947e31065926c6713ea15a7cbc2d8a9,7.200000,0.00000072
4720,0x6c944ee5defee8433fcdc42244099b4f8622e99f,7.200000,0.00000072
4721,0x97fe862e6e1529cf39d85747e2d3376add0558af,7.200000,0.00000072
4717,0x8fbfcecd5d549b7480ec628af6e77e7886187324,7.200000,0.00000072
4718,0xa5223f79897fecedfe7573494cd9ee5812f8a1ff,7.200000,0.00000072
4722,0xe523dd8623695e8f9ac4f24d924bd2c00c7896b1,7.175087,0.00000072
4723,0x5bd03be63f7a7eca03f0443b40fcd08ae224caed,7.136397,0.00000071
4724,0xa8ef9b829a20399aa6ace89e637c8527d6e62e67,7.128253,0.00000071
4725,0xd86df4600155b216f325ec94dea85edf202a7e6c,7.101919,0.00000071
4726,0xf4e7e39411e60c2b9aecd6c92482e1980bbb3a4d,7.098050,0.00000071
4727,0x2c90881f9788aeac2de115ed6d70728fd8100f63,7.072434,0.00000071
4728,0x2690a39b5a5b0ccc7d79ea20e227ec37ebdad4c8,7.059457,0.00000071
4729,0x21ea5472779a40ea184e0cfa1631e3aaf5772126,7.050120,0.00000071
4730,0xd8e601a25386037db1283fd59adbb18869fe702d,7.049690,0.00000070
4731,0x821ea306c75b889ee749dd8123d4a3a9bef61d82,7.027913,0.00000070
4732,0xcfef8f3b74f6a70a42742584f69e932bc7c9abad,7.013863,0.00000070
4733,0xdc25241bcf34ae0a910b679674cfc3e3e12732a8,7.005559,0.00000070
4739,0x368c85b967a3a394b22939ba759ff524ec10ac7a,7.000000,0.00000070
4734,0x34ee62a16165255d82c96fb462318b14609bba36,7.000000,0.00000070
4735,0x8ecc528b186a95805146f7a280b47b5caf5828f1,7.000000,0.00000070
4736,0xefd091e811515d4226c457f1114c0b6d23d31d12,7.000000,0.00000070
4737,0x265887cef043c17c801c4deaef33d12564121bcb,7.000000,0.00000070
4738,0x9cbca1ffb6726c6ae03ecd12c0e88c03099281e0,7.000000,0.00000070
4740,0x88eec6b26cea842a9f00d8be60599e0f60ee3ea5,6.994585,0.00000070
4741,0x3d7b849085b09922063009b508800fb4b70fe621,6.951987,0.00000070
4742,0x547b1e83bdb59d04aaee8bb0059f490e5f0dcdf0,6.936814,0.00000069
4743,0xc510a17202d9e5720d43d0306cccfa780163a7ae,6.900000,0.00000069
4744,0x7c64272c8fc5dbcbd81cd230075b1f49db2a55ae,6.871090,0.00000069
4745,0x351c4bb4a65ae6250d8aafbb23aaef23351ac1f3,6.860997,0.00000069
4746,0x9a93d62d54660f01b074851bfb9738774c80b7d2,6.848544,0.00000068
4747,0x89899093e9278f1305613077954faff8c25140d3,6.804453,0.00000068
4748,0x955c0278364fbcf3365c3a23680fb21f43dea4b0,6.801284,0.00000068
4749,0xc9c06fd037b5cb2e2c098a52b9fd0dcc774f8726,6.800000,0.00000068
4750,0x238a9a6dfe660eeebd6aba041c6b365036f64151,6.800000,0.00000068
4751,0x9cec5b5ae3724ef3aeaadd1cf6541d9020e51b51,6.790732,0.00000068
4752,0x0f7122088a123374b6feb63ca492397e1d47aac4,6.766521,0.00000068
4753,0xedde63e9e2d05ea1da1fbd2ad2cd355743dab007,6.703011,0.00000067
4754,0x48b51287fb5281ea0913100809c3b7f1649c7996,6.698919,0.00000067
4755,0x0719db8e4d707636f32325fb0b68879af48a717b,6.694782,0.00000067
4756,0xe48f166f18f41275d72c863215aca836b2f1ffa4,6.684079,0.00000067
4757,0xd2cbc29e94fcba9ec0ad1ce94423f7baf5be32e3,6.670424,0.00000067
4758,0x210824e09723d98de21d42d60cabbff352086e9f,6.667446,0.00000067
4759,0x02d2831312d42684d196cf78422dc051929ed4eb,6.660792,0.00000067
4760,0x5d2eb1775567c4a64c7b9dc47587a0e54515cbdc,6.636732,0.00000066
4761,0x4f2cc8db45d4720215db48474c8ca016cd1a9214,6.621759,0.00000066
4762,0x9bb506fe1a18f8859bcd5576de0b5d9373433fb0,6.600000,0.00000066
4763,0x623812f6652d38e74c8bab9b8a4695675a4a7ac9,6.600000,0.00000066
4764,0x0c4002baf417740b02f561e77b3b66a74958be19,6.600000,0.00000066
4765,0x00e8a98afc479706e0bec28ebeaed60d62af4d80,6.600000,0.00000066
4766,0x3b33641098cd1291e83eef7f4857ccdd146a499d,6.568965,0.00000066
4767,0xeb95e1febfdbb9f93514a037d7475ce8c9ce66b2,6.561590,0.00000066
4768,0x2165f217e5eab332d7d3c4ff67e3187ea2380926,6.537653,0.00000065
4769,0xe0ac22c74e1fd18dbb00c29f792c14f2a24074cc,6.530138,0.00000065
4770,0xd583f3f5a143885498ebfbc4b15c6f47739203cd,6.520688,0.00000065
4771,0xca9f5049c1ea8fc78574f94b7cf5be5fee354c31,6.520444,0.00000065
4772,0xf3615b96b14239fce32923d40c02185088d7661f,6.500000,0.00000065
4773,0x438bc2b5020c08bc2984dd65101f8c486b0b4179,6.496763,0.00000065
4774,0xc1d5da59280aace3b6ee3708b62d2b0381be9581,6.493924,0.00000065
4775,0x586d5ab9211afdf75ac3850b6dd08fa04834eb8e,6.492637,0.00000065
4776,0x2a07531e27bd7b7a2335b698bd8425783de178c3,6.483272,0.00000065
4777,0x8e95f78cb4f233af4e3896412a56b65ce45054cb,6.472267,0.00000065
4778,0xe65d874fc2c88003f803a6b7830609b7e8f3cefd,6.452402,0.00000065
4779,0x3ce6cc84125d37c59516e8c7f8dcca5389c43863,6.440000,0.00000064
4780,0xe5698cfa7c2e493109d0044992bce3d1c1f35dcc,6.439421,0.00000064
4781,0x40748debc2c2d18dfb910b33b96d6fd4630e119e,6.427976,0.00000064
4782,0xdaf70694add688f36bd70180b0198d24796da031,6.425143,0.00000064
4783,0x5f7cb411890307136c52bbf4354c1c327393137f,6.400000,0.00000064
4784,0x075633a5418d64db16a7db0ab0e498f002ddc746,6.400000,0.00000064
4785,0x704b56ecead0f9c18212ffe4cde9364777c47078,6.400000,0.00000064
4786,0x0c08846ad8be27676b3e8113b93e0d3b9efc6c9a,6.395473,0.00000064
4787,0x3bf3f00a32bf2e8c831b1c03b79f674634975d3c,6.392895,0.00000064
4788,0x0a47f7e62e39f28126c213addf99e6277901c3fd,6.372439,0.00000064
4789,0x12d272777357e81fd7181ba03a54a043d2931823,6.339186,0.00000063
4790,0xaeee4a79c6463c03a8ea248339910bc85f4af294,6.327861,0.00000063
4791,0xd4b327e8405087ef70747a85c2d51a22a7c88061,6.325515,0.00000063
4792,0x3429f04f22422bc55482ff9fe8c381bcda918d0b,6.312103,0.00000063
4793,0x2a4ce786a8d03b018cf28fb42411aa10e4e6b0b7,6.310000,0.00000063
4794,0x91b07b71c58b4aae48843db493d25cda1f153621,6.280000,0.00000063
4795,0xe0248f4259c50390b6b961e9df1638a16716df9a,6.252917,0.00000063
4796,0xf1a87eac61e162920c4da26926bc699204f96a11,6.240000,0.00000062
4797,0x44299097358a1abd676f06015c6243f6d73fafc5,6.230000,0.00000062
4798,0x455a82cacae6488ef43d5cb739968d710f4a84a3,6.230000,0.00000062
4799,0x7b3b6a9717deabe779a6b48fb02617f1a5fbeda4,6.221030,0.00000062
4800,0xea310c966d3ff5e09c65487f1763b21361eb71ef,6.216782,0.00000062
4801,0x4c6eb005f3862a8c795ecbf75ae29f8a457ed40f,6.213807,0.00000062
4802,0x7a42c842acd364817ae6123ac01f821114070176,6.209857,0.00000062
4803,0x7b825e82027f07bdf8da42837df496ce501e2980,6.209857,0.00000062
4811,0x1230f8e145b7547b712dcd0c4e008c24f7706520,6.200000,0.00000062
4812,0xdec27333c5905e2e0552632646670573e9bd3a34,6.200000,0.00000062
4813,0x5a974070bb1e0a572ac3a0c1b956756b57b23d3c,6.200000,0.00000062
4814,0xa3068f9e9df015f5104afb58cd2632fef7d4b785,6.200000,0.00000062
4815,0x11b12826273897a7815a56a2724146a4e414a5c8,6.200000,0.00000062
4816,0x1e95f2b6d80311018a6b4ea26a67ecabc77bc253,6.200000,0.00000062
4804,0x30375c2dcf8f731d53a6b37528d21e2d843a605b,6.200000,0.00000062
4805,0x216191a37885f67da0a54ef713aeb1e8f8097047,6.200000,0.00000062
4806,0x4ab0404d066c82a7ae641105d67ad041b51c76ba,6.200000,0.00000062
4807,0xe5da08b99819d9e1bafeea3d37f2e55d40bf7e79,6.200000,0.00000062
4808,0xa965e66d28179df7cdbb5c10c453c11b43d9a5bf,6.200000,0.00000062
4809,0xaeea0939591ded4e10d0ffa88680e160f57998a1,6.200000,0.00000062
4810,0x94b3973ea4b7549e2a47af016806f9fd6c2d8efb,6.200000,0.00000062
4817,0xa4f38c92e2a3d3153075859f493083d05ca3540d,6.184826,0.00000062
4818,0xe878d519019e0dbed94abeefd7b9be3593837c51,6.175696,0.00000062
4819,0x02c20fb5b2e24139e73bb9a56d32830c0dbfd54d,6.170000,0.00000062
4820,0x3eba832a066f93660f931ae2bed5c19373d90969,6.121641,0.00000061
4821,0x9d4e93559d0eff79ac4c928a90c8cba5a96399d5,6.104398,0.00000061
4822,0x6aa2fb1811dd0b62b2ecdd672b854a077f33dfa1,6.100534,0.00000061
4823,0x266b94d984f0aef46386689bb397771048c8a22a,6.099944,0.00000061
4824,0xa05bfb3f7a451f32625e45991bc4ab1bbc548eab,6.057399,0.00000061
4825,0xf21908388875f9e6ff6efcde7962400897401090,6.031290,0.00000060
4826,0x18f42610e16b04a98566b8f054b9bd21ad466025,6.028933,0.00000060
4827,0xc45562fd52cc872509ec83bffa87c485d45f6254,6.026042,0.00000060
4828,0x6ac56cb0fd7d746a5cbdc023a37a4edee112381b,6.025351,0.00000060
4829,0x0302fccf1168ce2a7434f6b4dad23c19a0dbcade,6.019208,0.00000060
4836,0x21eaf5f0e90d06a1700a8952860d2b170381ecce,6.000000,0.00000060
4830,0x917e6be1154df6ee3c30e0da73b63786273f7691,6.000000,0.00000060
4831,0x18f1d0385b07e9cb01541b9bfa8eb3b304d1e43e,6.000000,0.00000060
4832,0x4c18a22975b2b7dada47a909b7a89544a5103561,6.000000,0.00000060
4833,0x67097b75f3fc599018ba15d20b9d5ca82be8a4b4,6.000000,0.00000060
4834,0x87ba142fd2d0e051550b211b462260c5cf35a156,6.000000,0.00000060
4835,0x2c20e8fe4a687ef39cfdceb6eb3f1b42e1ff53e6,6.000000,0.00000060
4837,0x04f217bca1d13ebefd0172751870f91db5ec0c79,6.000000,0.00000060
4838,0xa752cbe677abe439770b0f649c59c018f3d8a636,5.987380,0.00000060
4839,0x0a79ac2a8db60d012acf8ca69b8d33b04cce8610,5.951058,0.00000060
4840,0x4b4bb1d4e7096f8466db1321f6d0e3d021baae9f,5.935655,0.00000059
4841,0x2086cc8d164eabded040da3d095bfaed15b3e225,5.926321,0.00000059
4842,0xd2a48b4b850fafd3e788b59279975755a488cd67,5.918893,0.00000059
4843,0x73db78719980b62b6903df7e74a8bdabb45458b0,5.897983,0.00000059
4844,0xb8af193240fa0565830b59266caf74e64c1e52aa,5.882155,0.00000059
4845,0xb2446ae7c93e053897d9b73ad34dbd051e179b27,5.879588,0.00000059
4846,0xfe3b35f5876eca3c9f76bad90314d1e9d340e48f,5.879000,0.00000059
4847,0x3d7d80686a7a0598b97f4fff8b5d87fdf35ed018,5.874238,0.00000059
4848,0xf132e1736e9b95ad93a8acb5df9c42ab82470320,5.869772,0.00000059
4849,0x25dce292a45b790c869568287612269d50c66cd9,5.844074,0.00000058
4850,0x3ea2e07600c083ffc65e67b00dacef5a7bb43442,5.838594,0.00000058
4851,0x6fa3c91c77b15ef6589c6d53640b39f7da132e0a,5.820000,0.00000058
4853,0x90bc45b8e80e059181d0537b4d1f3e426ced50ad,5.800000,0.00000058
4854,0x9d1c21de28d880a0ddad8e2552cd90cd227fcbb6,5.800000,0.00000058
4855,0x601091371c62e0ca667c0f3d8bca6f59fefa1df1,5.800000,0.00000058
4856,0xf698b91d3e5874c15101f93b21c18ed6e99be4a8,5.800000,0.00000058
4857,0x9bd3b912d9cc5355271c0fe61c188e91ebd06f0e,5.800000,0.00000058
4858,0xa1af74462844e58b6eda8c5fc82e19ef3cfd87c8,5.800000,0.00000058
4859,0x5c17fa2bc0b4e0f878c2aee4cd5050dca9bb908a,5.800000,0.00000058
4860,0x97b6d6bfcd5a4b40b6cd6001b793b734652a1a23,5.800000,0.00000058
4861,0x913bb49dfe06b0f9596f6ee4c5753e8fb2138d93,5.800000,0.00000058
4862,0x9f5d7234af48f982a0063aabe7ade4436d0a6269,5.800000,0.00000058
4863,0x559bd51b6382feb8ec005f727a8bb54942332603,5.800000,0.00000058
4864,0x697cbc588750edbcce7da3a7326282a4ba5c2b78,5.800000,0.00000058
4865,0x4a95ec8329ecc9012b166001a0096e88a40f621f,5.800000,0.00000058
4866,0xad840f5972dfd57fcdaad0a277b3cd0aec8709c0,5.800000,0.00000058
4867,0x082c5097c9c9b0e3b0f3611334d91e9848ff8b56,5.800000,0.00000058
4868,0x43ba055b1642e5bf09dcaf43f7de476f8d122f2b,5.800000,0.00000058
4869,0x9881f8811c339266ec1038544260b0f09cb65eb2,5.800000,0.00000058
4852,0xe84ba1f9a99d7ac1315280ec945075affb2ac746,5.800000,0.00000058
4870,0xebe38e8e8230a4bfab96a413c0a612da29fd750f,5.773385,0.00000058
4871,0x31da1b45d2570b5722618b8b43b0c805114048ee,5.746760,0.00000057
4872,0x73ba5e1b41ed7ec773e982c714722b06bde3cf82,5.734160,0.00000057
4873,0xb4c65c9225b2d7a585b7d7ae504ce3d65416754b,5.656071,0.00000057
4874,0xcba72abb6b4312901c552acd4b44ce38571d5c54,5.620000,0.00000056
4875,0xdbb2fc5083f260280a423dff711b623f66315f33,5.601200,0.00000056
4876,0xc0167a435f0c989b298c3244bc333102e3d63d97,5.600000,0.00000056
4877,0x14522153372d020edb7891a3ca972a1ab22035b1,5.600000,0.00000056
4878,0xe87074d8c2f66e6d6f6f04528161cd5c13e17017,5.600000,0.00000056
4879,0xb05b4116b8acffae382185f1acaaf9b98b55c007,5.600000,0.00000056
4880,0x0b4f711a15e0ed88b7e843744792793ff3a48a43,5.600000,0.00000056
4881,0x23c533df8b91bfd7e0f536fda7ed6366c748a83c,5.600000,0.00000056
4882,0x42ad6b1c012e355f6f3437d5922ce4bab84b7fd3,5.600000,0.00000056
4883,0x315a35db48056135934c714cccd2543c64c5d853,5.600000,0.00000056
4884,0x8118ebe576f73fcd2c9729a29214faca67b75b10,5.587115,0.00000056
4885,0xc9d7e26511f25d405ce2873bcd0e4f4c803140d7,5.586022,0.00000056
4886,0x7cc1a29e59edc5024741b58d53a2e5daea398c48,5.550000,0.00000055
4887,0x1e7429e10e5cae1bf57f172dd5d860a5a0afc3b3,5.533139,0.00000055
4888,0xef3492147b016bc00b5f737c3791ae50ef09b0d9,5.500000,0.00000055
4889,0x9fc5e52787fc897eec9e66c5ca159e4703b531c3,5.498130,0.00000055
4890,0xedfa6e63da9f76894590876dd5ea6234910a0585,5.483120,0.00000055
4891,0x11206becccff37c6a36a995d21708f6af0bc7529,5.473782,0.00000055
4892,0x68d69e71c7a20ba107a58307c6cddb8ba8444720,5.466790,0.00000055
4893,0x9bd0ea39f2999eb0018e3a1c6f3dca19e571a49b,5.463383,0.00000055
4894,0x50241e8451f1c3af17f4a8b701eeaf68c2cd89e8,5.453209,0.00000055
4895,0x3bfb3a55c7190ead733cd7b5a7dc80b2d9e9baba,5.448320,0.00000054
4896,0x9c34b02875dd905c70b11df23d5c334a325a4616,5.430000,0.00000054
4897,0x2322a3d5b2e290d1091cb9184949b519ad452292,5.417786,0.00000054
4898,0xf93191d350117723dbeda5484a3b0996d285cecf,5.411633,0.00000054
4899,0x93f11190e22d5268851732adf5f8d8af116aff4d,5.407959,0.00000054
4902,0x58684fbceb582eed597a128b6d94f997561a58ce,5.400000,0.00000054
4903,0xbb2851b9a507090118323530e068e933e1bccbeb,5.400000,0.00000054
4904,0xbfbecb58b838ee51759fc14b7bdcef5a37ad7bb8,5.400000,0.00000054
4905,0x44e81a8cfd4ce5da63cced45680aa25732057fca,5.400000,0.00000054
4906,0xb75acf820c4f7484b9a60af3486a70942459d97d,5.400000,0.00000054
4900,0xd64699ace241371e8a00a51a2a32e2a6869994fa,5.400000,0.00000054
4901,0x6593fad6e041f388a215c1d4f31c4118c8536411,5.400000,0.00000054
4907,0x7f3edff517840fb8ba77021e89e0340f4f13fb80,5.394808,0.00000054
4908,0x2c8c19866c067075bcf91891967729fd62e85730,5.379293,0.00000054
4909,0x3db8ab059d6255e7c06d1935522be8ac2c4eadef,5.372571,0.00000054
4910,0xa69e23ecede18a20a6d47e0e3e0982f1955e91dd,5.365352,0.00000054
4911,0xb612f2ccbfe92452d34f2dd8a6ba0f30eea1695b,5.362174,0.00000054
4912,0x6493e3129f714fc949e3ac9d88319e770d7190f1,5.360049,0.00000054
4913,0x10f1c744d8dbba3ebe91fa21a7462b63ba1ea3ee,5.342080,0.00000053
4914,0xfe2ebd21c49e826cd51639708d978faed0284771,5.339500,0.00000053
4915,0x2ab6bbdc3d3c61e3652e7a7c63fc54439c8be388,5.337407,0.00000053
4916,0x426aa0f1b56bbab2f49d0ba7f04341f8103007d7,5.322299,0.00000053
4917,0x6c9969082124b1a8666b5aa90eb1c963c08790dd,5.304448,0.00000053
4918,0x752cbbdd99a0d336427cf92b276e004c5ef201e2,5.298933,0.00000053
4919,0xfc90fe04cbd55063403aa84380d58d47f8f7a725,5.298495,0.00000053
4920,0x4e2a0d20381c66f8ca0ecb0653c27cc877cdfaa7,5.290990,0.00000053
4921,0x7db3f0cc952919558584047f72965e4103ec644a,5.289546,0.00000053
4922,0x751f9dcc942294f9a8e1b415ac5d00ef7e6a0aae,5.285667,0.00000053
4923,0xa81575a81342f0ed9b5b46eed72e57149f3900ef,5.277411,0.00000053
4924,0x9a53e91a81173afa5c9f16d96b511973af1fc215,5.274862,0.00000053
4925,0x84a9a312fa432b4f7c467b084b08e9f5abe6dc34,5.268946,0.00000053
4926,0x2129c0e0b29632e56c1fc08c26f4dc02ca374b20,5.254241,0.00000053
4927,0x4c25ec2d153fac0b16d6139923d3a1c86558494f,5.243611,0.00000052
4928,0x24534eed6aa053240d797e1022e97496384b421b,5.239186,0.00000052
4929,0xdd32c91cb307c6dc409bb52304d1f95fe39199ae,5.233948,0.00000052
4930,0xbdb781187161ddc1d198c44db5962d3065a98d36,5.216870,0.00000052
4936,0x3f9cdc4b73fe5deb935879b35b615d50d3cde300,5.200000,0.00000052
4931,0x0e65ef5d1ebefc3ed33d96235c0c6c8dbacd1dbb,5.200000,0.00000052
4932,0x613b4e02685316236a3db80bdc662081995f8874,5.200000,0.00000052
4933,0x97195ce7e31bb9c6e5b3512f71a3f31c98103e11,5.200000,0.00000052
4934,0x49e558bc6255dfa3e6b6f4f32e1b27a85f1fc322,5.200000,0.00000052
4935,0x1d2f713359adcabd812f9b888341aedc38a0de25,5.200000,0.00000052
4937,0x17624831ce09b4ea07b5883da0640c68f121962b,5.199352,0.00000052
4938,0x4cdee992e68d627c6c7baf4ece433a1642653038,5.196700,0.00000052
4939,0x778915aeef7e7c512b2a8106a145fabae2d29cef,5.180861,0.00000052
4940,0x1fe5d9379c8e40ce66880ca785a4c313ca115f41,5.144933,0.00000051
4941,0xcd18332bf16389138f4dcb92e2fa70b87bd28647,5.135803,0.00000051
4942,0xfa6fbbd1cef283fccce3fab25aa0708d64e39473,5.133601,0.00000051
4943,0x5321b94a1dad0a6aa5d3afd07604157c7fc02434,5.130000,0.00000051
4944,0xb91f11c7a27415b757ca96cec83bcfa6b5493b31,5.124280,0.00000051
4945,0xe2f178a850a426d2e2c26494ad0fcb297ddf19d4,5.122648,0.00000051
4946,0xb5fd24c7075c56dcdc4730f778021a135f67c1a2,5.118465,0.00000051
4947,0x3e7f88baba10ec90cc6f02c3ea35475c906bf340,5.105836,0.00000051
4948,0xe20a60cbb8d4f3d3c91c2dbc938b794ed5dd6947,5.092159,0.00000051
4949,0x0ecf7a456ed6231b51af2d928a3edff035ebf1e5,5.088882,0.00000051
4950,0xe2ee74cd3f4e673de7259d6a77d47a51b120a8de,5.085955,0.00000051
4951,0x16f2130889c3866369653301f2aec8cdf2b923af,5.083918,0.00000051
4952,0x1522900b6dafac587d499a862861c0869be6e428,5.081069,0.00000051
4953,0xec173e3bbd929c3ff7cd0d2182ea0b68cfdbb9ae,5.079615,0.00000051
4954,0x66e158300157132ac0e2822e3d2d4b5187ed309e,5.078748,0.00000051
4955,0x692d8ac476aa7aa58d220c917a604c41f17c9f85,5.071700,0.00000051
4956,0xc33b475f9712786c4ffd083a795e3fc625dd01ef,5.049398,0.00000050
4957,0x5353d719b45fb2e85dab7129ef7d14f264e3db6b,5.039422,0.00000050
4958,0x48a4544d3225a185e4619b11885bec3e200ef5f7,5.038851,0.00000050
4959,0xc2e4817def0fb17b2a79d39c466745b261cbd73e,5.036861,0.00000050
4960,0x1fc000c99f26922776fef702821ff18e13590796,5.034347,0.00000050
4961,0x6f6e38b5de57c8c3e85e72a49f663dea5aa07405,5.031419,0.00000050
4962,0x3cabc518fd45e71322eeeb3905d5bd46ad140328,5.022000,0.00000050
4963,0xd2f75c011d9e3b161112fdbeddcd24888e15d167,5.018337,0.00000050
4964,0xd4751766a640e4d35f7188475d24895977d8eeb4,5.016956,0.00000050
4965,0xbc84a346411c67cb5a0e8e3af479cda98911ffa3,5.010000,0.00000050
4966,0x57d445dc847f61c24e19c51da462ac26371d4c42,5.000541,0.00000050
4967,0x230902b1612adee6642c31f5e8190a9f0ad45013,5.000013,0.00000050
4968,0x3e8d0a272c8d41838cf626f302b0bbd565d4d0dd,5.000003,0.00000050
4972,0x2f943ee1dd4b4afb07320ca5765b4616c1ff7a87,5.000000,0.00000050
4973,0x65b2ef3c7500653ece17c82e12d78dd98cd40147,5.000000,0.00000050
4974,0xe567d569be19dd911937d90c912d538d48f270bc,5.000000,0.00000050
4975,0xbe704ffa03d14806eb364663c29f9bc7ef334c01,5.000000,0.00000050
4976,0x079c31a5b2a6dd9a86ee36387c93ad97350eaea3,5.000000,0.00000050
4977,0x42c7fee797581972b0988ad50d521180e8c5b192,5.000000,0.00000050
4978,0xf08075cdb60b511dce207fbd68e8b56516bb2f9e,5.000000,0.00000050
4979,0x43e69837a5653de885f7cb69cb384db9fa0c5e32,5.000000,0.00000050
4980,0x074151381af4f4877c397d39209b03970ec4c97a,5.000000,0.00000050
4981,0x686b355491f35949b2141b8823bad203b70f8d08,5.000000,0.00000050
4982,0x476a558a2d98b20b0b923db7f617f7e29fb9eec2,5.000000,0.00000050
4983,0xb3ba655ccc568985ecb8c42a2f0e091a9f5b67fa,5.000000,0.00000050
4984,0x13f27352234fafd2573e8d367a9bc3adff3de7d5,5.000000,0.00000050
4985,0xd52247bd9ecce4041c351a28eb295289a396bf8c,5.000000,0.00000050
4986,0xa6dbe0baacb7479986908701c2108f78184aeb77,5.000000,0.00000050
4987,0x6cecf891d430621965712a0cd299b1661e49d85a,5.000000,0.00000050
4988,0x11c88d3d553443798bd5cf4e8a78093397af49d7,5.000000,0.00000050
4989,0x2ff5d11f44a062549c81476f951cd7200ae109c8,5.000000,0.00000050
4990,0x3706ca3e1fb5dd33ba39018a8c42533098827463,5.000000,0.00000050
4969,0xd41a244eb4de548223e79d800537e2cec0ce860f,5.000000,0.00000050
4970,0x751036ac9104b99a696b43d50d91c627f2cc359a,5.000000,0.00000050
4971,0x1000c29bf24ddd6e112b5cb8692b83502ed7404f,5.000000,0.00000050
4991,0xd763f2e127095c1c537c5d4aa7c0965e27fc5e41,5.000000,0.00000050
4992,0x007f8186d648d4a4abf6b24351e586f7278048fc,5.000000,0.00000050
4993,0x4fe09267e2553763a64a1942a57514fe8775ebf0,5.000000,0.00000050
4994,0x91f3f7ec121a846bca8e35e89930a87376f9f4bf,4.998131,0.00000050
4995,0x35eeb26516ff5eb05183285e52ebaa195430e66d,4.991581,0.00000050
4996,0xc5d7cb854197c9273ac1966a2884fd42447775f2,4.976100,0.00000050
4997,0xca84c5ea4d8d3603ec5025d5506820f36888a480,4.966181,0.00000050
4998,0xc72b0826b69ff99a260f17c8321285c0dc4acf49,4.961617,0.00000050
4999,0xdc3e1e07dc7f57f9bca42a6f521d5ebfdc8f93fa,4.957107,0.00000050
5000,0x1a44e5c817f61b89e028c81f8f7eba888a23a0b8,4.943635,0.00000049
5001,0x98f83adba72b68e959f9c3383e04ec9c50b1928a,4.931700,0.00000049
5002,0xd0a6cde8a3e6ff97243a47b52a861619480d050c,4.918668,0.00000049
5003,0xd695f274dc17a3e81dd2ca6c1656fd4fb89304da,4.913558,0.00000049
5004,0x7a9acf75ece0889cb06d1972537909f2d5a01e6d,4.899572,0.00000049
5005,0xdcef022b3aaa060585a979085c3f5488fee6f0b6,4.885901,0.00000049
5006,0xe60303d8398b74bc909aa55a10627c715ad85ca0,4.882451,0.00000049
5007,0xb2467404c01674fb78544f78357944cd2f43fcab,4.877530,0.00000049
5008,0x2d0c526438b383559f37de93856bc878ae76cd9b,4.873100,0.00000049
5009,0xa13ecbfe3d5c6ae6dbaa2b43b315ce6385f60f77,4.865779,0.00000049
5010,0xd3726adef42b379c02ccc4419c7ae31f58679933,4.858132,0.00000049
5011,0x5327fd7b9fa53bb66362507f1fe6fea303da21c2,4.857958,0.00000049
5012,0x40d2af10e0d855f65086147020d57bc0bad1cedc,4.847407,0.00000048
5013,0x3c8b6ff2eb679f0a69c98af2aab62260ba247cb3,4.839453,0.00000048
5014,0x7f04ceedfca4f7dc3d93d8b67b6ed4910120888f,4.838638,0.00000048
5015,0x666261eaa6977f2c211e65e5de029195dafb00cb,4.801068,0.00000048
5016,0xa8da25e80fc4df9ff3579141905b130770b5ddb4,4.800000,0.00000048
5017,0xf917bc2e5c8747faafbdd29b2389580221c9055e,4.800000,0.00000048
5018,0x640c433f64c4ea9b83c3340c7bf374554d2626e6,4.800000,0.00000048
5019,0xb0b9c5c8de8b9d9fc68dd69b3a474052989b770d,4.800000,0.00000048
5020,0x675d22ae74d8304be40c8531a08abc8374214095,4.800000,0.00000048
5021,0x4e4627ea15e70fc1d06a008466dba8446f2cb292,4.800000,0.00000048
5022,0xd75eb391357b89c48eb64ea621a785ff9b77e661,4.797162,0.00000048
5023,0x000006ffdd6e1a0acce7274522cc8c10dae3bfd9,4.790400,0.00000048
5024,0xe203a3535e6825877dd43e4a36e0ba892f441904,4.773814,0.00000048
5025,0x6140900e284d6c95f87ae84e4fea1c6c7c6178c7,4.758801,0.00000048
5026,0x874e6df2df67826d99038596f77ca56054d7e17c,4.750000,0.00000048
5027,0xe2441d149b2b1a60d662adb96ee887ad982f5154,4.742518,0.00000047
5028,0x04a76bf29c2491387429d1318b2ae82989315a17,4.724942,0.00000047
5029,0xa3bd34e4430364418f81acc36a64d695cc0c14bb,4.715084,0.00000047
5030,0x45de9442453347e8de724becfa31ded41bc8be0a,4.715069,0.00000047
5031,0x1807914b8115310b925ec9bc9769744fff132d50,4.709422,0.00000047
5032,0x172fd37dd98d6b17dad882b498e0e7a7b0a05e8c,4.693800,0.00000047
5033,0xfb5fe3f22237c6481c089c8ee1ef70a117f4b172,4.682846,0.00000047
5034,0xc0026c4f4096c142c4ae728933424690598ce792,4.671000,0.00000047
5035,0xa05ea76d4e64e0d638823603309de61d12ab9454,4.670000,0.00000047
5036,0x9b4635ad90215e3b92ff80662d4a68dfc1037832,4.650746,0.00000047
5037,0xc43146a158f04b4cb9a3f09e0afadd5f21c5cb0c,4.650597,0.00000047
5038,0xbec17a9ba131a2ad01a7d6f5c9d81345d6cb5ed3,4.644888,0.00000046
5039,0x517c0f02e6860248cdc190d9bfaa103cde35d0bb,4.642429,0.00000046
5040,0x55898b6bf24939604ead98fc5d8cb74c3b1dcece,4.642149,0.00000046
5041,0x621578a61542c74d73b1dbf107c8cffd3b422a14,4.641642,0.00000046
5042,0x69b2f9c0e65e60f0feed7b4a7abf12d45ca46bf6,4.629471,0.00000046
5043,0xc024b6d0d089af46f02e1cf78efd7453ae005cfd,4.627579,0.00000046
5044,0x0b98cf2d77e80590b7f5986dc8783dfe7176a6ea,4.625800,0.00000046
5045,0x6bff09b116669405fe404de872b3ce2f1ad7596a,4.600000,0.00000046
5046,0xae7ba05f85afdb1a5466d7e5a268cbc60ff65e7a,4.600000,0.00000046
5047,0xb2a34aa4ba10142ca41a7339788c9f1f4608e864,4.600000,0.00000046
5048,0x6fd016777756981ee9c42ebc9580920bbf8ec4f7,4.600000,0.00000046
5049,0x99a1b5a070d96e835e8dc54112bdcbf1cc37bab2,4.600000,0.00000046
5050,0x854a2d4ddfd16b1eb9eb80997887d83e12257191,4.600000,0.00000046
5051,0x9bf3d7a5d12d3037a1e206aaf3525f444935a57d,4.600000,0.00000046
5052,0x9cf1fe368b2d4ebc5c5275e33f5cbe22ba339c50,4.600000,0.00000046
5053,0x08e97a09ed8b22b651bad11a92114c6c31d86e3b,4.596020,0.00000046
5054,0x8167c121a6ac30930ce75bc69010c3eefc89c0bd,4.586420,0.00000046
5055,0x9b46aca75753a76791aefa9310b1a65932d66527,4.562834,0.00000046
5056,0x72d14a2bb4b47ae7cb22aa10c909bfb202adac95,4.555783,0.00000046
5057,0x7c055d1a728810d044d7078d6c96256becc2652c,4.551804,0.00000046
5058,0x28dbdf586af5df30b2be07ebd5abc589dd3ab1b7,4.548771,0.00000045
5059,0x7f4402be67e43db44da587f31df7fc3ecc1eaf72,4.522141,0.00000045
5060,0x2671847297e4957ceab0137d83d550f11d39159e,4.504379,0.00000045
5061,0x55f67ed359056b356cd94b1eac0b2dec67893900,4.500000,0.00000045
5062,0x3395a71f6d61a0aaa92b06ed0905182b58fcc0ce,4.457800,0.00000045
5063,0x18363e81880c98a1f357f9b6ed58488293b6d29b,4.446862,0.00000044
5064,0x6ffbbf82b342cb4469e59369ba4c1f8a2f5ee2d1,4.445188,0.00000044
5065,0x1cd3e10d5feda031794607db64c1a893607241d2,4.440000,0.00000044
5066,0x04220a9bea6501b58add3da14df278278520c592,4.431829,0.00000044
5067,0xd77898255c063b86c56ebb5348a8b404d91d18f5,4.414163,0.00000044
5068,0x3ea151ce0244aa1af90697cee77877c52f3a9d1b,4.410000,0.00000044
5085,0x073fe32720a0152517dad2a728ec9f1aaf4ce8b4,4.400000,0.00000044
5086,0x7a3353f675dfbd6d614f7b45edce7e55531b033a,4.400000,0.00000044
5069,0xf9f3b185445af29aa0b796da2ca1392e0a091fc9,4.400000,0.00000044
5070,0xa111bc711e439cb1692a4bf44cb5c52f1022c1cf,4.400000,0.00000044
5071,0xec9d67a432a49a313f79a1b49edb5ec9348c0db4,4.400000,0.00000044
5072,0xa21445d25ee0ee00145d969546b5af313d8d8d67,4.400000,0.00000044
5073,0x9f466d4201cd4e6221ae45205bf3fc840aca24c2,4.400000,0.00000044
5074,0xd7daf96c5fa526929b25abe5367f445b80c554b8,4.400000,0.00000044
5075,0x277a6f299fd7550c6e69fec2fde2ac42a40c6349,4.400000,0.00000044
5076,0x02e58a2f7ab5649db39831cb56fa4500657b2a1b,4.400000,0.00000044
5077,0xc604e5070ca18cb5665687a4a58aa7e1549672d9,4.400000,0.00000044
5078,0xd4cb232c199541a33cc52e2956ef74e70f3940c4,4.400000,0.00000044
5079,0xc7c564293c9f8f5cbc1d474be330c947ea949c3c,4.400000,0.00000044
5080,0x8d715d8b16d90be989b0badef4127dbe429b3ecb,4.400000,0.00000044
5081,0x33f1dd997ed32952628a6f178b0f64044d3a04dc,4.400000,0.00000044
5082,0x37bb73e786fa27748eb69f3941c83691c7c02a5a,4.400000,0.00000044
5083,0xa91d53932df0d11606036c957806fc6febf8db3c,4.400000,0.00000044
5084,0x570cf07b121746700d5e2822a99d6f9bed589918,4.400000,0.00000044
5087,0xe66360b82e2392a74361be2a9e47010d2399038b,4.393198,0.00000044
5088,0xc43eca07ec732cf8ebbc04e4a9f263af07643ca7,4.379130,0.00000044
5089,0xebc68f5153287ebc24f2d62d940efe9b9dcea873,4.367393,0.00000044
5090,0x12b9b553d62d6bb9962a8cad2234b43be24241a5,4.358507,0.00000044
5091,0x6803255d96b994ad22850d1531ed371d2e9c54ff,4.350959,0.00000044
5092,0xb6d5571137adf4e5b04a27d2b9f349c1a915354b,4.349756,0.00000043
5093,0x54c9063d87e4870d5e9fb0d43d1aa046cfbecdae,4.339071,0.00000043
5094,0x6eb7ce7c964ded12a4ad63ec5ca4fe3b31f847f3,4.333630,0.00000043
5095,0x5066a947ef5135e0531f87aa0f5e1e751a97ae11,4.331787,0.00000043
5096,0x2cfd5467c92d0dbeeab0a165a6907f8350b9cefb,4.331683,0.00000043
5097,0x7cde85671f7ef19e9cf2af520c21fb5dd26579ed,4.329544,0.00000043
5098,0x55eed72fc4ef7a426edcc5dc002d2ff4b36d05e5,4.326963,0.00000043
5099,0xdb4b81487115689879aceebe67a94748cbafa2a3,4.311853,0.00000043
5100,0x4c57868c614d9445f267e52b6718aea10cd12131,4.307671,0.00000043
5101,0x597c6066a2010a0c1c7c0a523699b5083fdcda21,4.305025,0.00000043
5102,0x03b6aacf9c85f4b9dab0b1404ac66e6c0f740e20,4.300000,0.00000043
5103,0x2dcd6b2bb000ef84da2c359bfe32b6a8bf09aad8,4.298958,0.00000043
5104,0x98eaadd8c1292db86b04ff5dc2177bad747708c8,4.291794,0.00000043
5105,0xad3b67bca8935cb510c8d18bd45f0b94f54a968f,4.290227,0.00000043
5106,0xbbee0ef355e2b5e7322986b8c5ea2ad3531f7f69,4.274877,0.00000043
5107,0x00700052c0608f670705380a4900e0a8080010cc,4.266599,0.00000043
5108,0xc60a9c2bfc8922ad5d81ba484eecf9963bbf95ee,4.265894,0.00000043
5109,0x49a06fa97a09070634d45f33b61a72b2de8a81da,4.264000,0.00000043
5110,0xc743d56569f0dc4cdb41fd950d4212ffe1640ef4,4.252949,0.00000043
5111,0xd827a374f179d4826f887ad95b853757f533f905,4.251894,0.00000043
5112,0x452cdd15dd672bb5fa38765b7bd1e8e8bb5e9588,4.236086,0.00000042
5113,0xb8ffb182038836666f1fc350b943c6b2cdaf4193,4.233000,0.00000042
5114,0x129d68015f596839fd2c6159939a1152e31ae604,4.216524,0.00000042
5115,0x3317fe034c5b5f00f91f4423a9072d7b38a5461c,4.202260,0.00000042
5116,0x4ea754349ace5303c82f0d1d491041e042f2ad22,4.201634,0.00000042
5131,0x7d9430d3c1030fd9f437b0867f22fa5cabf7b2b3,4.200000,0.00000042
5132,0x09c942b418e18cc7edcc2d1e1c197635310fae14,4.200000,0.00000042
5133,0x521df578d12e36dc418160ef830ef48c44b28fbd,4.200000,0.00000042
5134,0x4cba12d9e9b32640e6c9cd8e9cabf897650671ba,4.200000,0.00000042
5135,0x49193281189614b2531788ae594d6b97810fa2c2,4.200000,0.00000042
5136,0x4c75fff8dbcdecb01f743e4502db96fd4e3cdd92,4.200000,0.00000042
5137,0xf544aecc7ec08d9b723ae6d60b8ead7b7c505c7e,4.200000,0.00000042
5138,0x4794d649d2943cfed5aea635e8cc5f154b6e13d9,4.200000,0.00000042
5117,0xddd6ae239a5eaf73608eedd8f47e0eb1fc1474ff,4.200000,0.00000042
5118,0x9d1c5f803745f66f2ac2179ed8c3ce70ab860ed5,4.200000,0.00000042
5119,0x469c0357712abad58871c32c205261d584d160c9,4.200000,0.00000042
5120,0xd24d1d5334d20a3eca7e0faced33cd10a921438d,4.200000,0.00000042
5121,0x8276803f5c65e27c981f3a9170ed201156cb971f,4.200000,0.00000042
5122,0x38fbfb0493a4e11cb7d23776f2e5bcb5adf1711e,4.200000,0.00000042
5123,0xe5367a1c1c6100295c9ef42da65ffd75b4d1a800,4.200000,0.00000042
5124,0x37fc9085316a0f46b3a258ba1317fd675e9a779f,4.200000,0.00000042
5125,0x0397be40bb5f0397ade582eaac8b6acbd0fab80f,4.200000,0.00000042
5126,0xa5fe9bc7b9709785718c7e8a8ead1210c7802ada,4.200000,0.00000042
5127,0xf9dbb65fb7098d0b5fd75404f86f8723b8305083,4.200000,0.00000042
5128,0xf06a932d9633d3d0eec5d940bbe057ac87204107,4.200000,0.00000042
5129,0x8c3bfb1dd961f682e858287618ceee5f10a32d2a,4.200000,0.00000042
5130,0x5deaf0a1c2449683f17df474d601c4113f899b31,4.200000,0.00000042
5139,0xee3a9901b6a299511991fb1b0ee94ffb617a2102,4.199200,0.00000042
5140,0x83d5178c6b5f464ffdce27db117a80c5f0e271a3,4.196949,0.00000042
5141,0x2528358b6f67c3c39a20ca6dfc6c85500f0931ed,4.191627,0.00000042
5142,0x482427693d5288238615ec62b169573be9749877,4.184108,0.00000042
5143,0x0c036a08aee5136440f2b82d6769d9834aef0be4,4.175866,0.00000042
5144,0xeaf1ba9456ec0f6033906671b2bedd5db6dc2097,4.172707,0.00000042
5145,0x8c9a4c2d109a41c3579df56bdf47e2da3fc2af06,4.163730,0.00000042
5146,0xe76ff5ee443a60f4b748abe5282910e53119eb58,4.144954,0.00000041
5147,0xa0f56fb2272da22fcc8c8bab0c695d78a905360e,4.139332,0.00000041
5148,0x1111110f0f73c0b2ef09ec012eae758b3e03a902,4.136939,0.00000041
5149,0xfb6b1cd99ea121a3f5f0720eb122603bbbba4088,4.132865,0.00000041
5150,0x2256905db5d569f6267c2296308493a8fee4bd6f,4.118990,0.00000041
5151,0xc22b1bd730b20550ee8b2a17d376bc7ef6f5d266,4.118757,0.00000041
5152,0xb2165dfaf9cc545167a2887c8856f80eae7edf2d,4.110000,0.00000041
5153,0x82656e7f81dd3d15cdd86029f0a5e9d70cad4a3d,4.109458,0.00000041
5154,0xa2c11c4b029693101eb14160e48a60319242ddc5,4.107683,0.00000041
5155,0xd0a67cb08be17475f4315a04c5f0be3e200ef66c,4.106481,0.00000041
5156,0x96156ab95e3dff4778d21b97f97ec406da2570b3,4.103364,0.00000041
5157,0xe67b88d1daa402d9c29c7cf8888d01eae017282f,4.100386,0.00000041
5158,0x72a4f341e801bf263ec55bd508bd918d07285300,4.099344,0.00000041
5159,0x4cabe8134d8129a809101f1baf2d66364bc8d69f,4.096130,0.00000041
5160,0x08d4cf26a29cc9a6389b92d3901a9ac5062dc9df,4.082451,0.00000041
5161,0x7399e1c97e2d8124aa40405012e89a303c696791,4.076990,0.00000041
5162,0x9d5a9518685d9474c595bc14a0c4d40e3f73fd18,4.076863,0.00000041
5163,0xe56955435033d3a1f51d95333ef81a00954bbf87,4.065359,0.00000041
5164,0xea5fa3001e684639255e45af3e16dbfb96701b71,4.045816,0.00000040
5165,0xecf8c1a9c5751f54a995c50b942dbd7dbe141bf3,4.044200,0.00000040
5166,0x3cdf67e6910c7a06c850082ee7d0d7c4e8fb8836,4.038000,0.00000040
5167,0x862ac3ae086a3845b421b693d063c29e419bd80e,4.033800,0.00000040
5168,0x10a1168f65dd73a90dbcd0b3d675996f42327416,4.032090,0.00000040
5169,0x85339f5f3a10ec26aa508690762ac569472672a0,4.022154,0.00000040
5170,0x3e95d3abf0982cde26d4195c93e8c108dd66d6dd,4.020634,0.00000040
5171,0x19b03a9748d6997fb8f0477ee273e9d442095712,4.014202,0.00000040
5186,0xc22441da9d7c2cc30fb1191a47a2c2688c44e7af,4.000000,0.00000040
5187,0xe2bf93db26b2b476725bfae4b46a3938145f4dfc,4.000000,0.00000040
5188,0x1c48dc949ba6dd08099831d1a8e654f0aea0f64a,4.000000,0.00000040
5189,0x117b7cfc4c7546fce7827f892b96b2812946ee9b,4.000000,0.00000040
5190,0xbeca280b33f257fc3880af9d8a09620de6f7c67a,4.000000,0.00000040
5191,0xde71418357c3c316c2c208953ca1ade49a3e8169,4.000000,0.00000040
5192,0x8ccd00946b78c61d0297de8754dd3361d0748cc9,4.000000,0.00000040
5193,0xb0f3ed3028a903b3c5732949a9f77c624bb31b46,4.000000,0.00000040
5194,0xf259c802ba1c3a441c53e0edfaff006b7465c5f9,4.000000,0.00000040
5195,0x8c26e32066126fb14f51f811fa63826552ef524c,4.000000,0.00000040
5196,0x8c22caaeda5d876a0acba60b9d1af1ed258d5d2e,4.000000,0.00000040
5172,0x3751d2af9d0aad4b742131e2fd69579a1a84b3bb,4.000000,0.00000040
5173,0xfb2274000450b0100101677bb4a84f42bf844fd7,4.000000,0.00000040
5174,0x6eb46d81c6da9ac97b247178376aabf8da5c6aec,4.000000,0.00000040
5175,0x6cc0236dd8f128927860a9b9caa43fb5d80386b8,4.000000,0.00000040
5176,0xd1107fe764e08fd73535bb4afc233d09c34f6b10,4.000000,0.00000040
5177,0x8cdeefa8a61753ed4885ab642a79a4da66f8aca7,4.000000,0.00000040
5178,0x92a2e9494f1ac6af866361b16892defea8c0f4ed,4.000000,0.00000040
5179,0xed3a95f675fc5c73b25ef1f6f03e482ce55165cb,4.000000,0.00000040
5180,0x6d7d38e288b374b1dd88a08383541fcf3d0d5f77,4.000000,0.00000040
5181,0xae300aa6920fc3b336ea4447e819e1026b2f06bc,4.000000,0.00000040
5182,0xfb15d4516d6df497d2120b6bba1a24c6fb10bac4,4.000000,0.00000040
5183,0x6b672984dc399ff771543a5b06001326e7dfdd4a,4.000000,0.00000040
5184,0x74982a5c5f0d4bc00f7ca4382650dc359cebc574,4.000000,0.00000040
5185,0xde25cffea05f990d555428b4b1bd2a2dd44d4bb9,4.000000,0.00000040
5197,0x7053ca6822db9015396cec2c2b9264faffa38ce7,3.994219,0.00000040
5198,0x4d7ac2a88c3190b46380ac610cfcbd6a5123b29d,3.991210,0.00000040
5199,0x67ed85de672537808db45bef823e19621f127240,3.979235,0.00000040
5200,0xb1f5799e94dba00bf81d3e499280a13f85ae4c24,3.957688,0.00000040
5201,0x9fc71adf531476bcf08fcd31e6eff5f52c2f9daf,3.947923,0.00000039
5202,0x0b8aed3bd1639cb0ea5d899f67912894931ec26f,3.938733,0.00000039
5203,0x3cfd6ef7edfbfb296c4abde379071bbc978cde7d,3.920661,0.00000039
5204,0x533b0bc046e2b628736de9602f4767b3f7b64bf0,3.911679,0.00000039
5205,0x8ca0a5d199f81775fc19da348828f2dc872eab44,3.900000,0.00000039
5206,0xde2493734e0b3f7c0e1cf4ceef1409a399da0dfd,3.899621,0.00000039
5207,0x46cd992afb9fde81c0dc0110af544a8efe8b23eb,3.863956,0.00000039
5208,0x9d1b2931c669fac423ddbc54dd6ba47d5405a8e2,3.856016,0.00000039
5209,0x5218feb8b29f190b8ef024bbbefee347bed055bc,3.837440,0.00000038
5210,0x358fbfdf39b5a357f32d6583972bba02a3b8dfff,3.836930,0.00000038
5211,0xcd85c214b07d2b807a6b90dc7565101831818971,3.833808,0.00000038
5212,0xb8bdd9f1e78c7dc5db8871ceb472930997ab39d5,3.800000,0.00000038
5213,0xb21a731d9d9b51a22c7e6818b79f9395a3ce3a29,3.800000,0.00000038
5214,0x8853aeaf300ea78c817fc1d71c4cae602575f14b,3.800000,0.00000038
5215,0x2c63b59d2f84b76c828b65d904a51dd58dc31aae,3.800000,0.00000038
5216,0xf0284ba84bd9658556a87d306badaae9e28a1391,3.800000,0.00000038
5217,0x4417931a8186e2d59debc0911b9c3da1672a81cf,3.800000,0.00000038
5218,0x3f09565cc31646e0c7913d5983817f8fa7bd8c36,3.800000,0.00000038
5219,0x0a71390e0be3a7d7c49d0b48dcd5862440293afd,3.800000,0.00000038
5220,0x7020ae2927743071336877c3c1f97ad79e4b74f3,3.788390,0.00000038
5221,0x2d8443c5afe4f6e6f3b277f973be6af993007648,3.782919,0.00000038
5222,0x6b6e4c1afd72024b1749a1322a524557f033ac04,3.770987,0.00000038
5223,0xacf52e69ce1001e0d7d2de64f3e00631dce46252,3.755879,0.00000038
5224,0xefb1811c6df16f684ce94fc9f6bef4b9cfd8b1b8,3.754221,0.00000038
5225,0xf6c51fe64fc85b4931ee2c4042076cfc3abaa753,3.752885,0.00000038
5226,0x3f7662a15efc525d43a9b8e668dc10dc56a5a150,3.714584,0.00000037
5227,0xf68868100d5573e58dafd5116379b3d9b84152bd,3.713748,0.00000037
5228,0xa21146ebc505bd1c330002eb1dc611dbcf60f903,3.709665,0.00000037
5229,0xbd02bfc5381100021cce7f577ca557d259b70c28,3.708900,0.00000037
5230,0x1396e1b845bee5f33bdf72b934195a71c5be411a,3.694266,0.00000037
5231,0x1e247e95ad0454768a9bd9ebd983a2b634f7ed71,3.681870,0.00000037
5232,0x634dd9aca0a42344e74a88a9c839d7451f161c3c,3.674355,0.00000037
5233,0x16be89773b9a3fdf538777624781b1d6dbff488b,3.663060,0.00000037
5234,0x9ce55a93e215cbdc2f7e7960037a49baf02d94e0,3.642077,0.00000036
5235,0xb3d3c647cc2566cf228b36eef019bd3fb355de58,3.629611,0.00000036
5236,0xb224d916ebb5d89c1be0b6b8c8593c145a79f3ef,3.624687,0.00000036
5237,0xe99b86165bcbc52cd231199e319d369d0eea318c,3.612171,0.00000036
5238,0x8085088f5652c9c85ad5e5314c3fe3368534686f,3.604691,0.00000036
5239,0x9823c4a6f2c50bcb79ddea5999d9dcf2d5a326f5,3.600000,0.00000036
5240,0xb0279f69e940c1e509940bbc8017af7fa081fb5b,3.600000,0.00000036
5241,0x2eca64cba00436b3a581cdb00a39d936b8eecf11,3.600000,0.00000036
5242,0x6c6b029a2834a51456ac9d562aa56f85e58b8572,3.600000,0.00000036
5243,0xd6ee9faa7f8a6f0e335db6de5738dd243127b4b7,3.600000,0.00000036
5244,0x50f0997affb53b5644661f7f3a2e2746df52a9ee,3.576771,0.00000036
5245,0x82aadc216c767d93ddf859a36397f8f677dc298c,3.564816,0.00000036
5246,0x00cc9aee356a1e1c1e07d3ee1ad4d10786fb8b88,3.557125,0.00000036
5247,0x4df482c94d5ec6e336e3d64703a132cfa80299f8,3.555665,0.00000036
5248,0x363d5f56fb858ca8915bc18ff25f11fed229c16d,3.539800,0.00000035
5249,0x3ece672afba6fce5fcd6cb983083a4f3c47b0876,3.530000,0.00000035
5250,0x3d6cc7b3487498905dcfdf31aff0edcdb8c7a54a,3.517819,0.00000035
5251,0x42aefee35e874f6363090d48e94281f14a26ddb0,3.517471,0.00000035
5252,0xa379b6479a72135f019f6ee59c9a49bdd55b5501,3.512503,0.00000035
5253,0x119699b9a5164f354496bd0a81607b684ebec201,3.473199,0.00000035
5254,0xb82878a106d2fbcb6766cb6fb4ee14cde6e78b5d,3.436983,0.00000034
5255,0x009dca2fd5c021bfad4ed9f74590f31cdf921f44,3.423328,0.00000034
5256,0x44e18d618238c615350612881c315a6af3e302e0,3.417000,0.00000034
5257,0x0965aa67ba2819328ed5b5493a5364c3a845c88e,3.411307,0.00000034
5268,0x8a09d8070fb88b7be425a67e6ddf0951813c393c,3.400000,0.00000034
5269,0x8355fc7d89cda19c3f65b62d30b31454dfbe8cbf,3.400000,0.00000034
5270,0xb919de2845521b5f36e38162415184291f3bdae3,3.400000,0.00000034
5271,0xb420fbbf288004164e53ac9f784bd08045b3d897,3.400000,0.00000034
5258,0x267e2993404460a604f470386b4f031eba8f744b,3.400000,0.00000034
5259,0xc10ce56632ec87ace1a4b5d0ef778c7f2dcbbd8f,3.400000,0.00000034
5260,0xfdcacdd857c7a2fe01c70e9c6673dda044659336,3.400000,0.00000034
5261,0x6acfffbf89a591a4a9d364521c30299cb3162107,3.400000,0.00000034
5262,0xac04d585f46ca227655a2f05d9ace251cda91ae8,3.400000,0.00000034
5263,0x2f9ffbdb1dc4532c9e9a4fe32126632fca12970c,3.400000,0.00000034
5264,0x7da0fd9b8a1358f790cedd6d42ace937847e8bfd,3.400000,0.00000034
5265,0x07c4f69c77db766c71a87a704ee963f067fa501c,3.400000,0.00000034
5266,0xde8ccb8aa7d814984e74f9a4373f1ca6f7323714,3.400000,0.00000034
5267,0x9d304c4c85a02a01f411930c6db0925c015a0191,3.400000,0.00000034
5272,0x69d60e5d476b5d94c141a11c96db164d52dd7aec,3.391280,0.00000034
5273,0x62cf5844ae2da19a16222b1ccbf1c2994eab3bc3,3.390000,0.00000034
5274,0xb1627b1de00b8fbdbdd4404b37d7bf389da7f95a,3.366231,0.00000034
5275,0xa9422d17a51d3302af363757b5d28afebfa98e63,3.363200,0.00000034
5276,0x0e5eae5d347f1bcf3e8ee22e5044a4352ade285d,3.355007,0.00000034
5277,0x8d28ff69594470e4434d94bceb3670093c5ed947,3.352000,0.00000034
5278,0xec96d25714590aa2d68af013aada7533b528f0d7,3.342818,0.00000033
5279,0xd4e4e4794dd59b8e418ffd24b83a41c9844b7f79,3.340477,0.00000033
5280,0xb4f55424bc27c4390b0d88b202ae7f9de014e703,3.334428,0.00000033
5281,0xfc53e6fdd5bd013e51c4aea385a291cab966e26d,3.316143,0.00000033
5282,0x7a075547a2cf00d01175885feb601df307fef978,3.311254,0.00000033
5283,0x2c6756bc956ab79d7b0e71f4356cc3dc02b3a893,3.301000,0.00000033
5284,0x5ef80d0727f1317c5850497a5b2ce805d31fa96d,3.289029,0.00000033
5285,0x24236759072dbeaa79fb5895d3eff61047775dc1,3.287413,0.00000033
5286,0xc24759d862299222cfbffd6327073d23c6cedb09,3.274987,0.00000033
5287,0x36ce7bce0828ed13356ae5945eeb968f3dfc8ce3,3.272237,0.00000033
5288,0x77c89910827e99b644614116a2f699812992fc80,3.244601,0.00000032
5289,0xe8c93821037ba3f46145e9b7427d9d5cba0c0ef7,3.240497,0.00000032
5290,0x9514462cd60a4f87cbe06c88eec5a8e90a7ccbb8,3.229822,0.00000032
5291,0x08cd3b0d681bac80f8587509efc0de4261b6a4a6,3.229195,0.00000032
5292,0xd7a42468fb40f942b239a62ba0ce16de7e6fc22f,3.221315,0.00000032
5293,0x917a38970992e46147c51b8a7975c457174c3841,3.215023,0.00000032
5294,0x07964f135f276412b3182a3b2407b8dd45000000,3.214349,0.00000032
5295,0x8fe83dab1d17185f091569b440b9e3c7ead1453d,3.212357,0.00000032
5296,0x5f73edf97fea748570a46fb3d670fbb23827f605,3.210695,0.00000032
5297,0xdbbdbe12a9236f37a5e5ee90c2f0fcaceb61f4d6,3.204752,0.00000032
5298,0xf150ce6301b80a13c90871ab2c1fb7215de0882b,3.201542,0.00000032
5299,0x22b4cbe3eb2e08c000fdff16b64754b81d0cb691,3.201381,0.00000032
5325,0x8e9af50114b77169577f15dc25ff9afc32d86ea5,3.200000,0.00000032
5326,0xbf9490a014d3ea7f151e4f42aee9c9d5084ff3f4,3.200000,0.00000032
5327,0x6371df462c5d0590abde776be219ba9a97857d92,3.200000,0.00000032
5300,0x68f739c00f29871b1898e58cd1fdf90a39cbf75c,3.200000,0.00000032
5301,0xed5decf905ad90e51f61c151978ccbd7d955e91b,3.200000,0.00000032
5302,0x3cc2f4d244847b7ea1eca5df11ca0d6dc3760945,3.200000,0.00000032
5303,0x65d1c3474b32208c9c8a5d2c98fac60fd52b5566,3.200000,0.00000032
5304,0x9aaa494040195bd5705fb324782deff13bd201be,3.200000,0.00000032
5305,0x5de56dc8e6a413665d07c21a5917d8d157bfd911,3.200000,0.00000032
5306,0xc2e85d3b9d218e61fef23ea88b4e8989b268d728,3.200000,0.00000032
5307,0x67044d6d1cb72408230fb64086da3bccd9ffdb13,3.200000,0.00000032
5308,0x92b2964ae5c9591c80d1e8abd9a17bf6e341292c,3.200000,0.00000032
5309,0x94c4f43ee025b558d30a698dd223c1a0465f0bd3,3.200000,0.00000032
5310,0x87c2a51d91bfc21b046848eb3688dec5fde187b4,3.200000,0.00000032
5311,0xe5ac80a69e9fa7f6428480b2300338ee5136044d,3.200000,0.00000032
5312,0x6c1f66c925822a6717d08bdaa6ce014b2242c65f,3.200000,0.00000032
5313,0x2a88170c1a774f65180973f3ace4b5d7471578e3,3.200000,0.00000032
5314,0x0a29a9eb7d135d5d84687909ff19fb091cdb0e78,3.200000,0.00000032
5315,0x22364e06d720a7b013e1c8683aa68f2988d3fc0b,3.200000,0.00000032
5316,0x72092e8b124866ff265190b6b92c0bc0a5bbda04,3.200000,0.00000032
5317,0xc4118ebc79ba7e2e1b310cfe6e12467479b6c5bd,3.200000,0.00000032
5318,0x51f3288120ee94d47c41b521daec7350204050a5,3.200000,0.00000032
5319,0x917c71d1cc7ce222c19fcdbbfd668f936bf327f0,3.200000,0.00000032
5320,0x2e0623f1e7bf8ba0bc91ed1dd61da0a44a67b93f,3.200000,0.00000032
5321,0x983288941d3916bb8ac5deed6534be068c6bfb3d,3.200000,0.00000032
5322,0x9e5baaf89527d8b944bb4b4e7852d9508ee64a70,3.200000,0.00000032
5323,0xe933dfb53dabde87ed838792f0a0fca0166fb7c7,3.200000,0.00000032
5324,0x121f216f059d12d0fc4ca25d4dc1b62dc295d310,3.200000,0.00000032
5328,0x4ac43509eadd7ed5fde29eb6566f9f21129e5a5e,3.200000,0.00000032
5329,0xe055ea577de3999bd726d1fa14d6ac1568afea1f,3.198097,0.00000032
5330,0x3deff9d90e085e9a919bad2b2178bbe008e654ce,3.190587,0.00000032
5331,0x69f625b16d070c57b8abb0befdccc327fb1a5a2a,3.190000,0.00000032
5332,0x0e14a3e9af1afdfc60554e3e2a40c8284d647093,3.189090,0.00000032
5333,0x9efecb62585b93a6f5fb7df917c95846de18f3c8,3.184478,0.00000032
5334,0xf6119aadd9b948b8c906719fc5cdacab5b1300ac,3.173721,0.00000032
5335,0x548129a58bc230549df7f9e33f27e77f6779ff0f,3.169446,0.00000032
5336,0x336a3b891ac86d000df7a4252380b6aa11ecf159,3.145810,0.00000031
5337,0x6142b0e20fada4aafb8c3e1236b7587c2ce9611e,3.136658,0.00000031
5338,0x950ca94b7dbcd7931b592a87834f80d41cc58b54,3.126322,0.00000031
5339,0x7dcbf66e911de30daa5de365b3d46edf59e400d8,3.119646,0.00000031
5340,0x536378b73bb285b4e26b1decb5ad5d6a3b80437a,3.116241,0.00000031
5341,0x7e0d2769ff05a63cee4cdc5c6eea37299c63a847,3.113777,0.00000031
5342,0x10b435140692aad83c793a9192c50f080dc22847,3.109066,0.00000031
5343,0xbeceb9ebd5dd59efbf0f7a4afa4b4b0b4162422f,3.095218,0.00000031
5344,0x8cadb20a4811f363dadb863a190708bed26245f8,3.092334,0.00000031
5345,0xf62c4163b727f960e7d5a9ef99f7e0da3fe5472a,3.090470,0.00000031
5346,0x090494a9507dc2cc97a387d84ef8beaa462e1aea,3.090000,0.00000031
5347,0x7f08239ae9180d27798ba88cc043229248ad4dfd,3.076656,0.00000031
5348,0x3dfe05f255213ad7e6e7bfef4fe0fa8e2ea9f7e3,3.062673,0.00000031
5349,0xb4f34d09124b8c9712957b76707b42510041ecbb,3.057798,0.00000031
5350,0xfe35146f38688098f6d99d9045f67d0438f48946,3.056810,0.00000031
5351,0xa6f8e6d4aa059491298a315be564de242da793d7,3.043580,0.00000030
5352,0xa995a59905ea54ce917a2fdced49a56d3ca481da,3.034444,0.00000030
5353,0x97855f314b7283b0f4a9f5ae79b9fbf2dd4a228f,3.020921,0.00000030
5354,0x5b0e069d5f47fcdf26017f53ed29bcbf420f4bcc,3.018655,0.00000030
5355,0x50e1599023ce088d93c5af627c140f0be932fa92,3.012487,0.00000030
5356,0x3ea0713c9e7cfcd22aae6f4ba4add771b2403e5d,3.006930,0.00000030
5385,0x089bc2847011dac30ce0a6c5e608a5b31f61f8fe,3.000000,0.00000030
5386,0xd4f79eedcf10934af15c1a7a26641b87f474bee7,3.000000,0.00000030
5387,0x4c3fcb39d4dbaafff4d340cedbef22aca00c8d6f,3.000000,0.00000030
5388,0xd97b9314e3b301225921cd450d003e096ce31c2b,3.000000,0.00000030
5389,0x0a86d2569fa20e5327eed526fbd64d292649a9b5,3.000000,0.00000030
5390,0xca477a09c7ec76c4be75311023c1df690af367ff,3.000000,0.00000030
5391,0x5bd2ceab82d39ec6d176fdca6526e40edf049059,3.000000,0.00000030
5392,0xe7d9d604fe972aaf81dd2f21e9cfb35633c90851,3.000000,0.00000030
5393,0xdeaea63487e16bc2248e07eae7ddb65c1242b8da,3.000000,0.00000030
5394,0xc35a0b2f8f20f0af042c41c1adbd330f602750c8,3.000000,0.00000030
5395,0x31ac9250634cdf06e33e507976e827a1f6046f39,3.000000,0.00000030
5396,0xfe2a79e7640d62b8e6aebb375427fe8a02d74f0a,3.000000,0.00000030
5397,0x6c37011fbb6b331d22e4b6e374db45d93166de09,3.000000,0.00000030
5398,0xb0740a6559a97d60d5dad741cce4b9031b01b07d,3.000000,0.00000030
5399,0x5fa788c1ff5781c406b65d32efe7e22201989bad,3.000000,0.00000030
5400,0x0f814e4c23becebe0c3c11781b33a0242db33be2,3.000000,0.00000030
5401,0xff2d8b6b2a98a44997b153f56d5d4dcc35d05528,3.000000,0.00000030
5402,0xf22ec7a9f69de6aeb9623d2c164f6dabc994069c,3.000000,0.00000030
5403,0x9404e4d5b6963313f2d6aea295aa9a12bd2699ab,3.000000,0.00000030
5404,0x516e435227a82a914dfb03de253ffbb9cd77af0a,3.000000,0.00000030
5405,0x4fcffe3d049b0e1c85bccebed9a566e72ebbae30,3.000000,0.00000030
5406,0x8e583c67e343877a360b84a20a1c69bf65ff9fe5,3.000000,0.00000030
5407,0x358a6c1f9cbc6c15a66b1b7cd950d799624afbb1,3.000000,0.00000030
5357,0xdc9d2a1432b19d13f1d955117747123d42760900,3.000000,0.00000030
5358,0xdbc252b0ec5055fe73ccffd097d0a2fb3a5fcda6,3.000000,0.00000030
5359,0x08300bd22c1a315ced52331d875236925264a883,3.000000,0.00000030
5360,0x5538e6a9e6eac032f68765d7f188676283053c75,3.000000,0.00000030
5361,0x84233111379afc3df5deb4775249c9d610c90412,3.000000,0.00000030
5362,0x78fa14cb2b27c843c44ca3c3cbac904fe1a9f251,3.000000,0.00000030
5363,0x0be1ed88243328bd415ae6caa98c988318eed0ae,3.000000,0.00000030
5364,0xfbe3d2fc4a06a09373728a541f686e94681b64dd,3.000000,0.00000030
5365,0x9c67acdb0d9e8c5171df80cdfe1b60d5e67e5b04,3.000000,0.00000030
5366,0xc75799e6c264bf0104ea33ef51ebb489c659e1bb,3.000000,0.00000030
5367,0xda85e7210b4b6e57afb7ec16dd5d35594bb59cc3,3.000000,0.00000030
5368,0x67b696dbbe23cba3fc38139162b78089c1e4e722,3.000000,0.00000030
5369,0x14fdba9b2f49be52e3e517bd9911734115fef07a,3.000000,0.00000030
5370,0x74db2a2f43e62f56d24a1726b2939b21dfdf9856,3.000000,0.00000030
5371,0xf64ec7b24501e4ab648d2ea32f60badb5b316247,3.000000,0.00000030
5372,0x2b4fe334e715e2ff89781947578f9aad638216ff,3.000000,0.00000030
5373,0xd6e53bb5f4c9409ddd17f943acbfe80f8c0d75a0,3.000000,0.00000030
5374,0x25082aa7e86935d32ac2096e5d006792a64734ed,3.000000,0.00000030
5375,0xe68f9cd643156965ed9be56def0370321303d04e,3.000000,0.00000030
5376,0x02a16b133d170a4144f687e663544b598e4cb07f,3.000000,0.00000030
5377,0xb61971a65c6ec36544df50ba4416549c1eb6973e,3.000000,0.00000030
5378,0x5482d8a830791de1c453debc1f780dd184435753,3.000000,0.00000030
5379,0xddf50e628b89d21bf73a079aa1430ed5e53e11e0,3.000000,0.00000030
5380,0xc50a4bc7f09777e1b139d653c39d192c88d8eea8,3.000000,0.00000030
5381,0xdb643ae2e83873615c19b693af74d850fbfb7672,3.000000,0.00000030
5382,0xb3f2661c09a139e108db801aa0549d53b88f0515,3.000000,0.00000030
5383,0xc0316215bf33c3ae15c98439e5bf2b7c8e04d6b7,3.000000,0.00000030
5384,0x15da94193f2e92feb2ebe54e0f85376698be8ef9,3.000000,0.00000030
5408,0xafe619ed71c092060d3be20dfd4ac3301b45cfa0,2.997436,0.00000030
5409,0x1d48963dd8fada6ab5c2c7b92eba81ecc5030270,2.994808,0.00000030
5410,0x01e09128d901087b2daa232791067983c523263d,2.985400,0.00000030
5411,0x458eec5c9d9206c0bce42df515bbc62c4bf53521,2.982085,0.00000030
5412,0xa74fa823bc8617fa320a966b3d11b0f722ef09ee,2.974505,0.00000030
5413,0x0000000000bbf5c5fd284e657f01bd000933c96d,2.970646,0.00000030
5414,0x49375ce55a19c2ad51e42ca593a1c2127bebd578,2.970070,0.00000030
5415,0x1579e32e3736fee3a0dab7b19a300c8528c0e0e6,2.939353,0.00000029
5416,0x90d9c6c6a9a467537f5473044a7834637a367c1e,2.934849,0.00000029
5417,0x88eb519db8c84b1353a92911e600505cfe8ec8e4,2.933272,0.00000029
5418,0x0d2536efd97c434d4834b826d9fe4a468cced390,2.924941,0.00000029
5419,0x887312573986b50501870889a6c37a8a5ac861f4,2.905142,0.00000029
5420,0x2dda4b5243d774e330a44eb66903fa8e661fafb5,2.900000,0.00000029
5421,0xa33243e8a94ba01965dbdbbb756580f52afc788c,2.899341,0.00000029
5422,0x2498b7fa9947cc5fa4faa971257f763141c38fec,2.897914,0.00000029
5423,0xa79fdf5565b209304bbbae74b3f9a03e56789954,2.887328,0.00000029
5424,0xd5837b1a4e2cd2e769de878e16e649bd8e320cc2,2.885551,0.00000029
5425,0x77e4dd003a17737186059cc6c1450d85a16ffd2f,2.883820,0.00000029
5426,0xe9c72be2c31c1196ada3e650dad2826b637e08c1,2.881921,0.00000029
5427,0x9d07821a3b3cd1562044a7e49386736bbd459992,2.876268,0.00000029
5428,0x8e28cc91f0939288a104f75d5c3bfd7653ebca58,2.868341,0.00000029
5429,0x3d7a1c7a4540242c00f85eaf2c927dc918702321,2.864181,0.00000029
5430,0x458fe64a07b02b200148a9b8628f5c540222cf76,2.845544,0.00000028
5431,0x1d73636a54ccd2c41bd423c884e4587d515d14df,2.838102,0.00000028
5432,0x686103772635b9930529b4525685b1b2898c392d,2.827223,0.00000028
5433,0x4ff1093c6bcf298f8eb76d42ac5e0511071ea2bf,2.821940,0.00000028
5434,0x237175d927bd83d3af642f35613d111f135409b3,2.817588,0.00000028
5435,0x1952e9671ed597b5763665f7d843f91a5b3ebb33,2.814905,0.00000028
5436,0x147cf09e7373b8fda6f12021f1b0f98d6da1a566,2.811352,0.00000028
5437,0xc4110e5ecd91caee0b3d316114faaef531cdcd41,2.800000,0.00000028
5438,0x6401057d584e469690f08ecca60ccf73305a31e7,2.800000,0.00000028
5439,0x3bcbd1d06c095555e9b39d27514efbdd69780bcd,2.800000,0.00000028
5440,0xcfb56ee4ceb8363dda7437e209725ff7e2b89da0,2.800000,0.00000028
5441,0x7c0a69c4d9f268b5ea6bbc246e434683fd9c1e3f,2.800000,0.00000028
5442,0xbb1f7d561c3ec0a408bb14e2b817cd61f8306fcb,2.800000,0.00000028
5443,0x01af43512efc3a6c4b210bf9531a069938949cc0,2.800000,0.00000028
5444,0x0bd8267c8f1c71882d054aa2bb4df181c1314fd7,2.800000,0.00000028
5445,0x5c681461045bed0ad3451dfe99b64b23857a01df,2.800000,0.00000028
5446,0xd215a770daf6c43d531c08c1d4a58b05d121d15a,2.800000,0.00000028
5447,0x81cae07cb7f362390220aa9550ce3a6d5948091e,2.800000,0.00000028
5448,0x902a9362e26bcdfee52c558a31b2cd07af32d742,2.800000,0.00000028
5449,0x25f7f3ec668a23323bf39ac16bfc0ae7c9ae0cd8,2.800000,0.00000028
5450,0x619434a00920d07b2c71953889e76e71c6f1f7ab,2.800000,0.00000028
5451,0xd2e7a31717c10bf5f77d5bc05d312ff2585951fa,2.800000,0.00000028
5452,0x9c53d16a6424a18c3cd062a39a393c83b2ef03dd,2.800000,0.00000028
5453,0xfc4bb707a11d9464728758d6b8d27fa2e12940d8,2.800000,0.00000028
5454,0x1ea91435ef25422d31ecfbbe125001590f059b81,2.800000,0.00000028
5455,0x6c4b0d900ffd047e8e4f22f153ea2ba3c777af97,2.800000,0.00000028
5456,0x4b6ee4ab438812d5af25fc8901b995f74993fb8a,2.800000,0.00000028
5457,0x962519569130a3c89b2160cc6d94983c649b0cd2,2.800000,0.00000028
5458,0xbd8f3f0657d6a8150a56365abe03af7e83319818,2.800000,0.00000028
5459,0xb5977c4ce8a4bea1ffdf63479104e09cf27fd296,2.800000,0.00000028
5460,0x910425b7ca3dc516d93e98b32dc70b79e022eaed,2.800000,0.00000028
5461,0x07821cc9e2d9077967e2b987cc50bad4db6e9eba,2.800000,0.00000028
5462,0xd1de83e6dcdbda22d509f592fd636fa1adae7cce,2.800000,0.00000028
5463,0x2fd2e89da162000cda44c079e20baf27b0591ddb,2.800000,0.00000028
5464,0x773b913f8890e61234de665d6c36891d77f37ddd,2.800000,0.00000028
5465,0x8f522d96a8207389bd27f24a44c36a7a2fa9d543,2.800000,0.00000028
5466,0x70742833bce6aea805c4c53a4a3204092b4c6f2c,2.800000,0.00000028
5468,0xf5b6ee2caeb6769659f6c091d209dfdcaf3f69eb,2.791840,0.00000028
5467,0x34e69e5cffb7a5b016f13efc4fbadb625e36bccc,2.791840,0.00000028
5469,0xcb31fe74a6ce6be422069964f47b125d717f721c,2.781100,0.00000028
5470,0xa2fe8e38a14cf7beece22ae71e951f78ce233643,2.770186,0.00000028
5471,0x5efa289a9a4c40e9b86d8c8f53f3f45a3f3b3864,2.764361,0.00000028
5472,0x25a62b8d35939d85ef38e84caec6f332678e2158,2.760000,0.00000028
5473,0x8dd59673787dad83ba310a85c2a3e9812dff4929,2.750849,0.00000028
5474,0x1ce35fbeb3e428327cd6e791a756159e6b853be2,2.750065,0.00000028
5475,0xaea1988063a85828197ab8c0a42948911319838c,2.750000,0.00000027
5476,0xb428b958f318c151e953e14464fcdbba8a9752a8,2.748426,0.00000027
5477,0x89bdf5ab14988503b03179490e2155cfda840811,2.748358,0.00000027
5478,0x810a03de6274a9d0ed36d99bc72181443599c00a,2.745047,0.00000027
5479,0x3bf3f51d5792f5ea0e542f42584b93c65bb3d064,2.741886,0.00000027
5480,0x1dd4a42a52e5785c751185c4895f7a944da2ae17,2.741588,0.00000027
5481,0xd4c3e1d7835c62f8f1c73947226dbb70e6950226,2.729067,0.00000027
5482,0x5c4e53b126e11d40d26696f999a1f16b80ca8904,2.711901,0.00000027
5483,0x99246cab1eacd57a775d9fda5a0d2e762414b2c5,2.687511,0.00000027
5484,0x66f0f802f95546577083d4e5c458609f92d39030,2.684469,0.00000027
5485,0xa69bfd278a9edd4750d37dd3d5648b3c2aeaa059,2.680308,0.00000027
5486,0x5ff5addab4dfa3a71d7bd3efbcc768ef355b11ac,2.671491,0.00000027
5487,0x228aaf6da1518128cfd51493e287b3153aa65803,2.668016,0.00000027
5488,0x7449b273525961b6bca1e083a1707a8720d54be9,2.657548,0.00000027
5489,0xd1fba2e2383507a99dba1bec693000273e992e1e,2.650000,0.00000026
5490,0xd6d623ac9fb7f6333c746c693058eb15db9ad60e,2.648519,0.00000026
5491,0x432f7333357b414d2f8c92ac6e30648a052ad30a,2.646321,0.00000026
5492,0x60ec1860ba83b609ac43a6e5cf330cb382332a62,2.636622,0.00000026
5493,0xe671523c64efc423161fe06cf500af0e18be04b5,2.626608,0.00000026
5521,0xc01c46fb43d87d1aae8fc307d65a3dd2bc8769e6,2.600000,0.00000026
5494,0x431890c33ac11e2d3984bd16bd7bb570ef0d19b8,2.600000,0.00000026
5495,0x3ff317a5feffa25cf305f277b2004057c70c8f22,2.600000,0.00000026
5496,0x7ff8b89cdc0bfede9f0ebef172fd24533cddb9bc,2.600000,0.00000026
5497,0x8b80b7c2ea30fbdd2fe2e636922a22b476bd2c74,2.600000,0.00000026
5498,0x61ca35a5b347bb1a3ef7337fa696259638963a75,2.600000,0.00000026
5499,0x05b416cadc592af8e7a6f4c1bfb0cf35897864e3,2.600000,0.00000026
5500,0x69bf070d41fd22f6dd7ac2e7fdfb5d878b78f0a6,2.600000,0.00000026
5501,0x52d2def06156183e76fbd67e947193e8bb15542a,2.600000,0.00000026
5502,0x64d812c52267a7ed02ccbdd2836da6ebfc60de86,2.600000,0.00000026
5503,0xabcbff1fb1e5617d6a60aa551dc8b607be4e93a6,2.600000,0.00000026
5504,0x84179cf83a9d5420588a1e8d15e77090cc57cf5f,2.600000,0.00000026
5505,0x088d2a93b5b733877f6f1021f672b1d98fee7310,2.600000,0.00000026
5506,0x4a47c74521f961c4805457906b911f65f0a1a223,2.600000,0.00000026
5507,0xa24303bb76ef4612ce1e38bb2c1fefeeff2532c3,2.600000,0.00000026
5508,0xfb3b6f5b4b212c130e0bd228f351a8c8715e25c8,2.600000,0.00000026
5509,0x856e587d768117fad4ff06475322c99d504d7ad6,2.600000,0.00000026
5510,0x54e471373ceb4bb4b196969d5dc2b5e51c12aecc,2.600000,0.00000026
5511,0xc868f0d73814fc64fd6cc3807a851fe379663f8e,2.600000,0.00000026
5512,0xdb857a74ca24a60e2b6f1dd8c1c74860e00ab74a,2.600000,0.00000026
5513,0x952d9146a6f0bafca877ff188dd387dee8c5dd68,2.600000,0.00000026
5514,0xd9245b004b8d628aee5b3f46787b63ac98ddc574,2.600000,0.00000026
5515,0x42c3208b8800e93e6dee627aa42a41d76c9cfd25,2.600000,0.00000026
5516,0x41638054c1fce18f5672616d882642c139e477cf,2.600000,0.00000026
5517,0xb8d74855726b149ea6f87c91be11ac8dee794b31,2.600000,0.00000026
5518,0xd6c8ffad5f0295db40c59b884c8b10e42f148c63,2.600000,0.00000026
5519,0xa302139ff7dfe42527beef2c9d9f166e67a101d7,2.600000,0.00000026
5520,0xe64adcdb36e6d06966e52171b1ef5e63695e26c2,2.600000,0.00000026
5522,0x76b0ec2d3ec05642ee48a6da6ad8ed8a7d67906c,2.595454,0.00000026
5523,0x06d342f2d67fbdee15d63ee045c1e174f0587971,2.595218,0.00000026
5524,0xb24c15af1252770558b561bacdf2919184551801,2.579714,0.00000026
5525,0x264f72f81b6a593b4f7aa08d85ab06dd04761458,2.577944,0.00000026
5526,0x3b8d12f69a73b340a2403a353937668d14e7dedc,2.576914,0.00000026
5527,0x52866fd157577897ce627022b9c19bd2e622fd7a,2.574944,0.00000026
5528,0x249347381eb6909c5b5854733251a7678212ac3f,2.572469,0.00000026
5529,0xc749182ca3253824c486f4883cf133220cee5ccd,2.571735,0.00000026
5530,0xab4f2fdca7521012edfee6e916778c6dae719bd3,2.558428,0.00000026
5531,0x3764360809835d098c8129fa285bba1d55b14e5e,2.557795,0.00000026
5532,0x4422fb6cc641e2485a4f7f8fe23e93797bd4eaa4,2.548658,0.00000025
5533,0x7d5a15484c6f24a33fc8e644ec9d9064bc66bb58,2.535129,0.00000025
5534,0xaceee74e4ad2b82a8b8cbcfcea19abef916e74e5,2.521720,0.00000025
5535,0x43ea679df21633d336fd3d75ba06378e12c50a0b,2.518655,0.00000025
5536,0xd03353d8a531a7b05509f35fadef3e042188bdb5,2.508059,0.00000025
5537,0x14ec4b39338f6891e216c7f488863577964f35f6,2.507968,0.00000025
5538,0x279c73e7757ee2255f1167bbf32468f25a62cc51,2.500323,0.00000025
5539,0xd07c7fd3598750fd770c20e89ae005f65f189fe4,2.500000,0.00000025
5540,0x8e77253490f42cc9c1d023adf96cae1e53f14b44,2.488815,0.00000025
5541,0x22d86f18ca5a3f2853e515a5483e1a4a41b703d1,2.487760,0.00000025
5542,0x2ce46a5f08f153ca47ebea233f0876ba9a417cee,2.487340,0.00000025
5543,0x7c4084006c01f0c47eae521705461a2ec73f96fd,2.480000,0.00000025
5544,0x5abaaa30aa048bf992b7da8e67436ba6ece212f3,2.470000,0.00000025
5545,0xd341dd4398ed405d596c958399d69c42fa97eaf3,2.468953,0.00000025
5546,0x9b818f0a55132726fe8e46e3f63ecc2b6159449d,2.465934,0.00000025
5547,0x0a09e79cb248f5efc678a13d1f2ebbfe82e58e77,2.462894,0.00000025
5548,0x240f42091bea58aed3b05519a5aa534d6e5551cf,2.454500,0.00000025
5549,0x9c1197cf983f0bb2b3dcc19c9dd676beff59fb23,2.449609,0.00000024
5550,0xe5fe3e9e917a4c93b332326d76bb71e5d3d408d0,2.447290,0.00000024
5551,0x7f4aa726e47badf3938bcb3dcf0adb8b5fc10c30,2.446280,0.00000024
5552,0x824ad98fbcb4220f49ed80051815f649ace4b465,2.442937,0.00000024
5553,0x8d4e57644fc3cc4985862f174994a4bdf872c436,2.438685,0.00000024
5554,0xfb168d17ed0394e642e602ca71e2e8a934ef9391,2.429900,0.00000024
5555,0xed9f8f6b52b1971abe11997d21976653820550be,2.427409,0.00000024
5556,0xa21636070280298e1bde98dd9f190d2d53e3c638,2.419370,0.00000024
5557,0xc1c244da6cdecadea3d812b250caf5c77b811178,2.411800,0.00000024
5558,0x1be75eecfd474934e9c6fd05a340e1a4a885265e,2.402254,0.00000024
5559,0x5b85e13ed94c8297d276a7bec982c2e2425b6d11,2.401959,0.00000024
5560,0x2a74147bdd0708b0463ea49a47beb12aeef6796a,2.401544,0.00000024
5561,0x9acbd60be6ffe4c6c81849f169a2f1a957d9303d,2.400000,0.00000024
5562,0x9ba5165d0a290e0da142dba27b5425fe15bd86cc,2.400000,0.00000024
5563,0x2c22d5f7eb1f249df0de74dc4daad20d08cb0b97,2.400000,0.00000024
5564,0xb471bb50f8e5bd4d78461e5e0d5cd395a6d7483c,2.400000,0.00000024
5565,0x72984268a5f25a6c6adcbfb671164a835090e121,2.400000,0.00000024
5566,0xf01fb18e1394fc660e47b5b75ca9b47e83e7da99,2.400000,0.00000024
5567,0xcb61d9d713ecbdaf1b50f2507cf633bcfc2c1fb1,2.400000,0.00000024
5568,0xb9c3752690dfe4bcb5874271a7c7f4fe2b99c0b4,2.400000,0.00000024
5569,0xabbc50a4637945721bcfe1155f3ae7c2f25551fb,2.400000,0.00000024
5570,0x23dc582c1e57cf1c2b4e3cfba261181320c56dd0,2.400000,0.00000024
5571,0xa69bcd0045cc4dff6b6a06f65e605b8c032f5c22,2.400000,0.00000024
5572,0xee8d7303f2193109e2297cb0bc6f5a4549af93c3,2.400000,0.00000024
5573,0x6225c138e745d2a3e435d324981c6182946c8f02,2.400000,0.00000024
5574,0x13e2c41ef34ba127ebb6071729693a47fa27ed5a,2.400000,0.00000024
5575,0x25a7793451ce33a1ef940c3ceeefe96579e87ea7,2.400000,0.00000024
5576,0xf22a91d3934141be4677453ecd2130986405d51c,2.400000,0.00000024
5577,0xa79da91e20bb338786b41f68327443e4d23061bb,2.400000,0.00000024
5578,0x3d2680c3b686a2af2d65eec72cabafdf8c835162,2.400000,0.00000024
5579,0x83a2027dbcd84a683f40179f62e9acfe1542d61b,2.400000,0.00000024
5580,0xa4f4b80e1c8cd1a5bc423807001ff904a3c1a164,2.400000,0.00000024
5581,0x71b4ab4c236352aa4e3e0d62422abb721f52e15a,2.400000,0.00000024
5582,0xf96be6afc40912d0183432e956e0fefcc3c1514c,2.400000,0.00000024
5583,0x47d806ae08fd486b663b3e75bf8a9f4e8ce58606,2.400000,0.00000024
5584,0x99072b087d6fd51fd4a6b33a9012ef132e914cf9,2.400000,0.00000024
5585,0x7072e9cadb8fb7abc07292249605b05afd93f018,2.400000,0.00000024
5586,0x8e17b522ad46f20b5e678d2842ff1ef0c91da9b1,2.400000,0.00000024
5587,0xe401162d4d465f37336e4e5b9f01a0c59389a0b5,2.400000,0.00000024
5588,0xa5cbff6f0487d552591d2c3578809adc55c777f5,2.400000,0.00000024
5589,0x95d44d1716cb12ccb0dedec619937c5c0c0af560,2.400000,0.00000024
5590,0xfc48d5768e61ceab25084e6626c60d7ef4c1ed66,2.400000,0.00000024
5591,0x9ee07b2129430ed10a1f7554602740a79260c636,2.400000,0.00000024
5592,0x127e6b08ffbb858b8ca9865aa22e877fa6ccddcb,2.400000,0.00000024
5593,0xa2331509244189212fdc0f04d559aaa49a45ffa8,2.400000,0.00000024
5594,0x119367576f093f4c45fe54eab7d184b12181e550,2.383460,0.00000024
5595,0x526cbe7ce70882f631e19ac1bfdaba35628e9060,2.380000,0.00000024
5596,0x697071e847310da578e1e0f8ef42e2ccb6fed28c,2.368310,0.00000024
5597,0x9df3eda1344f625b4baabaf0f9e2d18590bf2bef,2.367896,0.00000024
5598,0x306d6a0638c955eeaf0605a5a990516fcbdc2c2d,2.362899,0.00000024
5599,0xa63c9c613d584c441c1ca6f777180190609e510a,2.353653,0.00000024
5600,0x458febb40675917b0100eacf168a0c6ef85670ab,2.351149,0.00000024
5601,0x7bf4539d58c6d316e666185b232ae044b7274601,2.350490,0.00000024
5602,0x4b78dc4cf7feec7f17fc35558533e47a4113f6aa,2.340950,0.00000023
5603,0xc4a0723a20ee86a549b9ff0e30f317eb0335f040,2.338921,0.00000023
5604,0xfdb630913581f7c7409dd481f2b89a8dbf5cf3f1,2.338019,0.00000023
5605,0x09869b55eebb715691e7e199e112ba256705628d,2.330000,0.00000023
5606,0x5322fe8ac4e3cb6bd4152cdd12721c857e347880,2.312191,0.00000023
5607,0xa1ea1523fb08723e93137cafddaf314620fdab86,2.311941,0.00000023
5608,0x439bc185cd77d53ca5afc384ce053373d2e250e8,2.311060,0.00000023
5609,0xce8a24d1684f82fbcc8dbf9a269704905a3a4456,2.300516,0.00000023
5610,0x51e175b7cedbdbd35d4b0b9d82d8ebf263ff2d64,2.300000,0.00000023
5611,0xc83a68723df5eda59ea1e48096b92f52d7ac21f1,2.297898,0.00000023
5612,0x9a4616bddce0f94ff04d9c3353df82072bf23c80,2.289230,0.00000023
5613,0xc4536e081b357092301679654fedc578437c6bd7,2.287854,0.00000023
5614,0x12aae91156c19450bd87e4bd5c206befc97c1a27,2.285795,0.00000023
5615,0x8c552af05c779e6663e0fb934d6cde586d41c5e6,2.274412,0.00000023
5616,0x4acb6c4321253548a7d4bb9c84032cc4ee04bfd7,2.273684,0.00000023
5617,0x218205f8f3bca6b74a615ef35209bec2b68e8479,2.263893,0.00000023
5618,0xd43bd72089cbb01221f66bde2e2c5f129dffe223,2.260181,0.00000023
5619,0x48011cfaac87902cbddb237bca2f5203487b380e,2.249921,0.00000022
5620,0x3ce1b5ef4ef55dfb6b317159038bf90ee93dfe91,2.247439,0.00000022
5621,0x26c40e233c326aeb37ed3a93c5c790b15e436ff9,2.247020,0.00000022
5622,0x13076a0df7d755f5b422e0057ca92b34f5d94739,2.242563,0.00000022
5623,0xa009f5b9407c692655b0ce85c342d702c9487f27,2.239457,0.00000022
5624,0x36d0b71eb28a2e0acbd18578e2ecdd13bec7cd70,2.234964,0.00000022
5625,0x7bc6a7a6d31d0becc641aea81f9bfb4d910031e6,2.219548,0.00000022
5626,0x5b4a3182c07da2c8b9e4e2e3707f4437e5335853,2.212507,0.00000022
5627,0xfd6b5679ca2707af448a9c12bf29df30002dee7f,2.207711,0.00000022
5662,0x8f3a93478819fc0559d2ea5df0aebe2367f37d07,2.200000,0.00000022
5663,0x2df02f65d4e43d5ce3dccaa598f939024522649a,2.200000,0.00000022
5664,0xf25e593fb7f6c29186eb7f7b6a8130b838508a7f,2.200000,0.00000022
5665,0x6d5a89cd73c931fdd784a99fc9e5a4d35fd2645b,2.200000,0.00000022
5628,0xd5899e974a0318a999e8a084f46750e3563a91c0,2.200000,0.00000022
5629,0x104c8fb8d3ac267f9ab95aaf0468bb8b6951f67e,2.200000,0.00000022
5630,0x1e19a1a486a066d34ad444586b722b2c33d2cf05,2.200000,0.00000022
5631,0x839c59f114f0bb04bbc1e7942407fb0981c9d251,2.200000,0.00000022
5632,0xa5670728c84e470d457a5ff317a471cfb093423d,2.200000,0.00000022
5633,0xa524af13dbec44afce97786fb4822cee43d1ce23,2.200000,0.00000022
5634,0xbb46517cd421824f6eb25b9bcfffcd0dca06bc04,2.200000,0.00000022
5635,0xeb9d15a1c67d2aac03872d277c2aca64257b6941,2.200000,0.00000022
5636,0x3832f102d389ce829b5b1d7affdaf389b3c7d805,2.200000,0.00000022
5637,0xa89e0b7673769472f59e5a0e605745fa5a92432c,2.200000,0.00000022
5638,0x6fb50f78539d7b8e85fb5d9ab8d5042277fa89ae,2.200000,0.00000022
5639,0xa54a1eb290f1b47ff79ab6e49452fbc1f92190f3,2.200000,0.00000022
5640,0xa921b7d61c2d5fc001518b7ac95750aa7bd978b7,2.200000,0.00000022
5641,0x2e71f6147b1f28c2b9ccc2d4a566b86b7a52298e,2.200000,0.00000022
5642,0x64e00eae3dcaf6fe9d52af857fa4c90193a06c64,2.200000,0.00000022
5643,0xa9dbb62983ec0e904fd9494019c8e4542156c574,2.200000,0.00000022
5644,0xfd5885b7f1b823e15118257912e8abe391dd5842,2.200000,0.00000022
5645,0x7fc3f037c16e9110e4e9103c860079988cda33db,2.200000,0.00000022
5646,0xb2cf9db2529a510edc35da53db0cf8ae7f0dd3eb,2.200000,0.00000022
5647,0x88823a64009daf7110d4bbc470fc8790ea8300ea,2.200000,0.00000022
5648,0xeb1940ba35defae22b430f8c383b87ba9b480a4e,2.200000,0.00000022
5649,0x4e60cfa53ccd40d604b5c54e23987c8e867ab7a4,2.200000,0.00000022
5650,0x4fa00ab12ac81a8d03e41be8e4302fb799c7f9a6,2.200000,0.00000022
5651,0x13a6d3929b926f487fb8eb4e776b3ff5e43a4702,2.200000,0.00000022
5652,0x92b0bc22b9d860f992ada72c9cb3359bde72bcdb,2.200000,0.00000022
5653,0xba2b521d968886a091ce2544d6faa30ada736fdb,2.200000,0.00000022
5654,0x627ea3080983755b694ffb4123d073a45f0f6b11,2.200000,0.00000022
5655,0xeb5b306645fe2596c67fdd362c5ab788b4339f2d,2.200000,0.00000022
5656,0x989ea5bfd43053b9a3e2f168b905f6bf3deee951,2.200000,0.00000022
5657,0x4eb3ed4cf4bd43ec1347be3834cb5b75d110af87,2.200000,0.00000022
5658,0xd4f46b0131965655d9c1900635f0cf2544c28c83,2.200000,0.00000022
5659,0xa57af1782bdd765ea46881b0132f8add334a7a69,2.200000,0.00000022
5660,0xc2017040e89530f5d5fd8831c890d71f7c8617b3,2.200000,0.00000022
5661,0x815e0c3562b300ee910777b0b07f7b7117ab1bf9,2.200000,0.00000022
5666,0x6776c2f2ee2e16cd16b144426d7fc6a4380f73a4,2.199943,0.00000022
5667,0x48394b33fa788dc785890203237300b45c85ec9f,2.198368,0.00000022
5668,0xc0b2d68e8f0fe60126cd36982fcb7cfb36063f04,2.196179,0.00000022
5669,0x8fbbdbf3d4341762c6b3ea57c4e794753cfa621a,2.189469,0.00000022
5670,0x5a9b67a77e86fde5b508a2037f46daec0e7f8da6,2.186713,0.00000022
5671,0x4b9431d4600c08bd221c20b62049c68e03bf8b07,2.185743,0.00000022
5672,0x4fdb704c7cde6b1faf98d6a7f9d1e3b30419a458,2.175192,0.00000022
5673,0x22f9879cfde528166cb41de044a103111c5fa28a,2.165165,0.00000022
5674,0xdec8e2329e3a0699caad666443699b2366b660a4,2.165000,0.00000022
5675,0x8e12a966a65b0de4c16df0e62866a480d24e2e68,2.163089,0.00000022
5676,0x2fca2597470ef8a578afd64ab4c808b5df038cc3,2.162320,0.00000022
5677,0x4a877bf79574f0845e69c45f91bcdea987a0cda6,2.158958,0.00000022
5678,0x31e8b700cdc35a62655a851cc4e3575376242313,2.152302,0.00000022
5679,0x2b3bf74b29f59fb8dda41cf3d6a8da28cf8e7921,2.149591,0.00000021
5680,0x02214713d19daceb2025921de10c1d27012b9ba3,2.141340,0.00000021
5681,0x011d19410fc79f140c08ffa8301e4153f17f4e27,2.139290,0.00000021
5682,0x2e4960893b78cb3e2396f0b3f509cd9229ef93d1,2.135654,0.00000021
5683,0x826914b63394128b568a51d9c9aac078a63daed5,2.127679,0.00000021
5684,0xbb8fb8fe5198f25d117c0e7b1b9c8260cb19c3c0,2.124217,0.00000021
5685,0xe35b828f3993995d2f3ad920ec39cc4b22ee476f,2.118241,0.00000021
5686,0xcd9a3a8d7692f993faf17cee34afb0e35dbfad07,2.118030,0.00000021
5687,0xf00478d9686bf1969037e387e8e4d28d07de927e,2.114141,0.00000021
5688,0x4b634ce622e2a39442f28ddd3cb7ba1011edf602,2.103164,0.00000021
5689,0x1e15df6c04d120220179c469113e06623e5b86f0,2.081959,0.00000021
5690,0xf09757660ed1b999d35ff50abc45a6131f67a980,2.073793,0.00000021
5691,0x1552a224e4011b26ffa0c772d8b212888e12d6f9,2.073550,0.00000021
5692,0xa081b9f72d586624f2eaa1eacf53c1a268810e4e,2.071315,0.00000021
5693,0x77f1247edadb0683bf695e05cb4998bdd061e475,2.070000,0.00000021
5694,0x82ad6e35f3ae0c4919210bf99cf947fb2d2aa45b,2.066455,0.00000021
5695,0xe6798df9f200adda9090d76c158053885e516186,2.063719,0.00000021
5696,0xc9cabd9ab0456eb2fd5bf5b154b7b5f7dca6efee,2.063293,0.00000021
5697,0xf2b22242329eb24a335d8d42e3311ee73ad9ef11,2.050000,0.00000020
5698,0x053be9811c1a6c7bdc37551b9f759f7bf62aab21,2.050000,0.00000020
5699,0x59a8f39db8a8ebf163a6d6e9119a06b01098f6aa,2.041429,0.00000020
5700,0x682cf68fc214d99b0cbb2438d44bcd921f763b4f,2.040182,0.00000020
5701,0x1c11f068c83d364ad0a015c01d51d2cc6c62d1f9,2.038693,0.00000020
5702,0x0227c886a9350f1196e84297039308e289a977d7,2.028760,0.00000020
5703,0x0d60679b59be3a2208f4d5a6a4310c445f790cd2,2.028760,0.00000020
5704,0xc2477c15d975dc8621b92dca67a980ea2fe94262,2.025852,0.00000020
5705,0xbe9dd94a74ad025b9a2d494e1de1485bc85557b1,2.020306,0.00000020
5706,0x5c2e112783a6854653b4bc7dc22248d3e592559c,2.015486,0.00000020
5707,0x674fbaa880c15ae410285633bb1a32ea72061a5f,2.014931,0.00000020
5708,0xad023b6b1dabf0f81e830f20b6cddb9f31a77007,2.014169,0.00000020
5709,0x3475831749ea6c9992e638d01427453b9cc83a12,2.013462,0.00000020
5710,0xba608c8a32088e5466cfe049c2a4045fe8a4e80d,2.013438,0.00000020
5711,0x1c87f1b6175414ad3fe59f2ddd1ccd1ae5e21bef,2.011979,0.00000020
5712,0xae2fff0b8fce798f1a5e46d8a3a887a7990b9daf,2.000000,0.00000020
5713,0x9ad5ea27d399cefa0f412f68bcb1739324842651,2.000000,0.00000020
5714,0xcd350216bdb9da6363f0c81d60fbf039715358b5,2.000000,0.00000020
5715,0x63adc6330efa6b33f34eb62e496ed3dc9c496e20,2.000000,0.00000020
5716,0xa28484f2425fd28a598f707dd0f91c1e51c45f7a,2.000000,0.00000020
5717,0x67c3b0c05f4f9c76cd7f0a3d6dd0c87416efb83b,2.000000,0.00000020
5718,0x1471efa6bc0fdf0c259c77824e3870f60dd9fb52,2.000000,0.00000020
5719,0xdb94b426ffd1aeb90a3baf7e379abfad0d61f0ca,2.000000,0.00000020
5720,0xd8668e5dac376af5aaabd2937f90d501b23eb89e,2.000000,0.00000020
5721,0x6552c541f3503597949a55fcbda8c6af9b11f028,2.000000,0.00000020
5722,0xab2f0c739c0ea54befb45c971f8030d4ec3654a5,2.000000,0.00000020
5723,0xd3b639d0b309543456dca46e4f292c5be80479ec,2.000000,0.00000020
5724,0x06280ffa739880e56de1b8f31c530636c56f8ab5,2.000000,0.00000020
5725,0x06f0b0edfdc2ed3920c31fbbc9030cc38dbe4094,2.000000,0.00000020
5726,0x65b9f72a970b5cbb5d49f021eb3c0d9a8bb3680b,2.000000,0.00000020
5727,0x4bb0eefe40f4bfe4b07499fdda813dc1be9441c6,2.000000,0.00000020
5728,0xc1b9c3d55f2dff0eb5eea550f63d161617248d88,2.000000,0.00000020
5729,0x071061b2404128f632b75ef1343f7324b48ec8b6,2.000000,0.00000020
5730,0xce6419e685baa76b1d38da232158f13988ae8257,2.000000,0.00000020
5731,0x32e7b3e26772931c98026ce9d9fea6e092fd7720,2.000000,0.00000020
5732,0x23b30846ef65d5aa18adfbfcc9e3a512f9ab9b90,2.000000,0.00000020
5733,0x0afde53b3b76c69bb4e903de2331265a7762c082,2.000000,0.00000020
5734,0x41fe1b4c05d73ca0a9f4b9c4fdcb14d33e38cdea,2.000000,0.00000020
5735,0x11e09036e803e204371f0d537e5289a9de13bad8,2.000000,0.00000020
5736,0xbb4e88d7463d16869584917dd508dd1c4fff1409,2.000000,0.00000020
5737,0x0e612bd3f50cdc6bfe9d5a6a13955b237aa1c227,2.000000,0.00000020
5738,0x63565aa0a52060e6f98ef5b8ab1d115ce7098dbf,2.000000,0.00000020
5739,0xbc890a8090d286d73027b8dbb9fd6256a07b78b0,2.000000,0.00000020
5740,0x1df264db98b883d46d2bcb5685c29e77931814cc,2.000000,0.00000020
5741,0x25f81aa4f57b638e9498c8eef745513c992191ba,2.000000,0.00000020
5742,0xf315686b49d91440f57d2ecfec4f7bc3d397ae76,2.000000,0.00000020
5743,0x35caec969318f1bd991e9bc79275b39f261491ce,1.998056,0.00000020
5744,0xbb19a68707be336a7779e72e5b9c637cdd81d23d,1.994106,0.00000020
5745,0x3211efd2bc28b4e10bba1cb92981da368c42a193,1.985985,0.00000020
5746,0x8709bc921aa6dd15440d025e5f92db4c9414f0b1,1.981699,0.00000020
5747,0x0d05a7d3448512b78fa8a9e46c4872c88c4a0d05,1.980067,0.00000020
5748,0xe02e6f03f583626481450bbdeb9efd6eb0eed78b,1.974845,0.00000020
5749,0x8929337da6db0ada7a378c88506a6da6bdb7e1e3,1.953101,0.00000020
5750,0x9e5ea4b1f7fa4c1d52ecdeddf46ac3c4e90f56e8,1.949234,0.00000019
5751,0x7d1a5d1e6ba05487782379fd1f1084e324e6a179,1.944778,0.00000019
5752,0x95091fc6b204084f069a83c217ec85d0926be7c2,1.942743,0.00000019
5753,0xcb276a1ecaf27f3ebb9437ffc23c040abfb7e7af,1.940000,0.00000019
5754,0x810f5cc82347544b1220588d8888b40d3b6c95fb,1.939229,0.00000019
5755,0x3ccb4556cf4b7588e252b6fdd585ad88bbd334f7,1.934492,0.00000019
5756,0x0fe6f243e90f2427387073a9baf4319b5c96f3b0,1.919554,0.00000019
5757,0xda42ba5345dcb3f272c8a4960081598793ba9e0c,1.914045,0.00000019
5758,0x76a643fe04c73897d63e260f977750c6875319f5,1.909035,0.00000019
5759,0x0127aa07642da514713d8a68dbe0ebb073deb5b7,1.908681,0.00000019
5760,0x5e35d239fe8acc19e1b67c8949772aba06d69f42,1.904637,0.00000019
5761,0xcab9dad37b60a6d8de55cee049c0c903cc4df1ba,1.883733,0.00000019
5762,0x4eb6cf6fd99d30c567d158c1ea9ebcb8b3a08e25,1.876300,0.00000019
5763,0xb7e0beed9f3073a874d86979301035ecac99dbc9,1.868753,0.00000019
5764,0x65521de7e535072099512722eea1397b26c52994,1.845046,0.00000018
5765,0x22057a8aa123d446d582757f80b10f7c98937959,1.833310,0.00000018
5766,0x4321a8043a389edbf1dfddf77fc759e6639553cd,1.826189,0.00000018
5767,0x6376ca7e839f1c3dd7f23cc8a1a58329f60db125,1.823000,0.00000018
5768,0x019df83ef224a09dd575b0b2cc98f30c9ba7b142,1.813774,0.00000018
5769,0xf87b4c5eb6ee3405b7b7ff8faf12bb8eefc1b557,1.812401,0.00000018
5770,0xbf4089ed95216267025e3947145d5f1b1fcf4005,1.809372,0.00000018
5771,0x5dc827773615a949287d574c75379449abaec8e7,1.808245,0.00000018
5772,0x0c2f3246c184b3796a2ea93deb7af972c4bf6af4,1.802364,0.00000018
5773,0x2b8aa9ea35c15f3ec0ef920350dd8271b531d2c9,1.800000,0.00000018
5774,0x0541b593e415764f58d0ad88f306e1b4d4f14e5e,1.800000,0.00000018
5775,0xbe584f28b1885baea128b385ed3e3e1a2260fa12,1.800000,0.00000018
5776,0xd01e3bc51f6a54c64d98d3e771f563d8bdbbdee7,1.800000,0.00000018
5777,0xf4e36a604352b77f9681de143d6621f2602c84bb,1.800000,0.00000018
5778,0x3f52465274c5030e092c71026185ece6518ad144,1.800000,0.00000018
5779,0x4fac644bbce8632ffe777c04704a3c67f719fb1e,1.800000,0.00000018
5780,0x21166e9a0e3e284ed64f606b20af1229fc0da5b4,1.800000,0.00000018
5781,0x3f49ac655c28cefab82db652a1c703f84aff138e,1.800000,0.00000018
5782,0x4ce3f606e792139b008d967bc19f8efdb2b108e7,1.800000,0.00000018
5783,0x25837f5e21fa887b63bcd65da9f5f07761963129,1.800000,0.00000018
5784,0x8b351cc62d559d747169dfcb4c7a11f4a943e179,1.800000,0.00000018
5785,0x75498ff1660a9684e8fe78e16bb0323af53c5aa1,1.800000,0.00000018
5786,0x848db72de5c65cd247e4bd4fc120df7803056e76,1.800000,0.00000018
5787,0x42fbfea5deb84fa09e0f45ecff6949aa54f87819,1.800000,0.00000018
5788,0xabd9e4d10336db8ed8ca7047d5c940f29dda3ab7,1.800000,0.00000018
5789,0x923647d8ad0d2421238eae74cb5c0a1e7bc319ae,1.800000,0.00000018
5790,0x54c181ff35a5d82b0705c0915e666e674aca96d9,1.800000,0.00000018
5791,0x050dd0746430a4d39417c6835e69f47c0723f5cb,1.800000,0.00000018
5792,0x893ccd6ef0cec670c2f145bb1a7c844abb915ab2,1.800000,0.00000018
5793,0x086dd7552a3ee94a507c75a7525c36403cad7b25,1.800000,0.00000018
5794,0x331eff0791ca2df9327fa4b53066731011dea05f,1.800000,0.00000018
5795,0x338c3da6723d6fb03ea45f6dc841dc09a9c54169,1.800000,0.00000018
5796,0x64a185ec050d41043a442acf27423d1ce8aae939,1.800000,0.00000018
5797,0x645c23b8639d49282d00ce2b9d053d9060e2a9dd,1.800000,0.00000018
5798,0x9c755ec4b063c323cb7da55e46a3d1e0ee4d1920,1.800000,0.00000018
5799,0x232c272c2963c2f0763511535b78021d388f9f23,1.800000,0.00000018
5800,0x76ac05b6f2a1970de73eff0fcc8ed00f4d5459a1,1.800000,0.00000018
5801,0x329248aad6acc8fdb6a5bf822e41ec2836db16c0,1.800000,0.00000018
5802,0x6cca7e5f4158d2e4032a6dd716c0e11e90c1c1f8,1.800000,0.00000018
5803,0x220eff1097302b7a30d1115be71d58917f1a6b45,1.800000,0.00000018
5804,0x785ce5fd6d9e52631bf9835d9ef269f221a3fb63,1.800000,0.00000018
5805,0xaf89ce00739b09a04b6ce5958e9f9874b49d8cf0,1.800000,0.00000018
5806,0xaadfb364750d13122415c9d4d21dbea02d98321b,1.800000,0.00000018
5807,0x5a9319f276ff74da67305f2b95e3ba721a694d06,1.800000,0.00000018
5808,0x6ba34417dc0f8a563c5ab00e3326b84040578729,1.800000,0.00000018
5809,0x3f6e46ef2b73f56656f95fa06b1befdda23066b0,1.800000,0.00000018
5810,0xb142e1c18af020f6280c463bc86a2545273c253a,1.797494,0.00000018
5811,0x330f2f1a5d1a3596999df54317ac0455d73bc873,1.795627,0.00000018
5812,0xfd6fd232744a113f7e650600a2883fd105305602,1.790394,0.00000018
5813,0x57ee3dffa1f4cfc37d9aa3b6da8d57fc0c2b8813,1.790039,0.00000018
5814,0xe712be952f0216b20ca58c63f1e48f32824cc845,1.783798,0.00000018
5815,0x61e95b375b4da143962876c54fb966c14710a4ab,1.782392,0.00000018
5816,0xda4842e67a5d21fdf810b290b65fa165365200d0,1.781410,0.00000018
5817,0x14d9d76aa3ccab48a8447319a6f573489a76a161,1.776262,0.00000018
5818,0xc50b4ca622612ec35ee7ad0265cbbe5472bcc65d,1.770000,0.00000018
5819,0x9260200c6649fd3ff9f612ab4018538391c9dea0,1.767884,0.00000018
5820,0x735362a17532f349f2500425bad3cd891c3935d3,1.753697,0.00000018
5821,0x1913fa782c8aa555e2e1872e97d54b9b3b480358,1.751521,0.00000018
5822,0x299bd6e3e6e2166b94de5efa65c4cfbfe1565cd3,1.743500,0.00000017
5823,0x37b832b651540d343fef888012d8db2184f0890a,1.732077,0.00000017
5824,0x5a6da7aaf95f465caa62abb5ea8e41c78cfb43a6,1.720019,0.00000017
5825,0xd8b2edbbd8704c2178dc0a06a23062f72d9d209a,1.715846,0.00000017
5826,0x1bb9f0bd4d07ad75253114ce5553fbfd5bd9cde1,1.708647,0.00000017
5827,0x80e8d9b922c174bfb00d5aebe6a27f9fcc16f921,1.708153,0.00000017
5828,0xb18b873d14fe1ddc2ccecdca14f71d0265b8833b,1.707475,0.00000017
5829,0xde2d288a35a9f1f1243ac88f56ae6699a01b07db,1.704272,0.00000017
5830,0x2163e10339b36b557cb4e1a39a6a002e0672dbbc,1.701181,0.00000017
5831,0xe44ef0186683abd1c459051f259f2f46cfadc377,1.699765,0.00000017
5832,0xba2304d1f48ac01cf01427fc9d9ae3d21e71b536,1.699549,0.00000017
5833,0x850254dbb42994b922ad0a4666a698efacad6d8c,1.694929,0.00000017
5834,0xe5b7d28c3ff131c1306c320b4385a939f5f689b0,1.689852,0.00000017
5835,0x6cb9c5ece0d8c83ee2dd5b4b28b79e81fb5560fd,1.682732,0.00000017
5836,0x8649685fff95dd67523852439a28fa5c0e681fb7,1.670150,0.00000017
5837,0x29feead5514c020dc2e603943d017e4512fcda7e,1.661468,0.00000017
5838,0x6e9c93203c7e862dde0048b0efd344235e3ab2f8,1.660000,0.00000017
5839,0x23b31c27e74086e4a3dae2071e81892beb14d286,1.652861,0.00000017
5840,0xa7694b329224fbc80503d04faa1b37e9279dd962,1.643637,0.00000016
5841,0x1f9665cf716ae18e81cccc41ffd9920612a26191,1.640001,0.00000016
5842,0xe1ae6bdf3a7fb45beb64fa6899e1dd07ea855fcb,1.630925,0.00000016
5843,0xa7910c33fb337f32b6521ac3dd5e04efc5aff095,1.628698,0.00000016
5844,0x31aac01ca971b7df70cff05c213a6450ca323f80,1.612064,0.00000016
5845,0xe49e5cf0fb7f1d7188b4c2d38944d5e6aa9b5331,1.611598,0.00000016
5846,0x1aad1f7f81cad544ecced866b09f0009d78c532b,1.609200,0.00000016
5847,0x3ac8a6ccf808f9a15af4398e89e50f8a528c3396,1.608275,0.00000016
5848,0x6315736a96fe60965a164ddf3717630004d86c43,1.607646,0.00000016
5849,0x00000688768803bbd44095770895ad27ad6b0d95,1.606530,0.00000016
5850,0xa4a81b6915ff619b667154ba9bc462342afbd7ce,1.605969,0.00000016
5851,0xc17838482897a7139e9b918f181fd73875533df4,1.602942,0.00000016
5854,0x944407f7dc1f0a393549b447e062a458f0fbb454,1.600000,0.00000016
5855,0x7ed48646baa08d9d1e9ab93515c1e9d251d9021c,1.600000,0.00000016
5856,0xed9f1f4d8cbcb63dd86ba60d3c32efdd5aab0dab,1.600000,0.00000016
5857,0x501610fcb38cd1c2004ebe83f0752201981c151f,1.600000,0.00000016
5858,0x57f05bd9e53c409d1e9783f4704ef3a4ddb0a6af,1.600000,0.00000016
5859,0xa7983e85fc06e2fa2505d91a4ddd2b2e67ff8fbe,1.600000,0.00000016
5860,0x38accf2f59c54a9167015e756b78a955359e76dc,1.600000,0.00000016
5861,0xd45eb9b2ed16e4da0579a313d057c90e94d39e81,1.600000,0.00000016
5862,0x1add086d74499518cf5ccc0dd161d243dc20bdfd,1.600000,0.00000016
5863,0x7de642b2715fd27e5b61a6146b87120a0ace50a9,1.600000,0.00000016
5864,0x3c285761da14e25167fec6f585b08a320106f714,1.600000,0.00000016
5865,0xd7b31699a0985bc7a4b5dba55121e1d2f71b78ba,1.600000,0.00000016
5866,0x304aff0376b7584c86d9ff6cf6c700950a2f7951,1.600000,0.00000016
5867,0x87787a885dd399f9621f044f6a5da1275cdd4298,1.600000,0.00000016
5868,0x7171dbcb54cce18214b611485a1d7800d3dcfd69,1.600000,0.00000016
5869,0x39916b526afd68c4e9829dda1505351aa02c6fa4,1.600000,0.00000016
5870,0x6bd2a23f808acf9a378f4c045b87830d84963d0c,1.600000,0.00000016
5871,0x3c501276b5a4b26aa2aa426ecf5d1350201d6af9,1.600000,0.00000016
5872,0x3feddc4c475e0c4cb192c213c5f138a90eb64dda,1.600000,0.00000016
5873,0x11a87de28b3ad36b3210c80af5247d1a809693e5,1.600000,0.00000016
5874,0xb3ca39109f12390a6d00f03aae2061543e7d8c46,1.600000,0.00000016
5875,0x05bc712512fdc2b5d2d1344a4e7b199119cc5305,1.600000,0.00000016
5876,0x886e59705b0b75a9de083f0543ea5276c1f697de,1.600000,0.00000016
5852,0xb5527db43dd110ab17d42adc93118e03e100a8fd,1.600000,0.00000016
5853,0x314292fcbbc408d2ed456291c208fa4a2c8a1b2a,1.600000,0.00000016
5877,0xc29b3fab28c3219dc0129cf1591acb0f0198ebce,1.599455,0.00000016
5878,0xb6c088050a0ec6f77cbda71ef0ffbcf1d00ed828,1.594915,0.00000016
5879,0x1693ce04dfc344421681a2b31026219510c96191,1.589460,0.00000016
5880,0xf3fdd64d78657bb357e7a88e8030db988ad0bb67,1.588602,0.00000016
5881,0x029f31b13a29a9bad2ad65c8a0e5dff0b171f1e0,1.588173,0.00000016
5882,0x63fc745b3c599df6227d7bd091d83785e2fc1052,1.577282,0.00000016
5883,0xb2ed99394960f0e48f8a0f8802052bddbef88d59,1.567396,0.00000016
5884,0x0d90934796058214969880d861e0973eebcb62f8,1.566522,0.00000016
5885,0x12a7487129d7c46d3d102e95fea00d9e571a5020,1.553083,0.00000016
5886,0x5d26b4f7d08d90dd2f33e41c807710926248819e,1.552537,0.00000016
5887,0x8eda9de436c5c983231eb3c7ceb048d6811f080d,1.550000,0.00000015
5888,0x29864bdda1abc1a56a90ef94cf0da101bc7cec41,1.546762,0.00000015
5889,0x32393df737d5a058724764d6d269c17d7cb11157,1.542365,0.00000015
5890,0x81463b0f960f247f704377661ec81c1fd65b5128,1.540048,0.00000015
5891,0x4f2288a6792abbcbbbc28e6ee72dfdb27b9c9c40,1.539938,0.00000015
5892,0xcd79b82ec0e1231aee8a3644fb9fb9b4c0027ed4,1.535463,0.00000015
5893,0xd73a953881e50457606e2863e6406e88114271fb,1.530447,0.00000015
5894,0x4d55063d9924db6da9ddd1f982ddf95f96d8c11b,1.530000,0.00000015
5895,0xf5c4f3dc02c3fb9279495a8fef7b0741da956157,1.526262,0.00000015
5896,0xf2016010d658bddf9d27c9a1efc5e1bda25dd19c,1.521998,0.00000015
5897,0x404e50f873203668cef60c4dda83acf37417b21d,1.509200,0.00000015
5898,0x298a902f019ce40d96016dcddb5ae93cdedb6ec7,1.509118,0.00000015
5899,0x36e9c902f336d5fc4eede7f02f24a9124569cc5c,1.501284,0.00000015
5900,0xfec9f717abcb8ef34f89e6beba0fe3c34a92a74a,1.500000,0.00000015
5901,0x1f801f820789196e8fcc9987a8d0dcbb119469c7,1.500000,0.00000015
5902,0x2ed02e7b71d696c35a322afdc6bfc2088ecd4b9a,1.500000,0.00000015
5903,0x3eaf16bb00e020e68810801e465a3b27cd539db8,1.495811,0.00000015
5904,0x9e2ca7c34a466225bdaad656293978a891337f10,1.494574,0.00000015
5905,0x881870c838a6dfeffa5fa35d7428fdd1efc7321e,1.490983,0.00000015
5906,0x56ee2a7a9c8ad733568f749e24976a724666196c,1.483274,0.00000015
5907,0x6172af09637147692f22c3cf2a2929d23ce25abb,1.483011,0.00000015
5908,0xa61c3eeb92452964d5f690fe1ded2da252c358e4,1.482106,0.00000015
5909,0x8e1d84aa9cc2d109f046782507cae0ed5acd6a52,1.482092,0.00000015
5910,0x6bd1183e60d0669001e70fd18ac6287ef57d5dbf,1.477149,0.00000015
5911,0x1111115af63bfbcc151e5753e2ea1a29c79d2f01,1.472416,0.00000015
5912,0x221c0928654bcf531777a96676f264aed4dba693,1.472220,0.00000015
5913,0x11111193880697e1c891f932501b4a2aa17a7b03,1.466827,0.00000015
5914,0x668a3b4c2bf269c95c29f9f4727f05ea01b0b4a9,1.463211,0.00000015
5915,0x842074e43c16e80e3d8eb36a9b5ac8621dd22a57,1.444433,0.00000014
5916,0x5bd19e59565660041d9f63259e664e3f1ed41c59,1.442026,0.00000014
5917,0xec707a8b6cf597898495b0c70fd5b2ac53ef5623,1.441877,0.00000014
5918,0xf010592a7b5b9d14c5343fd8c63d6c33318b86a6,1.437800,0.00000014
5919,0xbadbfd21f69e6b4c6ded7675f9dc6700305dea2f,1.437755,0.00000014
5920,0xa5c91b426844f35bfbaf98126f9bd4997a00a6c2,1.423417,0.00000014
5921,0xa9a02b13c3236c1d32ddfb27b059eae942dcacd2,1.421854,0.00000014
5922,0x9d307ac6dc80eaefa5f4d7a03a74f4c4433390fe,1.415384,0.00000014
5923,0x1262034e14024856e2b48f41eee49ba0ba84e0b6,1.408020,0.00000014
5924,0xf567dfd33f517f9ac322750c46403531c84b525b,1.402654,0.00000014
5932,0x7f023995df84e684f0442b940590576a168f2226,1.400000,0.00000014
5933,0x301bade6a573f30abf83e9a0bbd129e1b5e73135,1.400000,0.00000014
5934,0xd7ddcf9c8b4b712067c404b592bc810c6bf46625,1.400000,0.00000014
5935,0x0e1f1f15d5a746aa75b32bfac7dd044d730e15c2,1.400000,0.00000014
5936,0xfd66c5b6f677f3a53db0a6f86ce05e8d87c7e623,1.400000,0.00000014
5937,0x83d939a35f62d28c42789abc7775b73569c9986b,1.400000,0.00000014
5925,0xeb987d43dfbab0c57609653ce77e12a3f54da635,1.400000,0.00000014
5926,0xae7ca625b97646cfe45e00199738ecae7ed6b449,1.400000,0.00000014
5927,0xd32a101e726c970c3c4f4e78c7137d8277bf7fd5,1.400000,0.00000014
5928,0x9fd8a928d5477bee32e179e6f4f0e304bc3c9c06,1.400000,0.00000014
5929,0x30460946bda67ffb400824903fa6b10a66e0bed3,1.400000,0.00000014
5930,0xc3c7d905e6253c00eb7180d4dad792d0e8577b91,1.400000,0.00000014
5931,0x187db624347d42517407fb835621bf2b1e4fbace,1.400000,0.00000014
5938,0x0e99e08d9877f07540c35fca8379608d76741975,1.394604,0.00000014
5939,0x3bc02eb0ac9fc6f08b7bc9240eb1a086a542e0e9,1.392400,0.00000014
5940,0x53bf1241d31ccd9495787e9c0382971e718f4ce1,1.390000,0.00000014
5941,0x3fdf0796d63614168665474bdce2004c9a5a2975,1.379033,0.00000014
5942,0xddecf8ff4234490b0a2e4a9546d317987922e2ee,1.375926,0.00000014
5943,0x31dddf4e2ac81403fa9b993cfbe4ca535a1656b5,1.373806,0.00000014
5944,0x05e32bb19ad3f14859f6da3d094f8f621244d0bf,1.371571,0.00000014
5945,0x6e95cfff431e6735af8e6c05022be76a1e31881d,1.370060,0.00000014
5946,0x9a5a1fa1fefa2c8343154325b54e2b4d307e9aa1,1.368198,0.00000014
5947,0xc0f067489ea022ef2be8bb502e3dda34334ea8be,1.367065,0.00000014
5948,0x4a0d5da6f417b1aa966e478747613891927d0a64,1.365680,0.00000014
5949,0x9a35a1824f7d297dcebba175b49da1c454daf177,1.361722,0.00000014
5950,0xba94dee544c2d1aa83de40a59a114ff120cbbd0e,1.352113,0.00000014
5951,0xc568e47abec6329d23a826dc11e7743790bfc42d,1.350000,0.00000014
5952,0x0c5e1e7b92eea036cc9ee0f8f2684fc400123ca4,1.347846,0.00000013
5953,0x40d3dcf924f6f7b685946c061fc524694754bfa7,1.345882,0.00000013
5954,0x6a77b607e9d60b977cb901e76493e70c72797f60,1.343066,0.00000013
5955,0x23303159ad0a3171c00a9447edd177c957d23ebc,1.335964,0.00000013
5956,0x2f9ee02e8784abf10441743819c546c19550f4c4,1.334857,0.00000013
5957,0x772fb5754bb9d7e490e75a7accf871244030af59,1.334654,0.00000013
5958,0x569a147c9736143bcc623a7c6427a56b8922a4cf,1.333553,0.00000013
5959,0xbe3d19e56d1dd610a4e18201366346e3db967daa,1.330442,0.00000013
5960,0xbb82e2947caf502bc955ab116f703514bd4b3f0b,1.330000,0.00000013
5961,0xe17994cd1b730db2434a58f8b53cec4089acb7f7,1.318082,0.00000013
5962,0x3b2a583221492b4020aa494066422628cc0a3a82,1.307190,0.00000013
5963,0xbc4d79a2d28626546d2f98f9e72ebc1cb9928cdd,1.300785,0.00000013
5964,0x863257732e892ebce52afc43022ecc5c26b5b10b,1.300000,0.00000013
5965,0x43e205787cbc289fdc58562bd7615f3c5ee4688b,1.298287,0.00000013
5966,0xc39bb8286b4a0bef13946f99a2c7a3c1fdcd0cd6,1.297324,0.00000013
5967,0xe2aeb5bbf15b4e55892af255d746a610f896e190,1.295168,0.00000013
5968,0x76e8d5c2fcb95dcd8e72e86022be76eab02c2160,1.293559,0.00000013
5969,0x69052900019adc9cb410b69dd71da44d1de3c209,1.290712,0.00000013
5970,0x76d24390218ceb704e7b726a67b64c2540b3c7e7,1.289229,0.00000013
5971,0x536aed5ff736c1e7a00615f5fc656e7bb699ad78,1.281748,0.00000013
5972,0xfaddb0b667cf8cd39039083632aedd0968f6a188,1.278662,0.00000013
5973,0x1d09745fb8a1f89df77db698c7b2de84bad3d812,1.269963,0.00000013
5974,0x97523405333d946200578bbc2c1df5edf7d2de50,1.263695,0.00000013
5975,0x9c0e5834ddc43fbac4cd4a1c93a0ea51e1d02041,1.262797,0.00000013
5976,0xb8814a46eac09b377d00bc0c8d6d4c381bbff02d,1.262078,0.00000013
5977,0xeacb5c04018cf7c07bac4f6b9969c50ef7cc0de8,1.260851,0.00000013
5978,0xc469150c0479aeb6a1643f0b39cec8a5b5dc0deb,1.259436,0.00000013
5979,0xfc17747c89e93e2deeada88419e857a907a20313,1.259329,0.00000013
5980,0x621cbc6159d2bba808f15df8947d2f42b0febdbe,1.258938,0.00000013
5981,0xab28e2d6e4713dc0f6f1addf74abc3d2313445cc,1.253916,0.00000013
5982,0x2483a191dfc0d30cae92626734e180deb4f5b0a3,1.246477,0.00000012
5983,0x11edd81cf609863413ad8e7d1b6e51a359c59495,1.246396,0.00000012
5984,0x075e8da02770b708625494f6dca5dc3d61b4d345,1.240000,0.00000012
5985,0x5b70a07c0d3c469d4e03118bf800c52060f444e1,1.238978,0.00000012
5986,0xd54a3907cc9a6bf87efc060877f8e74d6d0645ac,1.238397,0.00000012
5987,0xf437ba435d34820a86deaeb60409e234254c1c06,1.232232,0.00000012
5988,0xe1385ea3cd4aeb508b2b8094f822960d0c968505,1.227708,0.00000012
5989,0x5262559b5226349b78a7bbb2747f3f8ea303a2f1,1.223409,0.00000012
5990,0x92ec648f0ebb557d8649ba25c2e87e4ae2e54609,1.220763,0.00000012
5991,0x1237faf72b983d46afbd7bbc5d238fc5f4d165f6,1.220000,0.00000012
5992,0x03bbc941be42cc33bcfdbe29a683c25baf253d69,1.219656,0.00000012
5993,0xbf0c9b341425473ef38670fc3c1e1f47968f5939,1.218478,0.00000012
5994,0xb4534a907724dc8b36de23c226bce7b4174d76e0,1.215257,0.00000012
5995,0x7ad02e1cb76eb6540a08426a5cc017617bb81534,1.209716,0.00000012
5996,0x31db965a0b484e2a270da45016611ffba50a342f,1.209113,0.00000012
5997,0xfd64d6416216d3d071569f13ac0fee7b47d25d0f,1.206986,0.00000012
5998,0x02e6a0fa6490fd63c08842e09b4fe7274e6761c4,1.202399,0.00000012
5999,0x524b296b666f0e66ac17f9ad97f9059c55e7684a,1.200000,0.00000012
6000,0x01fedf995377cf4682c4473464b25eab12c3962d,1.200000,0.00000012
6001,0xa1d1dc247f820d41e43ad08e03eccc0ac7a2f7db,1.200000,0.00000012
6002,0x3e26869ad0e17e550f4a19bb260954c6cb714b3a,1.200000,0.00000012
6003,0x57c5bcae68b915df45902c120df5a4797ca4d65f,1.200000,0.00000012
6004,0x9267b380aec78fcb2746ad1dd9260eeb82426635,1.200000,0.00000012
6005,0xfb0715c077e24d1da75991e940216f3118591979,1.200000,0.00000012
6006,0x5130f714c86d4fa1fa69a27861e3bace9667f7fa,1.200000,0.00000012
6007,0x9e491e9bceee91d6239ac73f02c53cb6b7bdaa19,1.200000,0.00000012
6008,0x688b3ce668b0007f6863db9aa6ecd09af6ba149e,1.198064,0.00000012
6009,0x70dba02e0f8ddcc3e91ebf9bdafae755baece4dd,1.190191,0.00000012
6010,0x0c000806d0158095b1e332415c2c65c063571a93,1.184226,0.00000012
6011,0x8a8337182a69c398fb6d90536a79036ec28608fe,1.180000,0.00000012
6012,0xc36aad40eac41d70d8786d9b100b8fb77417328b,1.174452,0.00000012
6013,0xf14b11fd9a6da06258f6c67594529ab241c4c07b,1.174159,0.00000012
6014,0xe3d168b926c24b1298fdc0e716578e76ba061e35,1.173776,0.00000012
6015,0x1accd7935dce26d9993f33cd52d5703df9e8e791,1.169324,0.00000012
6016,0x83f21b84c0f00db8553a1db7d15eba05b3e049df,1.167537,0.00000012
6017,0x559b6f78b1963d3afacc882229905b96c6b18169,1.165725,0.00000012
6018,0xf15e150a8d4685b6466b2d07b644635ccfca8b11,1.164000,0.00000012
6019,0x32822232817e8e5a95c49c2bc66b9e16a60b01a0,1.163436,0.00000012
6020,0x3bc465dc1908cd36fb5934178074f6fc978e6f94,1.163230,0.00000012
6021,0xe42ddf959b1971bc3f811ab3c1b5d76f38150c10,1.161966,0.00000012
6022,0xdb8fc155a7b1a73ee632caf00bcb70d92eb69eec,1.160199,0.00000012
6023,0x3492765d83764138f43ae6f542c05e1eeaf87afd,1.159921,0.00000012
6024,0x61fa65510e8db006b9982252fe646cd3303a8ed7,1.157502,0.00000012
6025,0x899d85209c340637a4c892e5a10c85ed2fa662a9,1.155628,0.00000012
6026,0x7f5f8d9190bdf31976d100501eb75780e4595724,1.155589,0.00000012
6027,0xfb4bf1dca9e79fa6b53fac58f3661484e4686c10,1.155066,0.00000012
6028,0x3e0f97f16e0147898135b8e755a2d8a4d0986da3,1.153302,0.00000012
6029,0xed867ab2c8e612a329ce0530647b321ce7182a80,1.149281,0.00000011
6030,0x3f5194a0504ad80259bd4d83a5355f233b7109b1,1.148860,0.00000011
6031,0x47570a79cdef3f063e58fdcf37dd69c0e9689380,1.144192,0.00000011
6032,0x37489d1066466f434a208ee7ba5209b94965345e,1.138565,0.00000011
6033,0x83cbf51bdadef654d580a0c1553475d6ae504881,1.134013,0.00000011
6034,0x0ab95fff2512ae098dcc666c88b67a14fff0f985,1.131576,0.00000011
6035,0x16fb92ebacf19d1a0028656357e87f3792aac5b1,1.131121,0.00000011
6036,0x8bf1a857d7fd8a3c366502d6bde3f863f5da8f99,1.129254,0.00000011
6037,0x5643fdc9a46cd78e3b048fbdb25ac454b66262c4,1.127451,0.00000011
6038,0xe7161ba731a03b1005875153d9aed84288c0faa7,1.125769,0.00000011
6039,0x1f45a75818ab8686657f461bd38383ce1cb0f3d2,1.124904,0.00000011
6040,0x6b97cdd0a7df403c8e20a40003144757e943b4a6,1.124409,0.00000011
6041,0xc2d0e7a5de95d5dc786aebb1cc73c90fa423e67c,1.119462,0.00000011
6042,0xee49d6c1b0cd6682e1583b2af963949b1608010e,1.117695,0.00000011
6043,0x2cde6e2eb2b3ef373a36ac5072d918f9af393e3b,1.117030,0.00000011
6044,0x741a7dacb55be94dd841d83b78c9bec37cc022b5,1.116551,0.00000011
6045,0xfb17daaceec5a0678c146fd2def8675e5fa5840b,1.109905,0.00000011
6046,0x0ddc76bb8d7a3a45308a9a08293c6ae4bcddef02,1.106812,0.00000011
6047,0x80adfb15b456c31d2b88b9bdc8eb4fb75a98e457,1.105415,0.00000011
6048,0xc095e57ddfa5924bc56beacf1d515f154ac44e94,1.102122,0.00000011
6049,0x2786ed4ce17214579e359064827715ad2acb1477,1.101868,0.00000011
6050,0xaa695f64db5e70c25411a9532cd921f65477b5b0,1.101644,0.00000011
6051,0x6d80f2bb18ca08f3067c40eda7e849026cec19df,1.095932,0.00000011
6052,0x6a2b04c75a709f157fac7bf6ddecea6ccd29cb3b,1.095507,0.00000011
6053,0xb3bb232dad8868309fc9e2eb6cf18b263d8db7e3,1.090819,0.00000011
6054,0xf1067c20133a6889cff091422d1c011bf8f27d4c,1.088207,0.00000011
6055,0xe922ea5bc6a9208845dea8139eca9ab81c4fe044,1.086041,0.00000011
6056,0x2812806798160b9ba2307c7a9e3c036c1af5eaeb,1.085898,0.00000011
6057,0x75cbd08409d36d56118bdd1afbd05d3045c8eadf,1.084032,0.00000011
6058,0x200db40b0ef10ec2ed23c076e6f460431acf68a2,1.083593,0.00000011
6059,0x665ec2b38eca762b0eea98a9985beca9e278d6ec,1.080038,0.00000011
6060,0xd66796d1090d7c5f11d86d0a9c29931fc5bfe349,1.080000,0.00000011
6061,0x87206c2d6b9be58198046cbf9c84840413313b42,1.079680,0.00000011
6062,0x3d874eab2766bcf5ed67aa1e142722ab347d17b5,1.076857,0.00000011
6063,0x90156945974c5a5b2ed89982a11c8b1721bcb422,1.074930,0.00000011
6064,0x55fff7c424fcb40910a3ad5b6fa1bcbb0fa15492,1.074000,0.00000011
6065,0xb35e228c7c67ae86993049ae0f9565d419558fdc,1.071931,0.00000011
6066,0x089627277506771509df29d802796a03cb310836,1.070329,0.00000011
6067,0x20f6ee51340adeed01a59b0e65cb3703f3dc860c,1.068730,0.00000011
6068,0x519a4c206dcc86950f46e388b6ba8bbf3298b98c,1.068468,0.00000011
6069,0x80879d7847b605c626c595b79c961d61130e1f62,1.068384,0.00000011
6070,0x62691693e7f7ad24626ef3e0d4a1df7f6a1d0b10,1.066321,0.00000011
6071,0x462255639b4f1faff57fb10853118c2df92ba282,1.063627,0.00000011
6072,0x8e7c024eeacf826e6f298a2df2ed3ffa7c5a912f,1.062228,0.00000011
6073,0xddf56b0f7bf9f74ecb44a37be8a74fc4081c82e4,1.061389,0.00000011
6074,0x74aceef6dd0695490ad04cd5a5980d62cf897987,1.061089,0.00000011
6075,0x13a962fe009a74dfd28da897b6d71de5accdc815,1.060550,0.00000011
6076,0x1f7ecab4848ffcfdecfdbc4af900f0d301482783,1.060300,0.00000011
6077,0xaeb29ac7187cdd900f5b10fbc572a058c5c624c8,1.058891,0.00000011
6078,0x75640b1eb20e9473ad40fcb600b016eefcae2a7f,1.058379,0.00000011
6079,0xfee7142545580dd49843be4c1e3687ec415e4e72,1.057401,0.00000011
6080,0x03736b9c0d09aa469b03a72366a1ab13e1af61e3,1.057121,0.00000011
6081,0x8cbaa834bd41d4c830254f34aa508ef3814d0263,1.056297,0.00000011
6082,0xc82ac23d693fc147ab3b2dd08a1f4bf862af180f,1.055593,0.00000011
6083,0x919c2b70ffa44d936db6538751045f741c643c1e,1.053057,0.00000011
6084,0xf86149475b49bdb11cd8b27c38ae11a1569fbbdc,1.050663,0.00000011
6085,0xfb61158bd8ffed42dee600a6bb6e8e5ab1d56b91,1.048275,0.00000010
6086,0x12ead2fdae96cf8c8a570e7d17af3bfe52577b15,1.045714,0.00000010
6087,0xb666fd9b55572a3cf6d42b16fb550787670a000f,1.044944,0.00000010
6088,0x568f4acaf975bdb81d8a26fc1bf3991656a745d7,1.041578,0.00000010
6089,0xcaeef528250a36d85bca92d8be059d4bc0664740,1.041121,0.00000010
6090,0x32117c539ae4a81969f62d9da094481211090dd7,1.039169,0.00000010
6091,0x973d01930107a0669e337509bed55ffee84622ea,1.038062,0.00000010
6092,0x49de85e4b387d3da1bb831930a7138b057415fb1,1.035993,0.00000010
6093,0x1fd09ac37cdf3b062ad76ec96d8cf2583614b747,1.035814,0.00000010
6094,0x72e93123e8b5d168246739cdc45360ea11209364,1.034432,0.00000010
6095,0xfa7093cdd9ee6932b4eb2c9e1cde7ce00b1fa4b9,1.032228,0.00000010
6096,0x844ef810df65e087bcdb033f18c960ec837d868b,1.021922,0.00000010
6097,0x50463ed891baed5dcd9f6773f151b82100fd58ac,1.020878,0.00000010
6098,0x25b74a8082534976a30a137910f506a02dbb6d77,1.020829,0.00000010
6099,0x73691cee20db22f55a6fd0d5948ab00e0fb973b1,1.019902,0.00000010
6100,0x8d6413c0741e29c8eb24f21ab37f1220093ab0f0,1.018471,0.00000010
6101,0x128cfde59aa05e90de1d636ad5bd184425914382,1.017491,0.00000010
6102,0xe29638670818e07a253921fb61674e9b60766fcc,1.016160,0.00000010
6103,0x088e22679b53365a5a9401fc74e5f0eb6c0a1b83,1.016062,0.00000010
6104,0x6c06198637d843eb83d7a9f54ce8f61e6dc261c0,1.016000,0.00000010
6105,0x76b645798b7a5114c3d529ed1a9f41d9741415b3,1.013700,0.00000010
6106,0x2d18d3aa2b8e5d2673c75d71cede4afeb784891e,1.013120,0.00000010
6107,0xa397397f47274017e5dabe104f61ec14c8147e2b,1.011871,0.00000010
6108,0xdf5771c470fb2286e6dfc5dd7269bfe39d4b7f8d,1.009680,0.00000010
6109,0xcd2e3bc43410d86e80ebb07aff062d259bb67ab5,1.009127,0.00000010
6110,0x8924b7c24c814d376e9c8b8a8683e4e3836efb72,1.008583,0.00000010
6111,0x8fcc2ebe7580e0004ba0aa6461e3ab9daff21c1b,1.008416,0.00000010
6112,0x8bba22f4260b75cc3e4f66d4e799e30970903b25,1.004900,0.00000010
6113,0xbcf7587548511f38d2896b49b088f5848be8847c,1.004571,0.00000010
6114,0x968e6fbf55c0fa0077a6e35f0435127f084417d9,1.003607,0.00000010
6115,0x25c5e5b0908a8ef77e2719fb6df31fb438ceb1e9,1.002785,0.00000010
6116,0x2985bca05f5354097f00229dbbbd1477e535b683,1.002080,0.00000010
6117,0x5de777e747b2e54106cee798763d6ba74970c142,1.001048,0.00000010
6118,0x9a21a4d38cb8054c3c081852bc73363213d203a5,1.001047,0.00000010
6119,0xb7d8d986fe9ee2189d8a749a874e9d31028362b7,1.000267,0.00000010
6120,0xbe71224a55252c6fbe24e8ae03910eedd194c163,1.000100,0.00000010
6121,0xdfbdffe0bfaa406bfddfceaea0ae6f02c36b4950,1.000006,0.00000010
6122,0x04ff21aea8c7f82e4de6f9996aaf63b78e7ef219,1.000001,0.00000010
6123,0xda6b07eb94f699f511a943e9bfc12b64b7fe3486,1.000000,0.00000010
6124,0x804726cf4c82342ca37e57e8396f0ee9319fad46,1.000000,0.00000010
6125,0x13e4269df5016065f3fc3a6166e8edb6539492ee,1.000000,0.00000010
6137,0x521f88bca3ea4c14aafd711d0b004f814ed0b849,1.000000,0.00000010
6138,0xed69c46b178578b565e18efe6cbe7dfbf6ba6093,1.000000,0.00000010
6139,0xcf660cad6ec99ecd79fdc9bfb5c51f0cad39da0b,1.000000,0.00000010
6140,0x9c2ee1125c8de5ff03b0c956303a8958cdd9cee9,1.000000,0.00000010
6141,0x77fbf919cc1af6f9880a053ec21c2228c6b58e3c,1.000000,0.00000010
6142,0x00516f29f8a6d8b96d0e85143d4ac728c7be324e,1.000000,0.00000010
6143,0xc548080479886f7265b813798847599b41d13812,1.000000,0.00000010
6144,0xa673b08157aa49c4d32c69a456718313b76c0057,1.000000,0.00000010
6145,0xc76c260fbb5a285a4662f618ec6d7c45819d7f32,1.000000,0.00000010
6146,0xce7d03a51643a3fdacd02c701432117894a01946,1.000000,0.00000010
6147,0xaea6291cb48d9675b120f74e2f0b0de01db47a00,1.000000,0.00000010
6148,0x4f8d071f4cc00a07203d7bc064a33b653517dd14,1.000000,0.00000010
6149,0x7a8e9ef6776f903e80a1d390a60f38a211c17bb6,1.000000,0.00000010
6150,0x20dd0c72944d1215074fad956365087c720b3cad,1.000000,0.00000010
6151,0x3c374c0f833595bd80c4cd92ee1d481acd30b678,1.000000,0.00000010
6152,0xc55970e7f3283116d72aff0ccb0797e4dd283905,1.000000,0.00000010
6153,0x51661fba5aa9e154e38245b87c296c65bf25f6b9,1.000000,0.00000010
6154,0xbaf2d4690dfc3704ed9aeec6feed2a684c3db2da,1.000000,0.00000010
6155,0x25fe9651030a0bd1d2fe84e0e3c90a0c46fadf5c,1.000000,0.00000010
6156,0xb01573ab9c825a0b6f4e4404916d548ff04c5851,1.000000,0.00000010
6157,0xe255bff11e5fb365eb9bb0f57a136de3de6b363c,1.000000,0.00000010
6158,0x385aa85ad2dfe2d2b42d4c075c33c0d968e3c42c,1.000000,0.00000010
6159,0x176fbb83cf5ff82009cf32685d53e55e71a62dac,1.000000,0.00000010
6160,0x02afed0f449c1d384318706e0e6f451afc6e311e,1.000000,0.00000010
6161,0x06ca27f770ac9c1886398d9cfba8e8638e10a3bf,1.000000,0.00000010
6162,0x307576dd4f73f91bb8c4a2edb762938e8e067d31,1.000000,0.00000010
6163,0x137025389fc771bdd3e63d7ef49490214ea76654,1.000000,0.00000010
6164,0xa232441d9a3454522c3cc2f8727d00415a38adcc,1.000000,0.00000010
6165,0x1b80f47cadf1936c2a729026776f41e6e25b6121,1.000000,0.00000010
6166,0x5534b2fd4db0293425b1aa40fc963a880f4f45a6,1.000000,0.00000010
6167,0xca62fcb29537be48120020d2e50f51707b8eed7b,1.000000,0.00000010
6168,0xc60ec96d3a9100d5091a241dcd20d20288bc3bb8,1.000000,0.00000010
6169,0xf2881b73c304c00806f6b20c46d0bcfd6bd527d6,1.000000,0.00000010
6170,0x7e4291b038f4ba90247faf3506f526590431a21d,1.000000,0.00000010
6171,0xee7e2c9ffeb2aabf7e1efe82774fe1d7e5e5dbe6,1.000000,0.00000010
6172,0x34421e63e82a56ac586c35a353011ac178e5498e,1.000000,0.00000010
6173,0xa0fc9176b8e11c1e74e02ab189b28d5e7d89a797,1.000000,0.00000010
6174,0xdc40c4e066d43f5841270a56a05b2ee65c687b99,1.000000,0.00000010
6175,0xba1086957b63100471087ab9575d8e294bba176c,1.000000,0.00000010
6176,0xa9ac43f5b5e38155a288d1a01d2cbc4478e14573,1.000000,0.00000010
6177,0x06e58653cf35bb21e28f7213dd175c7b30c6b78b,1.000000,0.00000010
6178,0xa843a1160e5b1441e1c710d4bfefb23360aaa851,1.000000,0.00000010
6179,0x5ff392e3e0f6de4e7c0bf97ddac46f95617c80a1,1.000000,0.00000010
6180,0x442160d6a5eaa29559a66f57e034e3397fb8f3ff,1.000000,0.00000010
6181,0x604c931e597871e65971bd7d53ea0c3441f88b38,1.000000,0.00000010
6182,0x1817c00c38a9765a11a18cb0ac949cfdf38fb1e0,1.000000,0.00000010
6183,0x7d0d90e01408fdef997913dbd0575d72c9badd02,1.000000,0.00000010
6184,0xb75c9709a11bf043b64c087ea5fd3a6949fabde2,1.000000,0.00000010
6185,0x6205dae15e2fb5fae6a2f53422cd39088ef87541,1.000000,0.00000010
6186,0x72198c7dc3b77494d67cd18f9c18c5bc69789a7e,1.000000,0.00000010
6187,0xed6be246b02860c0df086f3c15c023f116e0e2bb,1.000000,0.00000010
6188,0x1f6777f8c1a7ae6b5e9ccb7bdb545b374e997439,1.000000,0.00000010
6189,0x4b83c3caf46c82a2c755242732a28fd296a9db4b,1.000000,0.00000010
6190,0x7bdd48460e68927d4dd8f0d40e3092bb84724e20,1.000000,0.00000010
6126,0x0aff6706e0d0345cbe578a32ea20aeb7c5b59f85,1.000000,0.00000010
6127,0xedfa0cb0fe134134816e23d50b3e35e97d78cabc,1.000000,0.00000010
6128,0x794bc3645436fefa46213ba02a7cce83f70238d9,1.000000,0.00000010
6129,0x0fcaa8078035a1755487df8a76de67bccf8af2c3,1.000000,0.00000010
6130,0x4cbde9bc052f0062e6404b8c2a2e04f8f9d4d80e,1.000000,0.00000010
6131,0x93a888824e4c622bf74871f38d45380e4cf907e7,1.000000,0.00000010
6132,0xc56ac46ac99bf467b349b06ed87b40645d2c79b0,1.000000,0.00000010
6133,0xdd87b71455df369a895a32a95c843cc848fdef21,1.000000,0.00000010
6134,0xa51538fec131babc762df373d8101eafb1f805ae,1.000000,0.00000010
6135,0x09312a414b43ae7d21d7fe8b633e2cb34ca103cf,1.000000,0.00000010
6136,0xb0b0be567c64854d3f3fdd9d3149146131dc6c87,1.000000,0.00000010
6191,0x66a175b3c5bcf7976975ac20f6555d5399668f87,1.000000,0.00000010
6192,0x58e1885adc33d07b1afc16f11463163a1a28cced,1.000000,0.00000010
6193,0xebe9f310836c3633a65aee1d3164856d14b2cf3c,0.999758,0.00000010
6194,0x79714b12bf471d7df3a901d22a935d2732b485f1,0.998753,0.00000010
6195,0x495a41fc2b63dec0d22bbe1efa417ffca8cde55b,0.997631,0.00000010
6196,0x0e72594bf00b6595f2b6dc25e4c3ba9740bca06b,0.996456,0.00000010
6197,0xc418ea512e9602d8d8e649f627236621ceb35cd0,0.995900,0.00000010
6198,0xc1294e34d439d0e0ff3070b5b6fd8a13d319e8ea,0.994647,0.00000010
6199,0x91787624d0a3cb17867ea927a3e295dfef217fee,0.991486,0.00000010
6200,0xcaf66515d9a7569f669c10ca1daea1d204e6642d,0.989854,0.00000010
6201,0xe044c0f2921c068e41909d068df2175f978d284a,0.987786,0.00000010
6202,0x5b1caab427d63f3e3f69423581196080d74e7fc9,0.983284,0.00000010
6203,0xc9f089dd7ab644730b08220119212e661c668682,0.981577,0.00000010
6204,0x58150f51a8267c9c19b10a628eccfce3f7e0a991,0.980697,0.00000010
6205,0xef4040517a0e4f5c71b116d99c08b2814f5bac24,0.980437,0.00000010
6206,0x8c2792b3e191de5260a507788f80333bed1c8a5d,0.980000,0.00000010
6207,0xd162796c4c8805790bb825ecb940ad00b811eb66,0.978830,0.00000010
6208,0x3e6d690c014e6cc107fdfe8906603160d6c40088,0.977522,0.00000010
6209,0x8b299dd8f507f88f0300633ddaa5a0f59daced05,0.976705,0.00000010
6210,0x6fb47eca9498e58395b98452cb17c8d7aac85e8a,0.975613,0.00000010
6211,0xccb66678b7d4c65b5ee92a41744075b60a293ed4,0.975611,0.00000010
6212,0xfd15ea1dc37ce299ff38033d98475b44c15045f0,0.974221,0.00000010
6213,0x240d16a99512464ad2630d72a8fdf95a63b3ede4,0.968993,0.00000010
6214,0x0cdc41ed4bbf4b7142e657d57fee1822bc14b0dd,0.967465,0.00000010
6215,0x9fe46892aa64d2537093a2560d6d18087aaeb3a2,0.963900,0.00000010
6216,0x52ef5dfbd69aaa1bd9820f5510e8c82f1db21cc9,0.963568,0.00000010
6217,0x4f85a0c7b7c26a480437619822b1cee5c66bbf5f,0.962500,0.00000010
6218,0x83a9f3bd34fcf7bccf4eb030dc5245f2a4e0fad3,0.961481,0.00000010
6219,0xf9f00bed96d752acf25d9f05685582a23adc9c12,0.956939,0.00000010
6220,0x3026344da2abdaa3313476087237505ebb2b7ea5,0.956909,0.00000010
6221,0xb1f0115a6f0ed53b8a1c22f61ca4b6006d3ea8a1,0.949419,0.00000009
6222,0x83750fb73a76fcefdfe791c8b5bbd335f38c895d,0.946644,0.00000009
6223,0x0cd67ab9fb2102e0759345273d0297306bcb539e,0.945871,0.00000009
6224,0x8321d5ea5daed1ce833bb4f8c090f79e6169de37,0.943796,0.00000009
6225,0x292ed175d30f86df89585bc821346f5f3c0adab3,0.937281,0.00000009
6226,0x83bf12627a3f7acbd22ddcd93bdb28f508a69396,0.937021,0.00000009
6227,0x9467717dc3f8ecd12d1fff9b68325f603f9d47a0,0.935584,0.00000009
6228,0x6109982170ecfa35b183b87e7c7a819438344984,0.932975,0.00000009
6229,0x71378a5fa7ef5e126a9a08048e27cd0e2cb05964,0.932843,0.00000009
6230,0x425015e7a2a4603132ddfa7a8d54e63539853a4a,0.924635,0.00000009
6231,0x609e445577699e79d7e4acccc48f196a3330ebda,0.923538,0.00000009
6232,0x8865783b02532950baa29ec182891b481d5c7de0,0.923450,0.00000009
6233,0xb23aa9ddf94630fde1f14b41774a291925801e6b,0.920406,0.00000009
6234,0xacc6badca863e73d4540015b66e742937df8d9c0,0.920160,0.00000009
6235,0x0677b55b478ea88e2fc9bbbfdc68a16687e65247,0.920080,0.00000009
6236,0x839b184f7c4dce59685c77b0e97643e0fec43abb,0.919899,0.00000009
6237,0x3b6c0c8b7cad75ccdc214f42a5c4ee915384ca57,0.918725,0.00000009
6238,0xe646fc8efa1437c91d9d44a48d2eaef3559b065b,0.918547,0.00000009
6239,0x4816ff177095951a0f91b748a0b1384df4971069,0.916281,0.00000009
6240,0xd7ca08ec1aee9cce8a8eda9365343ef197674e1a,0.916041,0.00000009
6241,0xfe82fc3e5fa73c70982cc3376a9cd0b248e171ad,0.915822,0.00000009
6242,0x75ed7bd176c9a8107ae3df007580ee1dc0030aa3,0.913625,0.00000009
6243,0xac551804468c2f87fa3cbdef0e0379f66f336392,0.912874,0.00000009
6244,0x84d218884b2607d44bd8fb8bec71a34bddd00ea4,0.911019,0.00000009
6245,0x59cc62d5d5e39c23ec441f22d9e88883d16c94e1,0.910050,0.00000009
6246,0xd4a19e5cc06a09b985800d7f068bc2785b7bc28c,0.909200,0.00000009
6247,0x0ae9e4b8a2ceae36539f9f5b919ca44aba733b30,0.907650,0.00000009
6248,0x44f111deeeb1194a036860d8341d8c8819a0d2e8,0.906586,0.00000009
6249,0x2182efb61648f282bb5e0d61ce49ae57f750eff9,0.903676,0.00000009
6250,0x72f37cadc8349f4417e747d567bc34c8bb8c3ad7,0.901319,0.00000009
6251,0x23d080fd37305a79835bc4e37474b6568ac103e3,0.900000,0.00000009
6252,0xc845855bf8ee7be9fc206bf0f17538c1ddefb83a,0.896046,0.00000009
6253,0x8178bc76669f05f78b4014c2eaefb95a80a172b1,0.894282,0.00000009
6254,0x52b31d55b2ff28706c909f3eac622b7bf42179fa,0.894021,0.00000009
6255,0x5babf1eb4b78b74df5bff0738813125b907957a6,0.891989,0.00000009
6256,0x016aa0f488727966e7d12de520d5f4b439004d5d,0.891471,0.00000009
6257,0x1ca98e3fdbfb777ececcd413e202b9cd2becfa11,0.890221,0.00000009
6258,0x54fbe3b8bc76867a7924e63f0bd4379038231b4b,0.889045,0.00000009
6259,0xb9889769fd5393a04fad2f2cc4632c4289952da0,0.882851,0.00000009
6260,0x01008a8e5cfac17af30d9d33ef6912bf8333fe4e,0.880000,0.00000009
6261,0x59cb8866e3d3cee8d5f4cb5e38de2991b410871e,0.879152,0.00000009
6262,0x13790b67f0d3678600b1e29e9d980b10c8d26256,0.878036,0.00000009
6263,0x1e81a5a9715b139bb63ec3a176a6baa82a220692,0.876434,0.00000009
6264,0x8448e6ec05dafe7fc2a6ebd63bc92fbe600c281a,0.874881,0.00000009
6265,0x5a6b08af81c85016fdce1d72a71983558b35cc1a,0.871900,0.00000009
6266,0x9e56638b83184fe17a9e1237259915ae7c57f957,0.866174,0.00000009
6267,0x63de716ac7fb15b1a10f3d93bb6cfedca8c4a079,0.865539,0.00000009
6268,0xdc1f13e3ac38db675e08714f2c770ebac78d1c2c,0.860679,0.00000009
6269,0xd92a774de62f36fbd88ce0f5307c2f73a0ff2e19,0.857921,0.00000009
6270,0xc29d6bad5e7d579747e4e3b32967f3132aec6346,0.855778,0.00000009
6271,0x5fbae453f04ca61dd8435cee7e34a85c71a327fd,0.855026,0.00000009
6272,0x8dcd22008eb0ae047dcd52130cdd95bf42c67ef3,0.851880,0.00000009
6273,0x418860ce81f14825d6fd69301693e87753e74ed5,0.850811,0.00000009
6274,0xed7c4ad2d313ec0b3877c8b5919b9dae3e3010e8,0.849418,0.00000008
6275,0x584de997dfb5d785cdd91da1dd94c6a9a950a2ce,0.844700,0.00000008
6276,0x042acd08c97692b61269767c9fbf586ae8562641,0.843908,0.00000008
6277,0x1bbccd5747c5c845db7e91b330d74675b5a630c4,0.843383,0.00000008
6278,0x5f9085cd52c7cf134ec17b7930a595187f9295de,0.842850,0.00000008
6279,0xc84f14c250128357c82e1b737bf19e6efb1111bc,0.841742,0.00000008
6280,0xe711810ab66123d88134386b70273e726ce6b61a,0.838306,0.00000008
6281,0xfd27496b5c90740402f308a1ec1a61026b37655c,0.832533,0.00000008
6282,0x4929ae3f9e0e825d4216d5cb3458e84b4970d36b,0.831805,0.00000008
6283,0x4a5f3aa6993f9fdd2f010ecbedf832b8f7366666,0.829404,0.00000008
6284,0x983f87acc5d33f810913f6b1153a4a1c3ec93e5d,0.828356,0.00000008
6285,0x5b493ed12327fdacc4fea021a1a2904da62d7bed,0.828009,0.00000008
6286,0x06a41f0c2f01adff45a00e87f9ea02f54bade984,0.823539,0.00000008
6287,0x47d61fc55d08749766b9ec9be4eea5626201541d,0.820539,0.00000008
6288,0xb452b4fc0446b472df8a46608b7b34c72921b6eb,0.820000,0.00000008
6289,0xb8390c6bbc2bac2703389d26bfda15d10f010df5,0.818228,0.00000008
6290,0xe1c383f9c72e9c9abb4bdb250209d0917eef9e7d,0.818109,0.00000008
6291,0x4c2ac48822521c7fa7da05e2671d83ed60ba22c8,0.810885,0.00000008
6292,0x262db42f1ad18660a4f44b28b49858bcd0cd2ef4,0.804400,0.00000008
6293,0x1e4e7ef632f2075f43a99a43799d380be1558c7d,0.800000,0.00000008
6294,0x1a18b7d6e6b5e9ee3d8c1e204edc6b23454051e8,0.799746,0.00000008
6295,0x20ec8e7021f382642c397de7c83326bb84fcfc75,0.798070,0.00000008
6296,0xc76da96b8b1d1bb9959326ab45b05bacc199f90f,0.794908,0.00000008
6297,0x51bfaeb0c43be6e2a17d7e8ee5ea0f3e52ea6097,0.792993,0.00000008
6298,0xb6e8146c8d0132964e1f959b28dd7503121f9709,0.790000,0.00000008
6299,0x4d951f3e5dd552540776a64d068b568de5debaa1,0.786419,0.00000008
6300,0x40b38765696e3d5d8d9d834d8aad4bb6e418e489,0.782922,0.00000008
6301,0xccef861bab25549de5c8825ee3d553fb5304c636,0.780170,0.00000008
6302,0x332c7c85fd5e5bd06b187fde8a189758d9239ebd,0.778941,0.00000008
6303,0xb7f3811e8921d9172f1dcd1a79cb0edf67879c0a,0.777174,0.00000008
6304,0x31b87107980fc98598eda672aa5433596e21715a,0.774980,0.00000008
6305,0xf0d6445032e747744ce8d72f8345e6ef28d3e5da,0.774340,0.00000008
6306,0x75ecaacca38c3518749bd21a1f93825df2e959a3,0.772690,0.00000008
6307,0x4b9112755742099b931b52c3ff1cea191a3967d7,0.771788,0.00000008
6308,0x4cf9a99b5ced991f1697789d25ca935dbf75fd46,0.770584,0.00000008
6309,0xb319a4c170fe5c403aea3030b239debb49648a1a,0.756298,0.00000008
6310,0x015baa42a287fc70aefbd00865dca2f51c895669,0.755301,0.00000008
6311,0x50a07e36379ae24cca0e6bb89045e6f5aff4da40,0.749893,0.00000007
6312,0x5583ee96875662e5c4ed0d594d9b4ecaeb84f25f,0.746097,0.00000007
6313,0xf98b92cf4bb002c873bebef51c5f2975c1dfc61e,0.744175,0.00000007
6314,0x8df14da004d5a0c80f3c8430c921d0352b7770c5,0.743367,0.00000007
6315,0x5092544d152e111638960de8b759e819a9c5d302,0.741745,0.00000007
6316,0x5b4608036c547d34ff40f49bed1261a403d5ce01,0.739866,0.00000007
6317,0xc87526301136fc551c72b58e45f0cc2eb5051b81,0.739344,0.00000007
6318,0x16575aada6b1140f6c263f426764ffea08e3eda9,0.738946,0.00000007
6319,0xfbea146f2e291b677a44a22ebbad038e4a48532d,0.738890,0.00000007
6320,0xd7de266e4cfef24ccff95609dcaa023ce465b71e,0.737185,0.00000007
6321,0x2b01dea926c9b4d1206911a8cab4cd96cc170cd4,0.733813,0.00000007
6322,0xf757bfa5b06b55176958bbb34313049f7a8c477d,0.730182,0.00000007
6323,0xdaf627c2d42cc9a71ea88f2739cce12c8bf8aa07,0.728455,0.00000007
6324,0xbacbbcd9dd60dcdde114922e3882b18a4267ff00,0.728176,0.00000007
6325,0x7fa1037ad0e705e11a02512aa8839e02592eae5c,0.727886,0.00000007
6326,0x7bc0ceafffc2f2322f07c3058ffbcc2fa7c2af7d,0.723933,0.00000007
6327,0xb559118363516b7d36982053981addeca479061a,0.718903,0.00000007
6328,0x47fd67648bad844667052069e5164b98ec57af6a,0.716535,0.00000007
6329,0x04c079bb31deed8391015eed8d6b625a40957058,0.713498,0.00000007
6330,0x46fbb9fed349b7c3668ff9334bf45187d9b3e75d,0.710861,0.00000007
6331,0xbee9a05c6ba3a6422398d9b2a4840b3ae6d09a95,0.708774,0.00000007
6332,0x55555535a287325d4a2a3da8c9f42f5a185d303c,0.707890,0.00000007
6333,0x140022b7000081000001094700609300d2187dab,0.704451,0.00000007
6334,0x04b13516a24994daacef2babde25d640fc348de0,0.701000,0.00000007
6335,0x0f45790683455458b0400434e728ad4cdc658755,0.700909,0.00000007
6336,0xde048234d8224f73649df23515e2a3d1208203f7,0.700000,0.00000007
6337,0xc4da4895bde362ca5691d89004c59a33ae5bc685,0.698121,0.00000007
6338,0xb6e2831af922dfb15389ec5d2ee7d8d894b9bb0f,0.693772,0.00000007
6339,0xa8cef06f78f63b92ce01e4fc56b5c24b2d3910c6,0.692521,0.00000007
6340,0x19b3eb3af5d93b77a5619b047de0eed7115a19e7,0.691645,0.00000007
6341,0xf1ddbcbfb04cd2b0e460af6834154318cb87d13e,0.685783,0.00000007
6342,0xc54303a25eb19a037f7a0a14d78ba89d308d3593,0.685163,0.00000007
6343,0xd493066498ace409059fda4c1bcd2e73d8cffe01,0.682127,0.00000007
6344,0xd2e889b2cddff2fcc02e484e4bef058eddb088fa,0.679335,0.00000007
6345,0xb9432862a9263ab911bc6bc037487e6dd94cbc23,0.675908,0.00000007
6346,0xbc0f7bc250dc4a924142a10d8a776d37788b3386,0.675245,0.00000007
6347,0x66d9086b5488b92acbb6080264d10eb40fbc60cd,0.671907,0.00000007
6348,0x4d8b6d3723d8df7370e3d10d30fe5d4daede234a,0.671820,0.00000007
6349,0x3692dea4346c95eb3957d8022c40373ab2a21369,0.671601,0.00000007
6350,0x6e246c0a205602d4491aad09d329af2b64953b7b,0.670037,0.00000007
6351,0x5d12658b92458664b8ae2d13ca989904d285e7d9,0.666948,0.00000007
6352,0x303f058c50035623e42c7ab4b55679ff701d3a43,0.666284,0.00000007
6353,0xfeeac21c90b9291209f5f0fdc271aef3feef303d,0.666185,0.00000007
6354,0x38a8b2850586dfdeee0d1ac00f2d8d9867a7f3f7,0.665613,0.00000007
6355,0x209b6c8a83e799e80f29cf35d082df4f62e62452,0.664096,0.00000007
6356,0x1c8c05fc064364ac26c6eaf3636fc2eb95b17236,0.661421,0.00000007
6357,0x584708bf806e2772a801683150d73fa9fa199c3f,0.660476,0.00000007
6358,0xd119b3b32ec1d56781a64ebc48c3c931e04a999b,0.660016,0.00000007
6359,0xccf9b9bc08d8ab5490dfbd9ffaf89c4a695a4d6d,0.654763,0.00000007
6360,0x7a1f32d140f530d0eb24439d6eb2c5483b9e908a,0.651622,0.00000007
6361,0x146cfef8138cdfe2b54b42be1e81d9076df5af9b,0.651007,0.00000007
6362,0xcc5086810d66ef3b7de236d6a0fde67fb2bafc13,0.649224,0.00000006
6363,0x50812aa506bf1012d308cb55c081ef6bf443ef49,0.643008,0.00000006
6364,0xcc03884d9d597487545af62a5a21a34042e94ef4,0.642074,0.00000006
6365,0xecd9d96b34afc6178ecf25c4d90e0b213f5caa9f,0.633845,0.00000006
6366,0x83ee416c9c7c74b0646f050d9c6babc1ee89001f,0.633815,0.00000006
6367,0x000000fee13a103a10d593b9ae06b3e05f2e7e1c,0.630615,0.00000006
6368,0xc9f04b614f6e3eadb09bdf295d5956579081bbd7,0.630033,0.00000006
6369,0xa9969ec7a442bbc3f240162278f08036414cc13f,0.630000,0.00000006
6370,0x6ba72b57cf179e03deb3760e7802ab5ad45098a9,0.626368,0.00000006
6371,0xb7ddd6a56adab038a9ec78dfdee7ef22d36ee874,0.619387,0.00000006
6372,0x23210a716b606b49afb0fd03afeaff343bc0ef25,0.614502,0.00000006
6373,0x9f68800bc9b22879c61067f0c0379fdc759a34c5,0.613961,0.00000006
6374,0xcf59695d48dcfce303fd1680612a4fc9ebb03cef,0.613884,0.00000006
6375,0xe1c4a391339586cbd411b1e252c9d34c8c682bef,0.606087,0.00000006
6376,0x230f6d20e38c18816a0362023c0168107f27924b,0.605574,0.00000006
6377,0x41217312da1b98d5757efd31e907163041fb812a,0.604347,0.00000006
6378,0xe8b728eea8a7067255b591904a53638df815cbc7,0.601767,0.00000006
6379,0x0eacc2501b2d6360392635260c523ff6d890d13e,0.600000,0.00000006
6380,0x3b71a7bffb92c28498ce2c6c4343fb8eeb2fba5f,0.600000,0.00000006
6381,0x068e24f4c4efe9dbde5548d99b94ab804b26d89a,0.600000,0.00000006
6382,0x7ff5009842468d5b4f3845e4a8049dd3651e5076,0.599364,0.00000006
6383,0xad01c20d5886137e056775af56915de824c8fce5,0.598118,0.00000006
6384,0xc2b4f5e7f74816bd0f53f1d7ce9fea4243727223,0.591964,0.00000006
6385,0x9027ac722d2058a9323dd50439c09b70b3688129,0.591891,0.00000006
6386,0xe73c3a87308abc036e09031215257e07d661273e,0.588962,0.00000006
6387,0x29e3c9ca28ba2fbf922f9c168ecf6a41c9dcb2a9,0.588218,0.00000006
6388,0x51e7f22d66c401acdef3b4e01f0d96709c5c69bd,0.580610,0.00000006
6389,0xc517908f5d7a7be20e0eb2ebe0a9840741ae1502,0.580000,0.00000006
6390,0x4857c029454a2b95a428484645d8e3def8c6b737,0.579170,0.00000006
6391,0x7a3fab7aed4bea7613ac693476da3eed6a2db98e,0.578149,0.00000006
6392,0xbeef02961503351625926ea9a11ae13b29f5c555,0.578005,0.00000006
6393,0x75493480cdf99f94a0fe4dc7dd98b8f33fd56daf,0.576963,0.00000006
6394,0x39f19616c283e0ad46efb6f4a9c1ca236ce01979,0.575767,0.00000006
6395,0x00bf79585b1998693e7e5b84ef4c94e22dc438a2,0.573519,0.00000006
6396,0x36e54041b7deb414c012cac2ea0418871a0f374a,0.572600,0.00000006
6397,0xd73b9f7340c4cf2a184854946d1cae84cc57dbef,0.567706,0.00000006
6398,0xcbb9faaa9064c58f63b26ab7ee01622ab4b3e329,0.565209,0.00000006
6399,0xaf349d9a70a6398db6ed98502796e7f0983ba474,0.564819,0.00000006
6400,0x84b81335a8fb49cb932c620c79e3fa5a01e57497,0.563400,0.00000006
6401,0x2e5ef37ade8afb712b8be858fec7389fe32857e2,0.563224,0.00000006
6402,0x1277255b8e274c8a753eea277aa62115baed21eb,0.561787,0.00000006
6403,0xa3a3bd98d45ce8b64bfb8f963b4fef3b3fbf39c6,0.556497,0.00000006
6404,0xab148ace1ac475a40604a2ab68e0429377b41a5a,0.552788,0.00000006
6405,0x8bfcf9e2764bc84de4bbd0a0f5aaf19f47027a73,0.552076,0.00000006
6406,0x59fada3a5d7448224d6b68ae362ca83fc9d85d78,0.550000,0.00000006
6407,0x79040fa536d9161407de7b9d4bff429e95f7472f,0.549142,0.00000005
6408,0x747c23b172f9d8c081feb7bb5b85b60ae0c5731a,0.544534,0.00000005
6409,0x43376ec72f79afcd1e29c3dfbb4520b2a4103ade,0.542156,0.00000005
6410,0x6c6da1625640099a1b2253a770cd9f97584b68ec,0.541247,0.00000005
6411,0xb9d645574ccd2705842a6fa444f6ff4eed1033d2,0.538244,0.00000005
6412,0x2622b3caba0d1bec24367185e3d4e6142ef9e8d6,0.536560,0.00000005
6413,0xbc8ef27aefc0d678a8db087c1d304572a5ea3f08,0.534404,0.00000005
6414,0x2906c639ef644a7a5be03ac7d50649b06c64a335,0.534222,0.00000005
6415,0xb58662df4b73e20efc79435e70c209216d2724cd,0.533367,0.00000005
6416,0xce6f5a7fc7e0ba5e42ac6f326d77345e2df0184f,0.530171,0.00000005
6417,0xa5ee8ad9122fe06480697f77859db0ee8f12f0b0,0.528846,0.00000005
6418,0x3deed1f7e2aa1cbe2a2da995e524b298b8fd392a,0.527785,0.00000005
6419,0x1cd4afa370e43dbad4f04326e3a006ff3bfce434,0.525780,0.00000005
6420,0xf0b8f1b755b0071535e7ed9d0160e6b53f78ce08,0.524389,0.00000005
6421,0x4049bb0109d9f78ee971f7fdfbca86b7076a1c02,0.523605,0.00000005
6422,0x20c355363624411d5a6c60447ec5f77b8db53042,0.522533,0.00000005
6423,0xb694215f3522cc7fa5c9757364e8671500f1ddc9,0.520837,0.00000005
6424,0xb10d7d5214f318b44baa481ba9181931dc07a0f8,0.514775,0.00000005
6425,0x20abd10e8e9625f2b9224e6c992ca263cb2935fa,0.513778,0.00000005
6426,0xf6e3b97acc83aa0721cc9cb3730b1b428b9ea623,0.511500,0.00000005
6427,0xd5ed373f092ded8d6b4d69da9f2f28d8ed82152f,0.508121,0.00000005
6428,0x5a3d1954e9464a124dd0fb3763785097fb002104,0.506040,0.00000005
6429,0xf3158314781157942afe279c7977e5227a019f2d,0.504300,0.00000005
6430,0xf1bda84e7ad8902ad08f8ffaab0b9349847ccea3,0.502554,0.00000005
6431,0x9475e4bfdfadb5cf4ce7cf805044c0db5a8a6f8e,0.501784,0.00000005
6432,0xe83edd4f2a8d684525efec8b5c06723a8051cb68,0.500925,0.00000005
6433,0xf042b9064f61817f8e05ef3f5a3d1583b5e9b734,0.500000,0.00000005
6434,0x954b74405a3ea2d20d6b8a026814c8474cdde418,0.500000,0.00000005
6435,0xa120aa0b18ecd25f0528b069f6a4770de7ead48b,0.500000,0.00000005
6436,0x0b1c9c47abd61a6aad8c6898c09e4489000d92e6,0.500000,0.00000005
6437,0x5f8d4e7f0ededa7af90a611320cc11978f0baef7,0.498419,0.00000005
6438,0x9e43359ed019234fa6030bfe5603c7ba6e23c1dc,0.494364,0.00000005
6439,0xc70914060d5ad796423580da0720f98c55779546,0.488303,0.00000005
6440,0x4fb65e57ad09fdfe30c91ff38c578cb714767b23,0.485114,0.00000005
6441,0x3dc908374e11623d8eb9f07dfc7a2e5e803a54b0,0.484359,0.00000005
6442,0xb08a59c8473ed0c52e0c37de1f7db30542293f6f,0.484167,0.00000005
6443,0xbf6c6f756033faab8a5b2ee8da8835e0d9e0651b,0.483574,0.00000005
6444,0x6a7c70506424955e27a000aa2ff2ff04b54737f8,0.482377,0.00000005
6445,0x601e12d20dece9cba9ea0b637846130fc1208e11,0.481489,0.00000005
6446,0x15d814474c4123dd8be90f9e2fdf7110e8caa35d,0.479384,0.00000005
6447,0xdbda83cdceb05104283d3f4f7d3446d7d90a5eb9,0.477503,0.00000005
6448,0x7f18cc669fd1e60fac4a75a2ccaf7e8b079bdb6b,0.475737,0.00000005
6449,0xc684244cb1ba69dfc26cc1a3ff067afb3f94f361,0.473452,0.00000005
6450,0x1d77230bc7e706d203bfbbaa53c15cc951f45c29,0.472928,0.00000005
6451,0x8217e177d64a06030067223bab3c073eaf96073f,0.472248,0.00000005
6452,0x6e7713ef8c936764fbdeaff56881885e4443bc4f,0.469260,0.00000005
6453,0x6ded0853871fe03ab9e780f53bcc8640a8792a00,0.468813,0.00000005
6454,0xfc795d7bf5f9574c7ac931e08043e2b09b3aabb2,0.468239,0.00000005
6455,0xe71d64ce3cab7a404d9510c75e126aa7e1078708,0.463403,0.00000005
6456,0xda7fcfc8e3e3ca6a266e31a7ba89fcd4ddac38e0,0.459514,0.00000005
6457,0xe7057f1e5eea88301571c357987bc497b0212857,0.459484,0.00000005
6458,0x7d20cd186eda970e7103ff646bf2c1a987b5df24,0.457529,0.00000005
6459,0xf346b96051fe9d4dd3b8e04f430939516966c936,0.456333,0.00000005
6460,0x54de12abbd7cdb58d8f78269da341db1005f3d9b,0.455036,0.00000005
6461,0xda5f87a86bceca6f134445c4d2fa1ce86f21b765,0.454030,0.00000005
6462,0x0ee3cdee4f010bf6c49af86e9e67ef2bc80a508b,0.450232,0.00000005
6463,0x380100864efb66294928bdd0796bf7a96949add8,0.449174,0.00000004
6464,0x6635f0d8f94dd58c7bfa29df11c225446c6ad41a,0.445638,0.00000004
6465,0x888919e5ebeac1982649e7ced2f9ebef735c624c,0.444564,0.00000004
6466,0x13837bcafd1f91ab9219ad3bdfb74f1ae4d77a5a,0.442423,0.00000004
6467,0x256665d7352a0f5ea2c8f2d8832e86677de84bae,0.440224,0.00000004
6468,0xc49b5540a93499d200444e710d0183d5c08242ca,0.436607,0.00000004
6469,0x78d3fc1723a63f1aac3796848269f04afa948b0f,0.436557,0.00000004
6470,0xa7da25a10944ec751048fed9eac1da37707310e2,0.435392,0.00000004
6471,0x7e744077bd5c3bc4ef6094c60f255a5b1a044cf2,0.434965,0.00000004
6472,0xe7d107488568392a6b3e235618f2d3c56f92e5fe,0.432785,0.00000004
6473,0xa96f56923ecaae76dc3601ba4e718bf8a5eb6087,0.431669,0.00000004
6474,0x9799de27805c5b6e057e09a426beeabb5730465f,0.431233,0.00000004
6475,0x03ad9259a227e44886c6b1c1833c2e79379b976a,0.431048,0.00000004
6476,0xfd94eaac8d4ef2004a5bb974bf23f276989017ab,0.430530,0.00000004
6477,0xe59ac2e001ab138fd9f8f86bc5b5191898c8d76d,0.430409,0.00000004
6478,0x34f2b2f99092ac9e41bea1401d65bd9c0db315a9,0.430113,0.00000004
6479,0x7f4aa94dc35021228252800183c9a60760f4a42f,0.428433,0.00000004
6480,0x1f498a2c401584f3e89e4d2871dcdacb140596cb,0.428215,0.00000004
6481,0x8ce4b8734b070715aa15c684892c4cb7f26db9ec,0.427470,0.00000004
6482,0x64bbc196e45b93c37e4c5a1a8c925f2898f5cb1e,0.427442,0.00000004
6483,0x884522b194214fc73d5883d76b3be152d7e22c50,0.426664,0.00000004
6484,0x5e4cba7b5c36746f7962f2cc9f798c5e8ccf06c0,0.426500,0.00000004
6485,0xf0a75fd1bac39a21baaf0266c84d6fe4b2ac8631,0.426221,0.00000004
6486,0xd5cac42c19412c9e344c8a2e5c63c26b6c95421a,0.424022,0.00000004
6487,0x8c5ff004d2bc097a507082f195929c95ebf0d790,0.423867,0.00000004
6488,0x88a0641c1fbff74b99d460c440369f44dd432af9,0.422881,0.00000004
6489,0x66c73fe3c8f7d3142ff9922839cc8e33a7673bff,0.422060,0.00000004
6490,0x095db09c9b7d1da4bd53459247416ab4bdc69a4a,0.420347,0.00000004
6491,0x49e1bf431e9bbbd8e57afcd21ccac3f30e7d98d3,0.419014,0.00000004
6492,0xb8491246141c79efaa21814eb5325388a1f70c4c,0.418515,0.00000004
6493,0x03c288bb93de291f8b5cf4686016912a7d4baf1f,0.417660,0.00000004
6494,0xfa1bbbce3c5c3258aa912e978265e241fa92b9ac,0.415153,0.00000004
6495,0x7670518e627a9d7d986eadff5dedfe5a958c876b,0.414611,0.00000004
6496,0x7b699cb061f31324012d98c2e04cdd6892ce8f1a,0.414280,0.00000004
6497,0xf1c6e5f20f9186434a856163092f428614c93e2a,0.413856,0.00000004
6498,0x5379e42fdedfe0fc5e134654e3f13e619bdc0f88,0.413379,0.00000004
6499,0x3efbc6c6ae20577011918cfd013dc8f47240819b,0.413338,0.00000004
6500,0xc5068d7a5c6be3811f2827f955caeb396c21d8f6,0.413333,0.00000004
6501,0x8b4ae8bc3cfaacbc01060d5d0091ba7382178fb6,0.413140,0.00000004
6502,0x5fc240ce9d54181d60953694242324320963bd7a,0.413124,0.00000004
6503,0xbaba0c71680e0d01a77c1ebcf89d72cf8161c442,0.411441,0.00000004
6504,0x406c22392bfcfbab701fb13dbc4ab3613c70d3ff,0.410900,0.00000004
6505,0x16a7b74100448b883356ea081af10b24db70decc,0.410040,0.00000004
6506,0xfc815219a5d0fe2a68b7d51ce323e4f6078d96e4,0.409478,0.00000004
6507,0xc06ebbefd94032b85424d51906e2a335efae264b,0.407101,0.00000004
6508,0x7b8a2d58a3929e0a6a906f0b7b159610c12dfaa0,0.407000,0.00000004
6509,0x86ee2fa62eecf8bcae83580914a27e76b94a4e75,0.406464,0.00000004
6510,0x376e57bdd1be5f5822bc8364f65518d900b890fc,0.405867,0.00000004
6511,0x469dca55bbe06677155a0b15bf84572f32331833,0.405488,0.00000004
6512,0x1922f2c739ba6dff535c041d892d660ba0ef5636,0.405359,0.00000004
6513,0xc53d7c1498996e7937a61317460eac2a48594daa,0.405067,0.00000004
6514,0xc624ea8dff93571dccea48d61ead6c6988d5292f,0.404639,0.00000004
6515,0x0dcfbef3099ee33265f8dd7f21ac7f72db9dc995,0.400000,0.00000004
6516,0xad33041e4111c5acd6c1f2c18c84bc90a2a1f346,0.400000,0.00000004
6517,0x4fb01a2bc800c6d180feba70bff2728985a3ba65,0.399412,0.00000004
6518,0x73f951ad7a3187b7def355950ca2489c4ca6ac6c,0.399004,0.00000004
6519,0x70c16864e84fc7c6d78ee37dcfd0d085b48fcff2,0.394767,0.00000004
6520,0x0b8435263c171c11bd9f2a6a3867bf01ad1adad7,0.394284,0.00000004
6521,0x1f80a5f440208c78b2eab512a5ed5fb752fd7d2d,0.393594,0.00000004
6522,0x3e17562a2070f8671089a1a88c2a7d2ec62e78d7,0.392478,0.00000004
6523,0xe547d2eed6dd60796013b485d284c17da1194c82,0.390452,0.00000004
6524,0x6f109877867121ca8f8f31ccf1a25134da8f809c,0.386918,0.00000004
6525,0xcbf49837abc553e1c4f5bc18955fbb31ef3d4089,0.386475,0.00000004
6526,0xf2abc73b9464ae4346fcbe68847470808458d26a,0.385300,0.00000004
6527,0x94ea24785ab76472308c6701232c8b3f50833433,0.385008,0.00000004
6528,0x162fc7a693c47a3a7bae7d3c00fdc6da03378d7e,0.384714,0.00000004
6529,0x01b27b60afe52330a2f464aa4625431365dc3e07,0.384278,0.00000004
6530,0x38880f3f251863c39923352d74ab4a9571104d66,0.383306,0.00000004
6531,0xc4b423c8c6feeb364210b761ce4b7b835f33ca49,0.383068,0.00000004
6532,0xa78d7c58d8654618874e48942c5b1a62d1477cac,0.382179,0.00000004
6533,0xf70abbdbca44d94d5db93ae41a2d2f057ec452d6,0.381181,0.00000004
6534,0xbbe05bc901fffb8bf870116f9852f8de35a47e26,0.380689,0.00000004
6535,0x7f261b7962a7cec1490910d6a0ff67e52687146c,0.379782,0.00000004
6536,0x2a8bd77abdfe9fdd9942b2307abe6642a852937a,0.378063,0.00000004
6537,0xd2e2a1b90b9e96fe41ecae2e5d01760600a2dbd2,0.377472,0.00000004
6538,0x7c673f0bb48a3d7b765730f58a82905c230ea9e2,0.377180,0.00000004
6539,0x6af8fabf59b98d71098df9a46b22ebb841b1cd19,0.376586,0.00000004
6540,0xede60a36bec7ef92279415a59bc7b889e3819f48,0.376378,0.00000004
6541,0x7ce18c42cd4577413b9dce1ab1ca982e8e7b6d91,0.375631,0.00000004
6542,0x497ada8b5fda228ac1f2eb16f248c1e387332ee8,0.375624,0.00000004
6543,0x2bfbce8739db65a2fb9424ca970f938190d29e3a,0.375399,0.00000004
6544,0x04ad34461057a9c190b6d01d9d69e8fe423ccbb3,0.374046,0.00000004
6545,0x37bcecfcd9406a36115025a6a1e131c586813393,0.372161,0.00000004
6546,0x7756c7a666cfd05344dad0940cdc75d9776d0e6e,0.372014,0.00000004
6547,0x2bdaabda8a3a5e2421981cf5bf01b486cdaebf58,0.371869,0.00000004
6548,0x3e00b3180cedc14047ef221dc60c5a09f418aa32,0.371179,0.00000004
6549,0xf00703371a30d320ed80e31ddedc38bbc15c57a8,0.370730,0.00000004
6550,0x00000000009726632680fb29d3f7a9734e3010e2,0.369626,0.00000004
6551,0xd90302da67c0e302d505479f59f0a54020c58dc0,0.369430,0.00000004
6552,0x3267e4dcf1ddd87f3d1e156b4a03d1a8759283b3,0.366360,0.00000004
6553,0x6ae2a81aa38f504fdb6b850578119a0e0504bc16,0.365767,0.00000004
6554,0xf4e840d9295dcfc62cd73bf771bbae089299e887,0.364287,0.00000004
6555,0x15abb69867f54d4712dba38c4ebe7fc86d2087eb,0.363596,0.00000004
6556,0x6863c45cdd0ddd9650b3057a26b6c57dff83a685,0.363559,0.00000004
6557,0x039440dccaf2e6a003ce49e0a4b4e1b6c844aa20,0.362575,0.00000004
6558,0xd76b6655cf00ca95fe520803b9ad16ebfb561014,0.362225,0.00000004
6559,0xd673dfd9eee3185833d7cf25d624bb8aa25fd02b,0.360913,0.00000004
6560,0xb938b00d9deb894df1e5a95a13841539ec4689c4,0.359859,0.00000004
6561,0xaf8dbfd67726f5f6b8b516fe8359c2f7f2dedfd9,0.359041,0.00000004
6562,0x46820b006fa94f0f7d121c44ce575895f91100ef,0.357955,0.00000004
6563,0x007201bd692ce043613b6a08e676a286db8768df,0.357206,0.00000004
6564,0xb36c9d24c9be112d6cff110865de853c32f7ceb5,0.356978,0.00000004
6565,0x08e4cb6da7c837e2a074597d1e76149caad245ac,0.354632,0.00000004
6566,0x31fddbb8536ecd8110701a5fe503d6877cdac84a,0.351917,0.00000004
6567,0xf14d12eeee5da963319a0bc4e7343f1e744d24a1,0.351275,0.00000004
6568,0x391276932b5105c2db8ee928dfd8872564d6d246,0.349228,0.00000003
6569,0x09f3cd247af544c17710e84bbfa238aaaba3ca23,0.348870,0.00000003
6570,0xb7c8c0c18a3ee37f85487ec45d0472ce3a6356b7,0.348834,0.00000003
6571,0xed78d7c3beafcf3361dfeaf2e98106b184ce94b6,0.348634,0.00000003
6572,0x4542690d52fe0fb0e4d2b487ac8424e32bcde930,0.347115,0.00000003
6573,0x915c1489f7441f7edbaed5f149c7b68983e1f91e,0.346588,0.00000003
6574,0xf9b6a1eb0190bf76274b0876957ee9f4f508af41,0.345568,0.00000003
6575,0xc69a085d1b4d2bb96c19e5f83472624294652b3d,0.341119,0.00000003
6576,0xaf23fb975fbccf601789628a534b668e35400d4d,0.340167,0.00000003
6577,0x942f9ce5d9a33a82f88d233aeb3292e680230348,0.338976,0.00000003
6578,0x1179820261d10a3642dda7d92fc5b651de73b3df,0.337862,0.00000003
6579,0x461be6ce18cf4a65bca9d16ca8ab9ca1a4bbfbdd,0.337721,0.00000003
6580,0xcbf15913c5f7974ad7aa18df77d12ab8654885f5,0.335595,0.00000003
6581,0x07ef35a7d4b22b238b1122eaf39d74bea1b1da65,0.332629,0.00000003
6582,0xa981b1ec8e27c3bfc0b581442a019f676c2294a8,0.331237,0.00000003
6583,0x426e0f90e7e825b3180083afca4ae2156abac9bc,0.330000,0.00000003
6584,0x9c4490dd14a813ea9dbc0e4cf0dc5aac32d82cf1,0.329104,0.00000003
6585,0xbc34b714caea1fbef89952e23cf651cc89ebff78,0.327661,0.00000003
6586,0xcdd37ada79f589c15bd4f8fd2083dc88e34a2af2,0.327238,0.00000003
6587,0xce2e18465c3da0367a11aa2b99521894fe66daec,0.325562,0.00000003
6588,0x147d79f1c9244b85cba959262fb71ad38069febb,0.325301,0.00000003
6589,0x0079a23edea601190edf1cda05c8af3fea2f2d9f,0.324321,0.00000003
6590,0x48a4bd58e9c591a44b09a15966fee9b36f49688b,0.324076,0.00000003
6591,0x3caae4d26b8c8323f09d7fe273a90d8caa264552,0.321079,0.00000003
6592,0x72ec18e8c5d40853f58d1f1810d3823f470769da,0.321061,0.00000003
6593,0x80a861b359b38f4feb4430e22f9db42338ca295b,0.320746,0.00000003
6594,0x72abca79a82083a594f98f99989bd1e144a1f03a,0.320016,0.00000003
6595,0xfc288e996e112826c4408842bb96039f0723f376,0.319280,0.00000003
6596,0xb5864d0e1028837374c97f37620ed9a3f8a5b697,0.318517,0.00000003
6597,0x2179ecfa0619c125ca0fd28599cede9c239fbf2b,0.318238,0.00000003
6598,0x3924b0cdf39029468a8dedb9811b9f2a46b07256,0.315878,0.00000003
6599,0x2c0f09fc2dfd237aa2a0eeda3ca99d897ca0a03a,0.313374,0.00000003
6600,0x6d0af4694765b6166bb515702f229afdd2f1bfb1,0.310516,0.00000003
6601,0x325009e686b3b376e9496a2bb676b018aaec1745,0.309138,0.00000003
6602,0xf46d11cd673ebe66681c15bb8d65ab22ab793ed5,0.306632,0.00000003
6603,0x8d0b8cccc64bec243c98dbf2a78af5ade3928d2f,0.305740,0.00000003
6604,0x6ce66d84b15fe7bc11fb2baa796d641fabdce85e,0.302559,0.00000003
6605,0x767f6dcea7e1d520a3b7ac251b30178a79eb2ab0,0.300000,0.00000003
6606,0x35db0824d0894dc74d26c04ac97d439b145051ad,0.299786,0.00000003
6607,0xae52f530cb9a9a8bb2697d86dbed011b19c032d9,0.297202,0.00000003
6608,0x1e2cbc06875243ce351d792f1cff8a09f1c35600,0.297076,0.00000003
6609,0x21a941e3b4c8de5caf574474063da5dd4654cfbd,0.296991,0.00000003
6610,0x6c41861041a8ee114e933a8be79c95c1bb9e1cd9,0.296646,0.00000003
6611,0x92d6224f141bd1bd14585d7aff1565fc3dcca3ad,0.296163,0.00000003
6612,0x33c90e7bb56afd20bac3d772156aa600d62adf81,0.294905,0.00000003
6613,0x97af422c1e7a287d61df0145f9d61f77916c1a15,0.292122,0.00000003
6614,0x12f67864afd0b2b11176e0e72ea0722080b6ad67,0.291125,0.00000003
6615,0x9c63950d578d2f347a25a9c5453d3ba75edadbea,0.290410,0.00000003
6616,0x6fc9a6c193a8346341c82921b0f6116cc3b7a227,0.290160,0.00000003
6617,0x60502b5f445bfaa490950fb3a48f2544cc11d11c,0.289910,0.00000003
6618,0x7520e3ad2b7f3df5696c80a4ec8a6a9d0c76d196,0.288710,0.00000003
6619,0xce471578a5c85f731d8a79f4ea8a39b8bcdabac5,0.287770,0.00000003
6620,0x577c3437a7a5c1dae02b21f2763c85a0d2777664,0.287241,0.00000003
6621,0x77de2ad03faef54fd22e5dde14ac06efb0ca7463,0.286913,0.00000003
6622,0xaef646379256bdf18c443b183d549fcd6159e9ea,0.282430,0.00000003
6623,0x39cc88281892c0a7ef5d82673935a7b72f7bc60c,0.282212,0.00000003
6624,0x6e95fc8ab3bce3497df6f2539b4cab74fcb29cb9,0.281610,0.00000003
6625,0x69a5252ecb80c7fed575102654c794b5121cd280,0.280820,0.00000003
6626,0x1d4d8fc45f7f10616bf5a13f841a1dc69687f52f,0.280519,0.00000003
6627,0xbde487e58a89587737ff21ebd5239a554832d633,0.280000,0.00000003
6628,0x13ed7b90cf87929e6588391d8d5296f0fc4be949,0.279121,0.00000003
6629,0xae5fb7d6fac792c559a28e3f4a9c70f49f8eddef,0.277322,0.00000003
6630,0x450695c14f09b460f65919da96fc23c57cc6404c,0.276938,0.00000003
6631,0xdead34c747d88d40ceaae9685b047d1ce6f9dead,0.275122,0.00000003
6632,0x30b9815beee5304b6bc9a9eb80659f03abdb80dc,0.273670,0.00000003
6633,0xdbc0d03ddc76a68602856a6f4de32f401f1a7d93,0.272573,0.00000003
6634,0x34ee0092129d3b1048dd2290f33505909eca3058,0.272327,0.00000003
6635,0x6aaa5fbd489963086f510f276e50d4d3f3ae9142,0.272128,0.00000003
6636,0x21bd25fce4ecc244146ed1d0b4e48fda11a9b07c,0.270000,0.00000003
6637,0x6f52a1decc650b28435ddc9793dc85f869061065,0.269996,0.00000003
6638,0xd07a0658254bd1e17ccbfe37612c731bff69efdb,0.269668,0.00000003
6639,0x9cbfeb0596bf691c00e63718300c1e980e09ef66,0.268039,0.00000003
6640,0xf806c70bb4e86b9320fa66c02cfdbe56cdd2fa56,0.268000,0.00000003
6641,0xc9f4915cb93c5b1bb95e170df86e9599edc36147,0.267954,0.00000003
6642,0x542d39e52b0e1c64e15a628eb12ac2562b8f630e,0.266517,0.00000003
6643,0xca5b3bbb368db39d223a9fa57a577f9a98a03638,0.264127,0.00000003
6644,0xd061853272ed365156a2f3e901c05cc0a9cf8762,0.262530,0.00000003
6645,0x4d5acc151f0ad63420fd0ea493e0d264aa1f8422,0.262431,0.00000003
6646,0xa943de1594049931e1171397bfa2d2380caa3cd5,0.261913,0.00000003
6647,0xff445803c74d03c89f4a4b494555fd53f4439131,0.260708,0.00000003
6648,0x3aedad398dacc61e3ac9df3c4d056d8f039127da,0.259011,0.00000003
6649,0x5e67d0ad959bd09b265d5baca131a86df2d6c518,0.258167,0.00000003
6650,0x6b2247b8d0873537ecd1237045f4e3b38e844700,0.257110,0.00000003
6651,0x0cceae49f8a06f9cdb17385cab9c528782ea579d,0.255628,0.00000003
6652,0xaa203ede91d9749be083f64ff9e347a8b18d514d,0.255447,0.00000003
6653,0x7cb515b1b498f4d3f6d46b8f33f65059f689c59b,0.254745,0.00000003
6654,0x228672afe1429cd95fda46f750cc61970ec5801b,0.254545,0.00000003
6655,0x2829996c6f1a9b1b416d9e68d773bb124b403e93,0.254080,0.00000003
6656,0x8b6e238f4a9ee1b4348b0b0f99cfb1559e824cb3,0.253000,0.00000003
6657,0xc44d3e19fc43a4ab50c80e3aca0d3e9167d6c67b,0.251709,0.00000003
6658,0x0e331a293bb22e93e2e5e417d84d755ae185da02,0.251638,0.00000003
6659,0x76d0deff80a748438ec147112253bcd7cd81a27d,0.250000,0.00000003
6660,0xc13c01f0618dbc50884161422c208fddb45ddf18,0.249669,0.00000002
6661,0xa66eff1127f7ec4006d5127ac6c6d2a8a911f04a,0.249107,0.00000002
6662,0xac0d2457017d8935339ed703f86eaddb6aade006,0.248594,0.00000002
6663,0x4e0d153fa9b6764c79058a297ef421fbabba9560,0.246953,0.00000002
6664,0xc67871192c46cbb7e8514a43215b05fea8408863,0.243081,0.00000002
6665,0xf9193ec28e3bca91f66265e269c2913625293c9d,0.242480,0.00000002
6666,0x393c9a20d4812c7318a641ab75071094fc534f41,0.240639,0.00000002
6667,0x65265ef74521f11a5ba3156ad04225f1a6a4924f,0.240111,0.00000002
6668,0xb6703c0a4c1e856e48fcf3e41c2621e1743a6fec,0.239885,0.00000002
6669,0xd7a6202993a3b59ab77702cb720fbf1ab6178790,0.238810,0.00000002
6670,0xd17f7449562fb4de0ebedff58bbc4250dbd21d61,0.237284,0.00000002
6671,0xf99583d39e0a967d45d7faf0b28235bf4623c268,0.236431,0.00000002
6672,0x9d1105bf2cf91891b675938cb467061cc4f1e665,0.234739,0.00000002
6673,0x856aa6a15aa283eda79345e1682da42561601fed,0.234228,0.00000002
6674,0x86d573bacf83343ce408dcc23e3bbe4c2d12f441,0.233781,0.00000002
6675,0x717cf0d64ba6fb9077c6fc1d39394ab770978c14,0.233063,0.00000002
6676,0xadc2be713551a8166b508eed791c66fead12bc52,0.232206,0.00000002
6677,0xf594db313ecb03f4fe64fdd97f2180c3e16d9c66,0.231180,0.00000002
6678,0xa460ba00d68e2c97d6d87097e695e04e1823b74a,0.229559,0.00000002
6679,0x6b5ea1099ad57a514cc0877871efb2192647000f,0.227248,0.00000002
6680,0x5dac1917b92f9f6d7fe338acfe5d7b28b1e8064c,0.227134,0.00000002
6681,0x712869e688d974c0451b9d2a221f00edb5665f7e,0.227085,0.00000002
6682,0x03508bb71268bba25ecacc8f620e01866650532c,0.223495,0.00000002
6683,0x41d15e3322c8d5f4c6ff39aa2b9f296e43c1f5d8,0.222357,0.00000002
6684,0xbdac87a38ccbeb96dfd5714a6ab70312bb945ad2,0.221808,0.00000002
6685,0xd86a6447b97fe403442f39cc1b46391507c00203,0.221252,0.00000002
6686,0x6114c88c854fd7dc777d396f4ccf2de431d2dbf2,0.221215,0.00000002
6687,0xf5a25fdc50193c6064d0374c12454f33510c2148,0.220215,0.00000002
6688,0x87eebdc9dbd5d6e957d4ff1c5bc3c02e7ac1e02c,0.218972,0.00000002
6689,0x0c277eb75f9904c106dd839c9135e1dd42d64b96,0.217937,0.00000002
6690,0xe9f65edd4d0a7520eafc860af49bbe1535ffe8c2,0.217484,0.00000002
6691,0x03b46c4a74e77a7f5b65ee5a7a94fb81eecce9ce,0.217183,0.00000002
6692,0x85e463ac933505b09d14535a90b3caa1d36a5613,0.216063,0.00000002
6693,0x322ec64e23a20354808c0b40fbc81f1bf877a949,0.215584,0.00000002
6694,0xbf4e5aa0a7e0f016d9675dfb212b16e0bae4c551,0.215285,0.00000002
6695,0x911bbaa0f6a7a6b8e3ba8192c3f025d04c890655,0.212374,0.00000002
6696,0x6458c22c5761b628dc19ae6ccdcbaea297e2ec2e,0.212296,0.00000002
6697,0x7bb4e4fa60469c5caf9d616bba3a86767220bd3f,0.210709,0.00000002
6698,0x714a5b66a2a40d57909598ea6c202f3d34edd463,0.210418,0.00000002
6699,0x7cb733febc8aba4b468303258166e7faa0a6b598,0.210208,0.00000002
6700,0x31fc82269a2d0122ab3f06530f8dba4ef7599de0,0.209490,0.00000002
6701,0x94e7bc9ba49f7bbe1266faf612d647f0385c8b7f,0.209464,0.00000002
6702,0xbc2ad1e54b19d26ba18ad418b8917d8c70240fc2,0.205931,0.00000002
6703,0x0283e7a012342989098e53cec7fd56bb7102ceda,0.205706,0.00000002
6704,0x59b6f00eeb2546c841e2ed43a6b14f364793ae5e,0.204078,0.00000002
6705,0x45bea9eb3545409fc37ed44706f4e9765471841c,0.202617,0.00000002
6706,0x6d22c8a7fa7018ad176c53cc9ca0df69795622e9,0.202524,0.00000002
6707,0xccd9fc7cf48a0066db3b69b637102bb7b5648ad5,0.200396,0.00000002
6708,0xc46401b7b17b1adccd54fdc74465f8e2de2f50ef,0.200000,0.00000002
6709,0x591b2f581d75e7d78f626f2352e984f38f4bcc5b,0.200000,0.00000002
6710,0x3fccd3ee98828f712acff943650f2e818af3f3a5,0.200000,0.00000002
6711,0x95ef63fe9acc3e0bd5a44f4cd878ba730d93365f,0.200000,0.00000002
6712,0x123a41a9e85a4286aeb082052929aaebd0b622a2,0.199999,0.00000002
6713,0xea5a0514cc0b7ad227ac77bd86a68774696b5ca8,0.198980,0.00000002
6714,0x6ae2b020b127e4fab8ad0fc7fd92c5c2fef36fe9,0.198969,0.00000002
6715,0x98dc715ec64df938fe1a88f94027ab57988121f8,0.198863,0.00000002
6716,0x752ab663e05c3bb2d4bbcabcc46bde55dff7abb9,0.196952,0.00000002
6717,0xdcf36e642886619c712518584c2ef24117375d1c,0.196056,0.00000002
6718,0xd9c746b09f12fa1b1377cb1ba38f52ecd68af971,0.195957,0.00000002
6719,0xb64cf3b006d623211ba859f13911fcdd54d064bc,0.195500,0.00000002
6720,0xab7eb6d9af2262b134a46ab137a4679fd622fb20,0.193994,0.00000002
6721,0xc9ed5aa75c47538a5324f8442b9d6403873932c2,0.193385,0.00000002
6722,0x55cf32728aa910a8ee62ba498d602183de4109f9,0.192405,0.00000002
6723,0x6339f429f5d3d50392d8ef31a22b2f2740de3b54,0.191910,0.00000002
6724,0xee190b5beb2703a8087a02fab90bc9ce17b4ca76,0.190975,0.00000002
6725,0x8798c4f5ca849359adc908d33e602a4e86976240,0.190433,0.00000002
6726,0xb42a0e7ccf4fa59082ec9ea3c196806357474d7f,0.190000,0.00000002
6727,0x35ef59ade2ba99abe27cef10567e8b510d700d45,0.189415,0.00000002
6728,0x75d398b8a9113713269ace9ae13232ffbc719357,0.188358,0.00000002
6729,0x983d5e66b2f76339175397b874ee15123d13511b,0.186152,0.00000002
6730,0x312cc1f9871a72ebb29f8f53e77fcdafbb115b2a,0.185898,0.00000002
6731,0xa2bd8d2a1a4a55d700c132f6d70c86931470d38b,0.184988,0.00000002
6732,0x11d473632df74e1ab263d5da1271ae5f52caa75a,0.183353,0.00000002
6733,0xb7630486debb99ec69e07547fb6e6e2cb4d50e54,0.183087,0.00000002
6734,0x250b8beb183fe01166add031285ac37dbbe85ae5,0.182203,0.00000002
6735,0x8b02bad0ddbf29850383bfc5e3ea25f04c3ac264,0.181847,0.00000002
6736,0xf8f329ab014aba99b0b4ea67125bd4b6c8e5b86f,0.181708,0.00000002
6737,0x3a929ea036a0b8e1ee76a3eed1c72cc12801e17b,0.181403,0.00000002
6738,0x3c5248aa4342dbfa431cac3d1496cefff76af3ac,0.180000,0.00000002
6739,0x34fd707f8234f3ae937447dc3e166da1bd2c1adb,0.179446,0.00000002
6740,0xc52c30006820ff1361cab90bf6e21c38a7bb9f4a,0.179351,0.00000002
6741,0x6cfc601514ddbfc12d9741c7e80a717bfa6572c2,0.178092,0.00000002
6742,0x3d2283259ae0f2c0af881baae256f1dad1afb77d,0.178079,0.00000002
6743,0x7da809b47f7682e44b9b101f7c8610c54e561d06,0.177261,0.00000002
6744,0x1523bff7ef56399f7dfd6fd07a5953ff728f8afb,0.176986,0.00000002
6745,0xb6c3462312f7e5ece0a368726f6b7194f31bc430,0.175823,0.00000002
6746,0x77ee0952e601235960d01854100a05b0e706c175,0.174743,0.00000002
6747,0x5beb2e1a4a3b74f8ef94cc3cccf41768608e7f0b,0.174591,0.00000002
6748,0xe7503a307dd29924e0e660b327cd7b65f1b0810d,0.173743,0.00000002
6749,0x1721397e265a95f29f71b9f1e139ff089d8a7442,0.173073,0.00000002
6750,0x7c0d738d564ecff483e3dc242ef67b1004f67ca4,0.172536,0.00000002
6751,0xf78ef5d37e9d14d224755a1656880a7a5069c029,0.172000,0.00000002
6752,0x471056fb24ce2426331b0d94e76e6b3f289e69d4,0.171854,0.00000002
6753,0xcbae1fc19c0c4c56aa4d575105459a1308ca4f59,0.170000,0.00000002
6754,0x959a90c6f3088eee931bc1f11328766e9426b9ea,0.169751,0.00000002
6755,0xc137f44e35440611c158e409a7dd1192f97b2170,0.169460,0.00000002
6756,0x7ff1577bb9a36b0e59c8a5fc9a043b02a6434344,0.169312,0.00000002
6757,0xdcd51243e587575ce4fbad6f504dbec595d1a2a9,0.168697,0.00000002
6758,0x6ff78d7b07217b62a9079f506bc64846b2ab8418,0.168647,0.00000002
6759,0xe8d1cda5a903d1f3288bf2f1b9899d727309aba3,0.168591,0.00000002
6760,0x2386491b64a37da61b94fe0139bcf829300c473d,0.168033,0.00000002
6761,0x5bc716b15ed87c128c2999cd63894b21810a1b72,0.167752,0.00000002
6762,0xbf7a7b6300efef494cfe81f6c06818673f7e09d0,0.167130,0.00000002
6763,0xd26ba95d7daaf79a3318d4bba2afee4fabbbf3a0,0.167008,0.00000002
6764,0xe5f7eb6a3c8c6322751c42c3b15c1687dbbfa18a,0.166157,0.00000002
6765,0xaa0dbfa2db86e9f8e60b4a50fd1530f5598310ec,0.166141,0.00000002
6766,0x6fc9c9ff437d48710a7f6c08eb45709c4189fa4e,0.164434,0.00000002
6767,0xc7a52e9007cfecce103233ef7ce8f1465fc8facd,0.163261,0.00000002
6768,0xa77071fbd52f676a047dac623bf4d2f53f2b7e7e,0.163124,0.00000002
6769,0x3adbcd0f9fa43a57f5a526b48e275d83919d1250,0.162468,0.00000002
6770,0xf67828e778e31f3d7f92889e5fa005347e0c3ae9,0.161813,0.00000002
6771,0x338de8ecfdfa1c37b1b41210851b02fe2658957d,0.161497,0.00000002
6772,0xe7b5ff019bf91871f89ab28f15ba6183fb41db4a,0.161400,0.00000002
6773,0xaf418ee6693c800e75a44d4bd961602b1a3b99e0,0.159692,0.00000002
6774,0x5c7ca51d30cff8d5714e0e5b412a51c33eef8ef6,0.159397,0.00000002
6775,0x57a8578cf87b6e684be84e23784c7fae37992ede,0.157759,0.00000002
6776,0xb98c0e6f9d77804a7e6f28e6235810e4c2a33d2f,0.157668,0.00000002
6777,0x349ff923e8301d2c2f5ccc78a4657553f2635892,0.157296,0.00000002
6778,0x63c4a3f7c14866a45af055eb9f590dc75906c0af,0.156002,0.00000002
6779,0x6962b4c10a89374bd9f6fc6643f81d3cd45fe002,0.155200,0.00000002
6780,0xb025334dfeba16b0a3e2bf6019d262dc8e27f1c3,0.153726,0.00000002
6781,0xd6be916bc3eccd192cdee11ec9d5c4b6e809890d,0.153364,0.00000002
6782,0xddf5e3e64b47da0c459d1674b6243290b2d58c04,0.153123,0.00000002
6783,0x2c3b7d68a663256bde0814cd2925979b34e1ccf7,0.151703,0.00000002
6784,0xe20b5c14e7e11eb8ee5d577746a3ad740c3c8224,0.150646,0.00000002
6785,0xdcff661b43ef2514b01280b2bafc08737171a760,0.149971,0.00000001
6786,0x573a842ba7e6495d65672a366eb441062400449b,0.149830,0.00000001
6787,0x3432f3469bd08f7ca0641b5f9956323f2c230e18,0.149636,0.00000001
6788,0x70e132f79b3fa67d2111c98747d844a75ca61a90,0.147807,0.00000001
6789,0x6333413ae03e9b1f1c0432958dae064f468fc8a5,0.147002,0.00000001
6790,0xb39606bb0ba883a8ced21b7400bce8434acc867d,0.146924,0.00000001
6791,0x276c0de03741a45d5f38870a7e60b66b3df43069,0.146200,0.00000001
6792,0xe49686bd6c731afaa39681da944e471e51144e72,0.145852,0.00000001
6793,0x29a1444aeffb001316c3c1452765ba5a5ed7ad27,0.145782,0.00000001
6794,0x2375b56552bea2a5d9b865146d981acadf5f431e,0.144744,0.00000001
6795,0xf93063f19f893bfaad1d194f635bd467e5c2adfe,0.144519,0.00000001
6796,0x30c6d7b8bde9f5a9db2a8457167195fd2ea28a52,0.144393,0.00000001
6797,0xebe84208c4cb6e040b778746dac4a16f47804453,0.144049,0.00000001
6798,0x12cfce8c8541fde51333c9f6e28bd5fe2a61dfd0,0.143911,0.00000001
6799,0x8e1801b41e680cc9849d7d638bbdac0bb189c679,0.143571,0.00000001
6800,0xd0d8c50b2d18f8d3aa712526807875a0071eb18e,0.143476,0.00000001
6801,0x91392bedd6ca70ea43c4f6ba4e12042a96888f8a,0.143380,0.00000001
6802,0x471f123d314b8f6079609dfbc967f63773ca7b25,0.141777,0.00000001
6803,0x03f57e27e0dac99628a1954779ea408cc789754d,0.141613,0.00000001
6804,0x860a5579c0d28c1203dfde876b3544729086a08c,0.141062,0.00000001
6805,0xea06788274af166668499c5f489a73aada837e8f,0.139819,0.00000001
6806,0x4ee6bc431e93c6463072296f374aa5fc93b34326,0.136006,0.00000001
6807,0x99986bc9ca50124a0d3d1ce6a8ab8e5559bc9999,0.135687,0.00000001
6808,0x083965fd8e1d306e02d6927549f47e9038e3d439,0.133677,0.00000001
6809,0xcd42670c4c9bf020bed0e3d34d1c756688b9a0eb,0.133044,0.00000001
6810,0xc489a553dd33829f0187d0951d5b91267e362151,0.130946,0.00000001
6811,0x4592b663846b0327b9c00b16dc458f28811b0ed9,0.128879,0.00000001
6812,0x6d36fce33e283cfd7b2b5e224e135e0e45db1ec7,0.127260,0.00000001
6813,0x9a0373c2a9d921877ccfa6f467ccf70b6a424adb,0.126387,0.00000001
6814,0x78172c8525d23cee1a32e736274410f8afbd4b4a,0.125580,0.00000001
6815,0xd99d231edf57cbf7b9a5aa7dcecc65b065dbc87a,0.125378,0.00000001
6816,0x68ddc10ef7d438a1f9f1e6619e3aeefb81529dda,0.125139,0.00000001
6817,0xe2ae7f8e5f7d92ebf2bb9fa90da52936825c31dc,0.125065,0.00000001
6818,0x966b15346e6baf2167fa417673f93a759f4f2480,0.124486,0.00000001
6819,0x05b7f3cfd4d1e5d0a774487339bd3a4e52cf936b,0.123975,0.00000001
6820,0x18f328e4e03077f50b1367829e626e0b775af745,0.123328,0.00000001
6821,0x4e1aead345d46e81413901b9cbdd20fc9a25329e,0.122276,0.00000001
6822,0x0ce8e858a55f5beb2e6551e81ce0ae70c4f79b84,0.122214,0.00000001
6823,0x1cddd45bdd2cf82b54fa43828fbca8d9436af9d9,0.121646,0.00000001
6824,0xf04707ba30b883d9a7ef5511ab9ddb95125d5d57,0.120676,0.00000001
6825,0xf07ebe1b68cc7246118bed58b80dcc86b0792973,0.120143,0.00000001
6826,0xb3747c95bdf22f047b148d6bcfe8c8d5f92de430,0.120036,0.00000001
6827,0x096512aaf606e6851da83fee7b1cfab439c08ed1,0.119552,0.00000001
6828,0x8feeda73a861eedb1ea790411085a5e8fd7e29df,0.118669,0.00000001
6829,0xbf9611ea83bcb5fbe69266262b314260ddbe3dbe,0.118317,0.00000001
6830,0x29d3a25c7b91f28ea50236f75c4d7c38ecfaa84b,0.118065,0.00000001
6831,0x2ff18d8defc3c7b58484f7528eae52813f871fa3,0.117900,0.00000001
6832,0x3ae83ce8b616c0f07e6c3acb1682190b540dad6b,0.116602,0.00000001
6833,0xd2ea102ae5d132594a8dfb7667781be2abbdfa34,0.115885,0.00000001
6834,0xa9366a248d6bf427e9337d7f91a323490dd6b303,0.115756,0.00000001
6835,0xa4d8e7ab1e9d50ca85261b3d0494443b7153db18,0.115500,0.00000001
6836,0x004dffc541a8ea978a2514a8561aca683c88d18c,0.115298,0.00000001
6837,0x1de481d62b23dfd7f1fab79ffcc125bedc576715,0.114354,0.00000001
6838,0x2344a6d0c146de911aa8cbc45f119fc31a5ea275,0.112130,0.00000001
6839,0xa59820b8c95f86d2118d7aa9af59c24fab1ea7e3,0.111473,0.00000001
6840,0x9ac9996bdd91c6b1329e158fe60c4809467563de,0.111384,0.00000001
6841,0xc7620c61e6d0af1972ef8e7433bf4fb94b0263ec,0.110550,0.00000001
6842,0x9256c2322129612cae46da93e1e1f50832748e7d,0.110415,0.00000001
6843,0x2950c3615c68b828955f0baf9a59b1831975b7e7,0.109689,0.00000001
6844,0xeb5712928450672251d1db2b02e2476822a901ee,0.109149,0.00000001
6845,0x2df5631ee54df8c257f028de1ab325679bdde857,0.109000,0.00000001
6846,0x24a08896774eeee29d84410038f5ed8c1463cdfc,0.108821,0.00000001
6847,0xdd6eb85d7530ce5b8c4a7efc715fe041e080b320,0.108348,0.00000001
6848,0xa4d9802dfb825c30b2d22330388e622572ae9a1a,0.108049,0.00000001
6849,0xbf4a9e82a550e7b519ef01c66d63323d8c75ac7e,0.105060,0.00000001
6850,0x9d43bc9eaf8b6752c8e34a676b37b1d2dadeb11b,0.105025,0.00000001
6851,0x2687dc68f9e5f40a82fcd6f75b2f47e6b11864d5,0.104400,0.00000001
6852,0x6c2836b5f510685d52e35cbb714b6cad93ee025a,0.103820,0.00000001
6853,0x0572b5871ac5d76cbc0711e23edac6cb8e114afe,0.103354,0.00000001
6854,0xe9607ad88da32f0de707e7af074a5e2f43c9fae7,0.103272,0.00000001
6855,0x7c94379e6d355059006dbcc1daa0078a6055aefe,0.101361,0.00000001
6856,0x1ca4fa6b3768c0d2edc7e0b5f9b95e83621bbb9a,0.100530,0.00000001
6857,0x99f2d088847fb247130e580df8c3e1a3bd4e47fe,0.100212,0.00000001
6858,0xee9495f6f6ee548c6d441c366a7021a7befc4acf,0.100000,0.00000001
6859,0xc984e1f0c91bf40ce023c385a823d7fbd6a043ff,0.100000,0.00000001
6860,0x6320af0374468a49d493596ffea4c12295175c0e,0.100000,0.00000001
6861,0x4cd6fc203da02626b6c5356bb59ce85dcf2b5a2d,0.100000,0.00000001
6862,0xd117610bdb8ff8ac24933e79c1933ffddeaa93be,0.100000,0.00000001
6863,0x60ed97949dfb190df18087725b705e8bb213e9b3,0.100000,0.00000001
6864,0xdeb3b754b01fdbacab1f744b74fd5130eec40853,0.100000,0.00000001
6865,0x0e19a4fd5e5605d71745642f8266a2442d1640ea,0.100000,0.00000001
6866,0x0567f68f2d6ba2c7fe9ec61b70c632163e0143d4,0.100000,0.00000001
6867,0x7ed3a91b7741d8c83bc632e3fed5caf229b1bdb9,0.099933,0.00000001
6868,0x27ce7c5a7af04c9e112f1a353973f669aa5db0a6,0.099529,0.00000001
6869,0x2d549977d34f74405a16bde1b66f944153d8df46,0.099507,0.00000001
6870,0xb125d5ff99a0031446b10649a04ea7c6c11dbe7f,0.099204,0.00000001
6871,0xc7c4232728331f9591435858b327685f05372af4,0.099200,0.00000001
6872,0x3e0f19b546a2f76a13ed8d8187ecfca502f7872e,0.099043,0.00000001
6873,0x92f092d7c8540f97b61c28aa9b8c14c3e42922ce,0.098660,0.00000001
6874,0x59586e703bceb3bd9a1fcf46d55e4da4e16afec6,0.097852,0.00000001
6875,0x79553754c330d3c42a0f9074c70e7ab2debffdaa,0.097080,0.00000001
6876,0x9f1340d1ca0d7144b66847238236b3b6d359f87c,0.096777,0.00000001
6877,0xdf4d5d505992304a1298cc999cce5f8068e9dd18,0.096585,0.00000001
6878,0x7ea49b1bd983a84498dd74b5bf7f9085c21da3f4,0.095751,0.00000001
6879,0x936e05205899b39dacb2cb33cb902510221f9bc8,0.095663,0.00000001
6880,0xf162c6b99f371ccb1b5b5add58aec7953df6ece5,0.094799,0.00000001
6881,0xda910ef639c863c35ed36c02fe58e2f84c3f59f1,0.094781,0.00000001
6882,0xafd44fc2d823be28173abc4a35dd8ce7b6ceb0ef,0.094701,0.00000001
6883,0xeccfc343bb07e104efc29029d6571a1b631d4eac,0.094699,0.00000001
6884,0xf6893d0f7ba3b42bac65a5d4bff798d17e794e1b,0.094546,0.00000001
6885,0xc58601ddb27f10c7929610fbfa83abe565026555,0.093396,0.00000001
6886,0xd39e9ebc89f326c3ae491e69a902c23f235ee92e,0.092901,0.00000001
6887,0x327a60ab4df1b71145ab036486a5f35dd427a3ef,0.092863,0.00000001
6888,0xe9590ff7b914295405ddb19ef73d6cb2aa95614a,0.092449,0.00000001
6889,0xb758e98c2c99883353d2ab34c4d7c550e4871aa9,0.092447,0.00000001
6890,0x09b61a0cf1511d491b948dbd8d99a41992386173,0.092359,0.00000001
6891,0xa2279e085c9709ad433edf8e8c5fa69e4b8f4f2d,0.092169,0.00000001
6892,0xe5af7f18724e82f39cd4a6d0bf072d3c09b6106c,0.092154,0.00000001
6893,0xbf6e79a2fc0ad4709ccfd36c2aa2ff583ece0311,0.091983,0.00000001
6894,0x0c53e2da696edbe049f87aa19f342bf5de3616c6,0.091844,0.00000001
6895,0xdda94f72f4ad1c8b0ddca8dc256fbd126d33d712,0.091596,0.00000001
6896,0x38d01d4e3b2a5b7d743121e9669a6749037122b9,0.091541,0.00000001
6897,0xdef73d39e92934c6d1d66b8e4867c17d615f1497,0.091522,0.00000001
6898,0xc0ea5bda420a40e1ae35e4858164d6a635f949c8,0.091470,0.00000001
6899,0x277d09ccb9a5223073e78d0034c9aeebdaf212bc,0.091464,0.00000001
6900,0x9a9400eab8080cc446a457d6a7dc7e47e3519019,0.091365,0.00000001
6901,0x8d61732cff21d667984dcb4b61f7bff8486cc81a,0.090000,0.00000001
6902,0x74d32bd40b585543203b5b7c9e3f0d086c18130f,0.089962,0.00000001
6903,0x0d50685a63df4f0a9a13228fd360d15e981b2d25,0.089958,0.00000001
6904,0xb586846e58f9f80069ba2fb2456bab1f02e92477,0.089913,0.00000001
6905,0x1ae8e62b89811de66597372418985c6bfccc5682,0.089600,0.00000001
6906,0x4d0e3647b67caa4f8ec11ae10f6b0d5b2057fa3e,0.089007,0.00000001
6907,0xfd2bfa5dcda1c329d93ae7aa2fabd15452ca110a,0.088637,0.00000001
6908,0x7b57363b10e7bdbe3dff8c75d05fafd55ec4062a,0.088370,0.00000001
6909,0x0332ee53e7299f913229a2585dfb7867b2518a0f,0.087438,0.00000001
6910,0x67b9e974ab3064448db1129b3483760a9096d629,0.087377,0.00000001
6911,0x74b6ff3fa339226a8f0ea2f7a4f9d57da4261c3f,0.087349,0.00000001
6912,0x1756dedecc3c45450c1e5a022435b4bb077eac45,0.086725,0.00000001
6913,0xde149980deccc6b7897b234b36dc9e465f44a335,0.085718,0.00000001
6914,0xda7ee6f0228e36dfe372fd7f7cc08b5475ff9a09,0.085160,0.00000001
6915,0x5f4d230860e5b70fff3d1c30eff8cfd3bd394f12,0.084158,0.00000001
6916,0xa038ccd33159d431a85bcd34f9094e5c55b54ea1,0.083935,0.00000001
6917,0x7a9750a39af2efa941a3ebe9d01daa639d2d785d,0.083635,0.00000001
6918,0xda904f41bfacd0d26ffcb950c4617f59a5f961f0,0.083472,0.00000001
6919,0xdf1393dec208926fe1a5069181948e2db9ebd124,0.083027,0.00000001
6920,0x418db6c9e4e257f451753f8f7a9b8e0f563c5ccc,0.082913,0.00000001
6921,0xdaf5f6939efdd7d153b6662b4e75a7ec3a8809b2,0.082713,0.00000001
6922,0xb4c5573baa387a7d7b60431b675c8b3f7af55416,0.082406,0.00000001
6923,0x096d49331f5d6bc4c2d396a785c14ce7b02ca300,0.082368,0.00000001
6924,0xb837c86126afd947f9eb20253810bb4b9a906109,0.082107,0.00000001
6925,0x1c3944173abee256456b1498299fc501ad5bbd6f,0.081556,0.00000001
6926,0xb090f8b49470c93081d0e38517a673c536a25303,0.080524,0.00000001
6927,0x2f657d526d4cc975df350333b419d80b8a62344e,0.079231,0.00000001
6928,0x3776dc6e6c00c7a093e2d1dde832cf59f3c0aee3,0.079010,0.00000001
6929,0x4d2b2e2643e34beee9c9df633702ebde8a969ff3,0.078884,0.00000001
6930,0x207d67753fd88622a118f9867dd04e0e27cc3268,0.077457,0.00000001
6931,0xaa2c3abe4526aaad2a0d02997765002a8b923762,0.076991,0.00000001
6932,0x9ccbdc07a52a71acbad895e4b78efb5a9a95060f,0.076700,0.00000001
6933,0x29affb5348d30008f09c35d3f3eac9027a25f9de,0.075568,0.00000001
6934,0x34163651b957480eddbfbcccc57e6188d2f54ab4,0.075261,0.00000001
6935,0xb2adc0aea3325edb17ba65cef2828bd4b012618c,0.075243,0.00000001
6936,0x403ec6341085a962ef754a06dc24ed3dbf88d6ac,0.075207,0.00000001
6937,0xd4d70963c3276d4b6d943a42ad59364e6895679d,0.075135,0.00000001
6938,0x6a28f9e6ab9fe15372270bde1567961b621fde42,0.075046,0.00000001
6939,0x7320b08b56953b9795fa7d50aecab533e7ec33cd,0.075045,0.00000001
6940,0x09ba7fef9d3acd8ce2e4971bbe3219e5f87a497b,0.074864,0.00000001
6941,0xa556fb07f4f6048b086c8a13001421ff71cd8c87,0.074627,0.00000001
6942,0x15f31e1315196a104eeaef2d575e327fbe9c7fff,0.073465,0.00000001
6943,0x9f5c35c78c3cc0500842f5c11bc8c5e676c18e08,0.073166,0.00000001
6944,0xfad4c8f1e71e4c56b87733bd916ff7cff46c6c29,0.072985,0.00000001
6945,0xe856cd714998279c3a34a5fda502c3e71446843a,0.072639,0.00000001
6946,0x7e7df6f60581f13216c5e6fcfc5643b9f4261750,0.072501,0.00000001
6947,0x6378457208561584c2e4d5b2dd90a4b0c20043ff,0.071754,0.00000001
6948,0x185257c5a037491a01dd0f0fd8050577bc63fe1c,0.071603,0.00000001
6949,0x52817f455bf39ebbb12f4308ad1fb2ab3b4cfb60,0.070692,0.00000001
6950,0xb58c45a39ab7fb62abd11a648bb322f5c5c067bd,0.070648,0.00000001
6951,0x3dff980f8f12c82a16781c088037331fb6a8d5cd,0.070549,0.00000001
6952,0x25b1913156c7ab5161db6bfe5c93b1b07e540c59,0.070414,0.00000001
6953,0x950dd87feca0606b2b5ff182088724584d8abdf1,0.070320,0.00000001
6954,0x5ca1e239c70fee12dce8725a91532af8a3d4a1df,0.070000,0.00000001
6955,0x0d12df34dd0bece344d78432af61089820ec8ff0,0.070000,0.00000001
6956,0x50f3122055a2931fff837ded5421681829bb0eca,0.069755,0.00000001
6957,0x0df616f282763cb95858b3fc9a08de7193f6ba31,0.068812,0.00000001
6958,0x182e6c6bfc42602f7b9d99dfabd023c9aca16dfb,0.068372,0.00000001
6959,0x650227ae49d31c0b7b404c2e048433749eab6190,0.067398,0.00000001
6960,0x4a00d2e63732932d00f3005c006141fe85000000,0.067281,0.00000001
6961,0xd52076870bcb786e7f1befbe58504216bdbfcde4,0.067110,0.00000001
6962,0xbc51e055ff7880b60fba1533ccffdedc5ed82dc3,0.066496,0.00000001
6963,0x3857bfa7ebfbbf2fe310314cabeac497b26967c7,0.065559,0.00000001
6964,0x90a7fda5498dbeb7c82ade07e0ad9ea5fcaee7ea,0.065519,0.00000001
6965,0x2f496d47378aa37909cedfd5339b231879b6ce04,0.065194,0.00000001
6966,0x8e247a480449c84a5fdd25974a8501f3efa4abb9,0.063700,0.00000001
6967,0xed6d8d6f1625453bfed08902e08b0df77c869f93,0.063245,0.00000001
6968,0xf165c360409f65f62d09375bc34f7d08b8456b92,0.063211,0.00000001
6969,0x30e5d0c6bd12577a84b1c3e4125e16426ccad6a9,0.062825,0.00000001
6970,0xaf54171074cde5c1f0685afc2628e819ee9b8125,0.062524,0.00000001
6971,0x8063d4faf54bf8c898dc6ddc689c76ab12b4614a,0.062252,0.00000001
6972,0xf3b4ade14d14504dd2520a0107d04cc3c0b8d4f3,0.062178,0.00000001
6973,0xbe443b8c846d6fe801c74035917d0469e6a3bb95,0.062000,0.00000001
6974,0x1a5861a1d957e24eafb5d28111e593bd118f06c5,0.061923,0.00000001
6975,0x2918ed1651a18c92957503b078a4e3e6428eb69e,0.061073,0.00000001
6976,0x061d986dccfbb3d486f8be3af66a5713629671c7,0.061032,0.00000001
6977,0x9c17527142f5d8c89c093f2b6969f2debcb05a39,0.061000,0.00000001
6978,0x51f1b09a35304f7cb7ef55430eb8d5e7bf272189,0.060809,0.00000001
6979,0x17911f94f6d592e7bcbc583966a0051dda81ec2a,0.060777,0.00000001
6980,0x35c1f4202a0f7e1cd0056c1951e67f732769f390,0.060663,0.00000001
6981,0x2527b2672c85d2374500cc0a3b09193e122ee5db,0.060122,0.00000001
6982,0x89ff6ab26516d7eff47f958ef8ba0ade38351867,0.060000,0.00000001
6983,0x37bab29dafe65278552bc74adbbabc15904b5502,0.059808,0.00000001
6984,0xeed5fd3046fa0a33f527e8ade3ae13e80629d436,0.058793,0.00000001
6985,0xaa857ecb206ff3eed7f3045ec66040ef3caaa0e4,0.058177,0.00000001
6986,0x56e83f113d61f2fcd352f796dfc82026c68d94a7,0.058036,0.00000001
6987,0x9bdeee36bc8173571ce89550589d1a6c4ba8803f,0.057604,0.00000001
6988,0x2781d64c4b50937475d50d1f0dacf0d011a5e5d0,0.057463,0.00000001
6989,0x2b018ca7dd2bc0297d55abc6ba9515844c29b6b5,0.057162,0.00000001
6990,0xab4c10ac97d7aca8cce0ae4235a950e78a2fd7af,0.056919,0.00000001
6991,0x1e3fd5436f155723733d02b7a20b2d9486f80ca9,0.056721,0.00000001
6992,0x6370b5fe32f2a269991ca55593fec70db537eb02,0.056703,0.00000001
6993,0x9b82ef38c3a7e68e0379d640b9a7a4f3ecf82617,0.055550,0.00000001
6994,0x874cebe71a16b87ce0b1bc5812d55ad00fe2c60f,0.054475,0.00000001
6995,0x3a9e5e90b35c13f271b4fc1dbdf3becf7b37ec69,0.054178,0.00000001
6996,0xd97c3d4e6f36d0aed73cf3bc83d38b9ce4ba91bc,0.054042,0.00000001
6997,0xc9c630e01105cd747d1e95a1d13d9183a0d7dfbb,0.053781,0.00000001
6998,0x921d810da464ca4a083845908ace54b6bf8f8a92,0.053637,0.00000001
6999,0x3812d5442296baab9a1bd986363f122e74c606a3,0.053509,0.00000001
7000,0x234b59d667f589550a2fde8ab0d747946c203798,0.053341,0.00000001
7001,0x4851178f6aaeecc7f9a5e90aec2465d790c29db2,0.053247,0.00000001
7002,0xe6347551189d9a593cbd59b3421ce7bbaae7738b,0.052963,0.00000001
7003,0x7b9071cd4aec4788e6685b78af07134fb03f2b26,0.052640,0.00000001
7004,0xc40f42368d333416c61e70a15d4c02ec1ae1db11,0.052237,0.00000001
7005,0x204b26a5e59fe92f393f5c1a350620e7b17a91c2,0.052230,0.00000001
7006,0x280bcf5cab48229f03b8e9b214cd8306cf039d50,0.052142,0.00000001
7007,0x9c3027bc0260f62422f194348d65b340a8c67743,0.051925,0.00000001
7008,0x207a58407869dd6f68b6257cbed038023f2f60d9,0.051646,0.00000001
7009,0x1ffac3385a0bb59011b195f8f7ab0aa8429abc01,0.050822,0.00000001
7010,0x532d69f5aab1d7e38a5be79447c36262dd5719e9,0.050570,0.00000001
7011,0x4f9f232eb360d3561cff47eccaaf79ca1723d604,0.050557,0.00000001
7012,0xec864ec5e74a45c3bdb8e8d5d6393b7584997f12,0.050150,0.00000001
7013,0x7ed11783b631c896616bab9bf47a3201e5e41c04,0.050014,0.00000001
7014,0x8aefb576ec15f456a0dcdfeed56b72b865ee89fd,0.050000,0.00000000
7015,0x7e0592461244b1c9e65f1016ff251b8aa3d482b7,0.049919,0.00000000
7016,0x8e1a4ff101fc5dc0677f1ee4a8b6100af7738c9b,0.049696,0.00000000
7017,0x3e3c4c21c9bbab6ce53ace9a5ad068ddae3c55a7,0.049351,0.00000000
7018,0x1c81309e4d2baa52cd46d80f20fa08ea381bb4cf,0.048451,0.00000000
7019,0x84fb4bc276f21126ad4f1e80137378d498563b2e,0.048184,0.00000000
7020,0x352ef97382718359c9e1601ae33610c2a30d8dc9,0.048152,0.00000000
7021,0x7e6f5e16ba156ce28861abbd7aabea2c7f1a70c5,0.048123,0.00000000
7022,0xf878bad459fc310622bb0b60025b9b60b787fb79,0.047752,0.00000000
7023,0x3cbb9e978c273bc66e220ada0cf830b2e3545a2f,0.047552,0.00000000
7024,0x3a31e31d21b05e7e0cfa0f6af75f0abdf3a45c0f,0.047427,0.00000000
7025,0xea236de7300b5c32e25f2f361a63de48f0c1f2dd,0.047270,0.00000000
7026,0xd9a0243b42e7c1308bd3af04f2d5ddc7c98c93b4,0.047153,0.00000000
7027,0xc0b33b79a379a8260a6137f67616a895fff5243d,0.046955,0.00000000
7028,0x013b8c9ddb1713e78572cc1f7d9af69290f2a7e9,0.046951,0.00000000
7029,0x3426316b1eb507bf2bdfe37b97c7e4456cb8b49b,0.046726,0.00000000
7030,0x6555426a7bdba77880a342329097fbab9fb034e2,0.046589,0.00000000
7031,0xc74337d4f681f19ed1c0ea95a168f2fc86310caa,0.046541,0.00000000
7032,0xb4d0eaa203c47652842cb8cd004c3c0512299297,0.046176,0.00000000
7033,0x796b7dd728d741b7a1e9011854ffd8b0f577781f,0.045841,0.00000000
7034,0xedc69e86ddb4d9f126424074499251dfd3515c2a,0.045765,0.00000000
7035,0xbeaae40b5fb171338a28293f88914de9375f6271,0.045371,0.00000000
7036,0x652e3ecdf2a3349867b536b7d09ab5a95376af54,0.045355,0.00000000
7037,0xf8c28eb904fce4c6a60862b56b1b2946bce6ecf2,0.044844,0.00000000
7038,0x1b60982cbd9121f884a5a51a01f024721813703c,0.044755,0.00000000
7039,0x556a9be9630d66dadae6712fec408060457bd5c0,0.044555,0.00000000
7040,0xff70a2e982dc782fbcef6adaf954e5f1692858da,0.044555,0.00000000
7041,0xb8f90468a0ea4a9dae9e367a240accbe74f1c3de,0.044356,0.00000000
7042,0x1aa4d39d43825635e22d3af97acca25cb04b3439,0.044351,0.00000000
7043,0xe030336c9cdf94f654d9d75ec234f0f1051b721f,0.044156,0.00000000
7044,0x8fefc8dd65fa33901efb9b86b34975cd99fc861a,0.044126,0.00000000
7045,0x49559566a8d8d253fc5f7127a418d8e499170086,0.043956,0.00000000
7046,0xdbc743a818981bc9c6c9ac2eb907ee2fa0e4b35e,0.043756,0.00000000
7047,0x26a94decc0da1c7bd8de571be4b8b60344cd2095,0.043693,0.00000000
7048,0x97fda718ff6a8da981fa6b180bbc0fac289f688c,0.043556,0.00000000
7049,0xc90e3db9746a5109175da11dc7ee6122b6e31a6a,0.043556,0.00000000
7050,0x2fa6ad365393233fa361abad0291ade1faa6564b,0.043556,0.00000000
7051,0xf9d33a95ee41435246ffd689e6492f4c2962095f,0.043373,0.00000000
7052,0x59e586fcd68d6dea98300a25c480e38fb1b1e739,0.043357,0.00000000
7053,0xce8b0d8949d705fe24b95bea70b41c837c3e75d3,0.043357,0.00000000
7054,0x322f78488ed09b130831a947768459b45fcf4a84,0.043157,0.00000000
7055,0x33cdafa2bd8526ad5e48b7444a17780d51044453,0.043157,0.00000000
7056,0xf2b5df3c602ad738ffec5dda0e267569487d5b5e,0.042957,0.00000000
7057,0x225fea71af6cf26fa87dab082201689ee44d2814,0.042933,0.00000000
7058,0xeacff341c0fda9bf0f1658200b44f19bbcaf7777,0.042557,0.00000000
7059,0x714f9bda971395eeeecf5c6d7a5bc3bf68ddb15d,0.042501,0.00000000
7060,0x6bfe5eb03579e86eec5aaeecf3a79b99c081582f,0.042257,0.00000000
7061,0x5c86ee3d7d85636c731911864a21d42518f395b1,0.042158,0.00000000
7062,0x0a09256a28c4d65d8015e8c8ee768b71fb9dca74,0.042158,0.00000000
7063,0x8fb6d7f065058ceafb4ef52797dae7fd40d2482a,0.041958,0.00000000
7064,0x921badc064a34ccabe3103f3295856572cdd3bb0,0.041817,0.00000000
7065,0x2783a96b4a06314a8e56edc60500648df8155cc9,0.041499,0.00000000
7066,0x8585d54855b6017b68862b6217132ccc3f58d90a,0.041159,0.00000000
7067,0x215a04b68e8b74f2dff1033bd5f5848c942cc007,0.041050,0.00000000
7068,0xff57c51f4d62287b7f5f2c52469f5581a1e242a1,0.040959,0.00000000
7069,0xe10ae7f70619dfc3983ed7c9e231cf135ebe8f2b,0.040481,0.00000000
7070,0x23677c50880200c546a98dd845b5bbdc25377218,0.040400,0.00000000
7071,0xf9f65d17169f273a71b5f87a07b6b37a78a1aa7a,0.040160,0.00000000
7072,0x2d0c280a8fe6bab7726a090d8ba47dc73e5b0be7,0.040000,0.00000000
7073,0xae342bc1ddace51f674151633f9fb3f52440e961,0.040000,0.00000000
7074,0x3d76310f82d9f7060aea728337b96f85e194d0b9,0.039936,0.00000000
7075,0x7c86e720df6f67d9d343e6c650d57a00542e0130,0.039898,0.00000000
7076,0x08291a8300338e7a74ae1c867bb4ce5afb91d61e,0.039760,0.00000000
7077,0x6b2d67881b8bf6d66b2ab480bc94b2aba10b9c6b,0.039569,0.00000000
7078,0xcf5540fffcdc3d510b18bfca6d2b9987b0772559,0.039439,0.00000000
7079,0x28485401ade913aa554bbd0dc59f5e63c4d3965e,0.039361,0.00000000
7080,0xcd3b8b6c82659cc79e3bd336073bfd446e3425ff,0.039161,0.00000000
7081,0xb1c8ee42653738cc478a0f5f3c70c9ec4064321f,0.038935,0.00000000
7082,0x54565a0ee7da75fc7934ed2d6010e8aadd710ead,0.038761,0.00000000
7083,0x9ff83d54b3864a660e596bc8060cc1dad1b62dad,0.038622,0.00000000
7084,0x8cf6d3eb74da9e339a38f193e3fb267000ee9cdf,0.038558,0.00000000
7085,0x4f48563bb62929298061bfa634fc4419553260ac,0.038162,0.00000000
7086,0xe5d6b8e2fda50ea1be9c3051231ac721145f7769,0.038162,0.00000000
7087,0xb48a9712f7f1621de076ab74c07c8f2da074e0d7,0.038162,0.00000000
7088,0x050ff0862bbb6c34fa3ea657c58a1607e05d3610,0.037962,0.00000000
7089,0xec4f94739d5d1131e2406eb23a92d3072a22b084,0.037762,0.00000000
7090,0xfb6c951b26048430e35e02553d25994ea26ed528,0.037562,0.00000000
7091,0x8aed95aaa569bbdc7317a0224335abf15b964570,0.037510,0.00000000
7092,0x251adc77c3ed5056e4582d9ebac97c11011cbbe3,0.037163,0.00000000
7093,0x9df8c3fa3b9ae45e66de5528e9f89d593034b076,0.037125,0.00000000
7094,0x6aaf223f00104486ff2631e3ac9dd9c041c79076,0.037056,0.00000000
7095,0xf57bd60557ed46c2e1ae039d7024cb025000a274,0.037044,0.00000000
7096,0xda892c989d07a18b5dd3f392d949f00df15c5736,0.036986,0.00000000
7097,0x1797022435ad2de1dd14aeb974559aad89d9bb3e,0.036963,0.00000000
7098,0x9702f875b72b17e16880bfb0bcb28c609105cd64,0.036951,0.00000000
7099,0x93d8e2786a6f1cf482827b721e6c4400808dcc9e,0.036763,0.00000000
7100,0x4c67503dce86ec56a6fed93f0ac07d5db93663bd,0.036763,0.00000000
7101,0x7e25869765efd3020b6b972bb0eb33482a6f3949,0.036563,0.00000000
7102,0x684d10e74ecbae6ffc80a853622fd20405512fc1,0.036364,0.00000000
7103,0x1508ef382d4f1f782e8121112214d8869fa30668,0.036211,0.00000000
7104,0x9bee20672460031c22ad862d84d168046f9afedd,0.036211,0.00000000
7105,0x76a8e45ea03e983f8abc9e84f313ff4bbf717ea4,0.036164,0.00000000
7106,0xa4e27fb265136e801cad4b35b088154f9af3e96d,0.036069,0.00000000
7107,0x66f72a64b95e5a6368504b83bbc45b76d09b5f8f,0.036008,0.00000000
7108,0xa716d6c9bde181b8bca078544927584701634256,0.035964,0.00000000
7109,0x6a181019a42a7f9391ead866016cd92d689c1dd7,0.035945,0.00000000
7110,0xf51dd5b57961091f7a57242df8c58731610d7477,0.035945,0.00000000
7111,0x7ffcea20128cbcc6078b0e281c37d134dea967f6,0.035754,0.00000000
7112,0x3fbf2d5d49ca44ab58b2b6c481440cae5b11b334,0.035692,0.00000000
7113,0x8f852f12cdd2a39b9a88bcd2f609a9f6210443b7,0.035557,0.00000000
7114,0x3452de18488e91d9582ea85105e5b46a5e6481bf,0.035540,0.00000000
7115,0x44676d0d4a0989046122984bcf57afc026573215,0.035525,0.00000000
7116,0x3fa53cb75a0cf57bf530e43d0b5be500bf3081af,0.035510,0.00000000
7117,0x80aead0e0e9fb6033f3dc573be5243818138a165,0.035489,0.00000000
7118,0x6a1c688079e8ee43ca497c21f395bb7337145b16,0.035473,0.00000000
7119,0x6eb8f69b5a5afd80ffaf34a88851a4cbf78b0f60,0.035365,0.00000000
7120,0x1a668a242349648e0a2f16eda6d6e6b1049ce391,0.035196,0.00000000
7121,0x53a1843fcb29fa25bfcff608c5cbddcc49eb3e80,0.035168,0.00000000
7122,0x754668347865aaab5e956cd12763c9909718e330,0.035023,0.00000000
7123,0xce3e5c3f28b75971b69476bb257181101c857410,0.034965,0.00000000
7124,0xb22337629391d9fb1cfeb50101ef703ac0929d54,0.034965,0.00000000
7125,0x20d43786d8ae4f3c367e05f9102d3d8228912289,0.034765,0.00000000
7126,0x900341ab54edb1f4ec154589e0c1f30f66d0c2f0,0.034599,0.00000000
7127,0x14dd049f31c146a48a66b6db78204d19c19f3cb7,0.034565,0.00000000
7128,0x2d5f82a274229355e363c28616fc554ea49aaca7,0.034472,0.00000000
7129,0xbead37fd507a1c1df4359c1bfed5c5ee4787bad6,0.034372,0.00000000
7130,0xcc8f163453670296f5717e50dfc126c1d5f9a6dc,0.034195,0.00000000
7131,0x4299f794fafa23e7e8f33ee8ee59ad2da62fd106,0.034179,0.00000000
7132,0x82d9a407f99a95db4671e7021d625cbd0787a407,0.034111,0.00000000
7133,0x28991b8df6abb14f52aa9488baa48994b6f6ced5,0.034101,0.00000000
7134,0x94dde7a84f7588e69cf07f8c1e66c86d165f0729,0.033966,0.00000000
7135,0x26cd4fcd07b2ecbfba3afb62e3b558f779ebf3ed,0.033566,0.00000000
7136,0xf4cdba5bcec26039924730955df0bbb465599525,0.033566,0.00000000
7137,0xe8581ee7615dac0cb0efc330eb8af73b6e3f9b1d,0.033367,0.00000000
7138,0x8205e1b29f94a3496b35a7d77ee807b0b91b9afc,0.033167,0.00000000
7139,0xcb8f9a08d528370dad128556b2a5a650c30d0ef7,0.033167,0.00000000
7140,0x8abee38ad477bf4d4fcd31e969ca546f192a2357,0.033063,0.00000000
7141,0x9a20b2af6f6f04d8f00a708ca8369a7c18de21e4,0.032981,0.00000000
7142,0x8ee9a0b4cf8a67d638c0bd14d43b0e634dba5545,0.032967,0.00000000
7143,0xad20bb327644179fbcee4d0361747c82cfb1b271,0.032567,0.00000000
7144,0x5d9f601224a23829630dd1be9c2b9e03c5084201,0.032567,0.00000000
7145,0x2eb4f9cfe15725547203f58de2ae9acfba80645c,0.032356,0.00000000
7146,0x419480b79da2ccf0cd033f353b1b7804f8ceda06,0.032241,0.00000000
7147,0x30bbb77d5bb906a24f03c4adeb72587ec1fca840,0.032108,0.00000000
7148,0x2768d95eab4805a0ec067217fe78dac345d56b84,0.031968,0.00000000
7149,0x2288d2f84d83b1ab72ba60b414131ab09e98a856,0.031768,0.00000000
7150,0xc1954ffbdd1cd8495454474b667889576fe763e6,0.031711,0.00000000
7151,0x085196df43ca84fea490ee18798a8d0985814e7e,0.031482,0.00000000
7152,0x39d0ef8b916ac2ad9c2482908641d5ddfba54aae,0.031479,0.00000000
7153,0x9e6683a05f7876ef4b20965427c9eb044aa1f63b,0.031164,0.00000000
7154,0x625a087d531cf38a0602b2d4c2eb08acc707238f,0.030969,0.00000000
7155,0xfa57952a2ec8bb83cf5760d9bd21aa211d857b62,0.030769,0.00000000
7156,0x01eb561315d947275b7551dd98fe81af41bafc3e,0.030765,0.00000000
7157,0x35340fb3487a6879add3dd9f7076596ce15b6c01,0.030613,0.00000000
7158,0xb47756093c1f81f51c6b74cee53e97b2422e06c4,0.030603,0.00000000
7159,0xc0c00890017f44a67d2a2c5fc2a9ca18b38dd505,0.030581,0.00000000
7160,0x2fc33b88d9c5ab0ea18e4fa57f87415c30e85a4a,0.030561,0.00000000
7161,0xe66168866566ef31280a9f07a426553a9bf648fa,0.030509,0.00000000
7162,0xe0cf2c76bb670d66d879fb857f595100753379fd,0.030435,0.00000000
7163,0x1b5072d58a4effe66d92405be8b2264875d80b4f,0.030365,0.00000000
7164,0x1b7c30374e5a6a71d4819f2f807ca9ea59c091d6,0.030256,0.00000000
7165,0xd8a133f121948fb994382e316d5dae04c2dd4c16,0.030100,0.00000000
7166,0x86d956bbd0ba3dbddca089c1049cce7cc5361acc,0.030026,0.00000000
7167,0x4c707e98ba763efd49371c1852a38de8b4ea5e65,0.029570,0.00000000
7168,0x55557d5a08ce31fbb435926f535c14dceba9bd54,0.029554,0.00000000
7173,0x2b3c96c1efe3e7a6db2248c90af8954c6b399da6,0.029500,0.00000000
7169,0xddd45aef4344ef8c71fc58432a8ff7d714f750ae,0.029500,0.00000000
7170,0x93aea8958b3e666569fc75a3002fd1437229b550,0.029500,0.00000000
7171,0xb82b3e797e78dcd8bee580359b26a8a06990f48f,0.029500,0.00000000
7172,0x1fc2ac2cebb2a18e73495e9b9ac3a78c042b4922,0.029500,0.00000000
7174,0x5e57954a1531e9a31c7fc5e7d3eb82ddf9c2b07d,0.029224,0.00000000
7175,0x584081e2b5004f2ccdda4d03b3faa03973ea9853,0.029141,0.00000000
7176,0xda453ed34d59eda6831fa32ab1bacbdabea1d409,0.029115,0.00000000
7177,0x5f0ac385dd2695de96cac46732dfd8b77bc7d7d4,0.028971,0.00000000
7178,0xcd675dec252882306f271c983570c6451d39b48e,0.028912,0.00000000
7179,0xdcf4b4e817d96572ccb986eb569b3644922eeefc,0.028903,0.00000000
7180,0x3c7042d25a926e4813d8137830eb576ba06d7111,0.028771,0.00000000
7181,0x05e7c72498fdecf1c3638b66af2740adea8d7f8f,0.028400,0.00000000
7182,0xe64f27eec796419c060ba91d1f15af7aae590bda,0.027954,0.00000000
7183,0xf8344bedc9530d29597a6e6ac3e16006fe91ea2e,0.027830,0.00000000
7184,0xf3da014daf1e62b971b369717baa9f0c9ac175ad,0.027786,0.00000000
7185,0xaca7e9529e510415c3b18f71b2d58303d47cf90a,0.027728,0.00000000
7186,0x0bcd51f17fd57d23355600f886dc64a3b17a6653,0.027255,0.00000000
7187,0xf67179c54081eca81c5297d99b0ace8a8bc2afbb,0.026658,0.00000000
7188,0x43b1934d792ae58e40c0443af19fd66f90d0b382,0.026183,0.00000000
7189,0x8e69fb74ea2d80f867e522ea17033e6338288406,0.025660,0.00000000
7190,0xf88b47c689363c338ad6fe625d436d38654143ff,0.025581,0.00000000
7191,0xd3600f44e54cfce206713b6bba5f4e36ead55190,0.025468,0.00000000
7192,0x9f622808bf07f0339f7c692d2a5f6828937871d1,0.025404,0.00000000
7193,0x4355b547790c76695a157cce7e15d23a3f686cf2,0.025256,0.00000000
7194,0x23e9469f06134dd9a2ee0405e71a874f233edc90,0.025160,0.00000000
7195,0xa367bf5f7ca02bd210e09cc8be4a14b994cb7aef,0.025001,0.00000000
7196,0x44f063168752e4b10ce3367f971f17da1a1a36a1,0.024775,0.00000000
7197,0x320f14dfdf5c08358eaa37c951665ad8a0a11bba,0.024575,0.00000000
7198,0xfb0fe8c89504d50e6bb182f1ab1915ffc9b20872,0.024385,0.00000000
7199,0x09cc55546d820491c77c29cce5fdcd42128c8ee1,0.024342,0.00000000
7200,0x269942257927af07fdfb03b5fea6efb8649b4b41,0.024302,0.00000000
7201,0x9631288f4050f7cfbf77b77f8540decf6cfc7012,0.024278,0.00000000
7202,0x12c280ee47ddf0372b86e29a7065880108895fe7,0.023810,0.00000000
7203,0xdb7e398a60d6b3a4e7d40dd19331adde48074416,0.023709,0.00000000
7204,0xe4cc25d547f5f97165a6271ecdeba03465fd3a82,0.023459,0.00000000
7205,0xd720151e84fe0310b42a1fcc444a6fa6c149ce99,0.023379,0.00000000
7206,0xdc5b284fed34fcffbc8f491224109ee72ef48d3a,0.023334,0.00000000
7207,0xdefedeaef0d7a6e5d6fc2378b5afac7a0ff7a0a7,0.023158,0.00000000
7208,0x46b3b13cc94a4aa3e1dc6770f913cdb0446c14c6,0.022611,0.00000000
7209,0x18583067681db0bd55fc66534f7308bd6c3a76b6,0.022499,0.00000000
7210,0x527696d3c24de89b0a43ed35874af0146167c43a,0.022463,0.00000000
7211,0xa0ea2db57ad75483f631891c59c8ec8c35e57bc1,0.022461,0.00000000
7212,0x1a5801e1175679b8fec4846e9917c0eb5637fb7c,0.022354,0.00000000
7213,0xfc923ae40101c162e05940cfd15d7ef4fc4834bc,0.022252,0.00000000
7214,0x0dd24aaf5ef6bc68dfc2e027f3528eb235b45599,0.022191,0.00000000
7215,0xc7e7f00a60d0b90a4266facb040b704fa624b4fe,0.022113,0.00000000
7216,0xef98afe852129955068191f94e7a4675494e53b9,0.022030,0.00000000
7217,0xfcc79f19f0a807814f09364a5400b4ed5f22bf0f,0.021989,0.00000000
7218,0x14d2d5b1d1444a02779e323c9b484d53eca5e58e,0.021984,0.00000000
7219,0x32f7c201430cc4e9a0ac502917d5d1889e693ea2,0.021800,0.00000000
7220,0x44f86cc9effb99310c879ab474dddf55523941a9,0.021646,0.00000000
7221,0x650b65b2211dbabc1a12eb0444dd5d6839bda885,0.021207,0.00000000
7222,0x36c4946b498c516e97a9aea102c7e16ccf278eb8,0.020972,0.00000000
7223,0x816e482086ef19347a402dcba7a5604c4c30a71b,0.020666,0.00000000
7224,0x59d173dd7606d1d172c186e9edf59e83a39e013f,0.020459,0.00000000
7225,0xf484596e8206eb4516643c796c6d2ac2ac49309b,0.020019,0.00000000
7226,0xfedd14d3a32faabfbd6e290faa73aec58e894650,0.020010,0.00000000
7227,0x6d3d218d8a17a411b828c309c5cc1af1f3b84ed9,0.020000,0.00000000
7228,0xb9a6de7f6fdb1f7e86f17da6bc29fbdae71f7e58,0.019973,0.00000000
7229,0x1dcc6729c0ed06c76458f083da2054e4fea7e632,0.019786,0.00000000
7230,0xed4330bda05497b0ae38abc798ab6b507613e1f1,0.019700,0.00000000
7231,0xec1567590609aa9f8bd0e2318f68cda7e4a8f19d,0.019648,0.00000000
7232,0x1644d2477f809cc2c71bccfd6dc9497e3f83210d,0.019638,0.00000000
7233,0x5dd5a6f0a881684f0ccf0c1e28ba1fb692b06a7c,0.019610,0.00000000
7234,0x3c937d73f7fe55b386c309c65087d9f5bdd1a780,0.019323,0.00000000
7235,0x1a0d6dee576fbd052e630a6998d9c1db0344d91b,0.019224,0.00000000
7236,0x211c1f0c38379d0cd2f5e41adc53e94f35602f56,0.018897,0.00000000
7237,0xeefc2be86ffd63bc52ba9d38b3c4591ea27002e5,0.018675,0.00000000
7238,0xab27db9e0105af3d9717b0ccef11e2cc65515609,0.018514,0.00000000
7239,0xde955b5dcbc8e9b674b51f0ea78fd4bcbb053de2,0.018411,0.00000000
7240,0xf36eb9091898702598a8dffc7f3fe1cd46bebf93,0.018405,0.00000000
7241,0xbe088ddf0e2baa775a6062b6666fddff2e5afa6a,0.018403,0.00000000
7242,0x3cdb6cb42a9efd854f2e31eea20a31b7c69a777a,0.018167,0.00000000
7243,0xc88ed0d374e7995a86589f04ba3083eba75baa5c,0.017959,0.00000000
7244,0xc1a887a488844309faee1c3e59e642f1575c3858,0.017938,0.00000000
7245,0xb8bdaea69e872747928ceb372608a314301ac5af,0.017818,0.00000000
7246,0xfce54aea92ffc631c290f161ead3f1f4b3743624,0.017770,0.00000000
7247,0x396682d0717a16c6433533fab04958b64306cf9a,0.017685,0.00000000
7248,0x80ca7d252f9a0f1eb271d35a5a0b52029366ae3b,0.017553,0.00000000
7249,0x3ac8400a49ac7777efa01ed0011d0af2bc5e64ec,0.017529,0.00000000
7250,0x997c9b4fdbc31f85f6c0d8a47f433d4b6439041d,0.017407,0.00000000
7251,0x7898d1b107cfd4cc40422994c360943cbc0d78c7,0.017312,0.00000000
7252,0x9f6601854dee374b1bfaf6350ffd27a97309d431,0.017298,0.00000000
7253,0xbc1512ae9245f47da67ae1daa53877aab8504ce7,0.017003,0.00000000
7254,0xbd15d87b3a563575899c300ad4d597b758c0330e,0.017000,0.00000000
7255,0xf1aa66504ac1eb748a346d161989a4b906facc8c,0.016727,0.00000000
7256,0xcbc08d94ba4537f9d300990fa23579ce0860f37e,0.016044,0.00000000
7257,0x349a106811a68bf0cdf231d52839a32d59d85a6b,0.015930,0.00000000
7258,0xec6dedbe839ec9b65e4d11936ebf934b63710b8b,0.015885,0.00000000
7259,0x0b740d643ed7ea22e36bcffa69f72c261a76a828,0.015661,0.00000000
7260,0xa9c8c7cb183a0595b478a4793481771f6979cb4e,0.015612,0.00000000
7261,0x5f5b44e2dfd4c6085fa26996df3a4b9aec3cd1fb,0.015279,0.00000000
7262,0x2fb3ec9f13b30f8ffc3504c39b41d523eb371fad,0.014932,0.00000000
7263,0x403f64b43e9dfc93ea53e46ab307faa217ad65a0,0.014533,0.00000000
7264,0x1e0fbbacfaee094c7f3ec66eaa97ec95d5b9bf19,0.014474,0.00000000
7265,0x8541c9e6eb833af3a587b658a32e560da6f9d35a,0.014426,0.00000000
7266,0x444657851ebc608cfef0aebb1eaf28f5e5c2926c,0.014215,0.00000000
7267,0xba26525f650981429bd98d29414b921720c5f97a,0.014213,0.00000000
7268,0x4bd68bed1bfd51ff92b91611c4affd89f07477d9,0.014152,0.00000000
7269,0x4ccc3f3671393f8ce0c4d39f8a61ccaf6c52b597,0.014024,0.00000000
7270,0x550ff38aa11d75697ee3e3d0b617e00092b8cbf7,0.013981,0.00000000
7271,0x45f7b38dcd402a0f5528752f8df4744e7faa1e65,0.013963,0.00000000
7272,0x50f1a4507de577e3f81b4d19aee36e75b2b74635,0.013822,0.00000000
7273,0xdb2cdd6e10703ea9275ba662335fd2216b9d4c84,0.013743,0.00000000
7274,0x8c38ee71082fc6165c21972567497ac60b611303,0.013351,0.00000000
7275,0x9e28ef3b9c95450848e8eb95829f6041b7c045b4,0.013107,0.00000000
7276,0xb2e086fd440ba8d8c3c528db880c4b69dbff410e,0.012922,0.00000000
7277,0x89f4b71a4433788a2f7ae4d5338954317f14dd5c,0.012800,0.00000000
7278,0x361e547f5756cca1cc55f4c9dcc01ba5696644fe,0.012544,0.00000000
7279,0x2aea9ec4af5473f0f843be58c6538619a6fa72b1,0.012174,0.00000000
7280,0x2d4f72825c5908b6fca5a624f1b412b6e1d79bb4,0.012001,0.00000000
7281,0x6209517a9496987c2aadd03157d1858927e303ed,0.011962,0.00000000
7282,0xbebfeee3b5743ffea8e6947ba9bb00b989eb327f,0.011922,0.00000000
7283,0x418886a19b276b9b85238ea519b5160bc11840fd,0.011652,0.00000000
7284,0xf967da264a958b29ac77108ad333bef2fa8bed42,0.011329,0.00000000
7285,0x97a99dd78ff0f403ef8d85b72a22538f471f2840,0.011260,0.00000000
7286,0x3895d7268ea97d0e5e429d3d64fa37a3ccbd29f2,0.011246,0.00000000
7287,0xe6b43084ed139994fe9b86adf478777a68c4de2e,0.011114,0.00000000
7288,0xd1208cc82765aa4dc696117d26f37388b6dcb6d5,0.010444,0.00000000
7289,0x8051ad1d40d91b5c18784a2b342acca2caa37264,0.010433,0.00000000
7290,0x6a80f57ac54123cb71e6c79b3935a381b87b4308,0.010433,0.00000000
7291,0x0a64aa47503c0e3c320dc744e15f69fbc2bc8411,0.010263,0.00000000
7292,0x0972ad798ed85aa15dfdfebe4df1f1db4797d4c5,0.010221,0.00000000
7293,0x2f7823d077fcfdeac3deddaac4852f66b592c4d5,0.010208,0.00000000
7294,0x52139cb08daa81d6ad5eb1b0b55eaeac5131a13e,0.010100,0.00000000
7295,0x5bff90cf40c92e2dca663654703ff568eb11d233,0.010080,0.00000000
7296,0xa4483797029b11f956e952b4cdd4edb1644f506c,0.010047,0.00000000
7297,0xc269ed7fcddd3d4c0c6fd53ec94526d6a1002282,0.010023,0.00000000
7298,0x1c4b071f35eb7a4f5bb97b8a1f7dc33c4b0b959f,0.010000,0.00000000
7299,0xbb9ba06a37cf5eff1743e59c66d4e71cfa34139a,0.010000,0.00000000
7300,0x4b0fda7e91a797fbf149d8e66fdad869e94aa195,0.010000,0.00000000
7301,0x040f53e96766f53e523392f3f476714ad4c6fe5e,0.010000,0.00000000
7302,0x1f6a014f3b8fd3162300e5161123b95a41bc57f7,0.009986,0.00000000
7303,0x325a85a90fb1ee194bc5aad5c0d10e0ff8387ef6,0.009967,0.00000000
7304,0x32e648b8ac57da05e9f33154a3fd02d97d655468,0.009940,0.00000000
7305,0xcab13ce8947db6201fa55802843e692c2f6a1c56,0.009891,0.00000000
7306,0x0e95696ec5e4ced3d1cbe7a0451419aef7fedef7,0.009883,0.00000000
7307,0x11aef592b765d280ba29f631078d7bd78911467e,0.009755,0.00000000
7308,0x18d219e80b01a2ce4a6f90ad05d3b103a5fd4654,0.009599,0.00000000
7309,0x11a469e483d337046e37cb2d26310310956bb6de,0.009351,0.00000000
7310,0x4268ed0f56894708dff908af1775b49039947925,0.009193,0.00000000
7311,0x9c1e098afcd3107b680a2aa95ef565354a0a1ac8,0.009143,0.00000000
7312,0x692ae92c1ea5022a0ce9449a0ade6ed531d7b56a,0.008765,0.00000000
7313,0x86f1a057a949ca27af54d2815a14e3b9d387b1a9,0.008702,0.00000000
7314,0x2456f4bde5ca9f8dcf0dda9d702bc52397b10f91,0.008654,0.00000000
7315,0x917e990adc8dc066bfd669f8e4508be0616d6f9d,0.008586,0.00000000
7316,0x0b054a77cb62e43e0d95f34090312d84aa974b95,0.008586,0.00000000
7317,0x69b3d9f3e6f30ce27fa359f72a893a6da3fc3769,0.008400,0.00000000
7318,0xafd0d82668980ffa9d309c4260629c9057932f16,0.008388,0.00000000
7319,0x7e23b786d8507d74d3cb667b15774f8f7522c6b4,0.008300,0.00000000
7320,0x53f59c43661efaf5a82c59a84588b16e24bf2cf9,0.008136,0.00000000
7321,0x67df75af80ac93f1a44272300e0480ab3716f793,0.008116,0.00000000
7322,0x5830c746001c214b39d7b84363a57ac7c85bc890,0.007964,0.00000000
7323,0x794129d0834b881076209446e729732c762ad848,0.007925,0.00000000
7324,0xc9779f0cc65a9a6472cbaaddca2447cc127674e2,0.007914,0.00000000
7325,0xebe3e33d0e880e56e2d5a95e7a52868058e66464,0.007852,0.00000000
7326,0x322de26736067396ba755c79c2d2ea6594b28189,0.007542,0.00000000
7327,0xb1b2d032aa2f52347fbcfd08e5c3cc55216e8404,0.007515,0.00000000
7328,0x9205a569b0ff45df1e4f5ae48e21bc7f0656f0bb,0.007423,0.00000000
7329,0x4daf8ce9d729ca4f121381ec4b22123627c1c004,0.007367,0.00000000
7330,0xe6af70239971776cc70b8302b5cecf4daa86f5d7,0.007131,0.00000000
7331,0x1c6df9f31fb3c83be11a5ee181b9994cd7dc3069,0.007000,0.00000000
7332,0xfc8b05073be074f9481450693b22ce2227475b68,0.006966,0.00000000
7333,0xf36896027f38f41ac89a9dc22914ba4c69b494c2,0.006882,0.00000000
7334,0x6b26b4a51cb4b1b8b47e385a98392233576623dd,0.006856,0.00000000
7335,0xba9ee4ea4dc532d2521443f4e7ae91ea1608a1dc,0.006833,0.00000000
7336,0x14a20392a1d61cd6f29013a1a02b61e0fcd98dd1,0.006789,0.00000000
7337,0x8dec74d87615946e5a3fd2403986d08314db3f47,0.006516,0.00000000
7338,0x8d59ddc43d533fce78945e3d174a2ce027a21ae9,0.006494,0.00000000
7339,0x3b461cb6b2111d8a47d31514f4c8a18a80bfcb5d,0.006061,0.00000000
7340,0xb5681edb2c43f8d693003f68aa23976f9db2e28d,0.005880,0.00000000
7341,0x731f9c7a19f29275ea716bc1d4270e91a9a0a9de,0.005654,0.00000000
7342,0xe9623e80c69e2281292b11f5c009bb270f955c20,0.005383,0.00000000
7343,0x40fb33a39068261e2109f9233ed8484b9f96e192,0.005354,0.00000000
7344,0x810da6e7081b4e3859b9c3b0e43131502ee19941,0.005114,0.00000000
7345,0x06b91943fa8fafa489747ff7309edbd2b939d440,0.005028,0.00000000
7346,0x77c59f2eb3e3f64e6e137b30dfbd426679d968f8,0.004900,0.00000000
7347,0xbc19afa9c7e166d86fb35dd62ff84495891adbd2,0.004860,0.00000000
7348,0xec4fb7e7c35c241e1138a2d8cfbb09f3ad1ccb22,0.004790,0.00000000
7349,0xe9fe422909fcc9d9a771f94b9fc023b232a31c71,0.004650,0.00000000
7350,0x0b05c888fcba0313d89acf4c5655ac72f2b98fec,0.004377,0.00000000
7351,0xb1660e97ea6ef398e0a5d682bedf28b9700ec085,0.004308,0.00000000
7352,0x274e2a4ae64316f4a347bd7821579e0c2675921e,0.004306,0.00000000
7353,0x539d104d9cb425cae0b5a22a2b3f897a54f91570,0.004229,0.00000000
7354,0x565e79f526245cae4a8c130ad95c7a2778f3ab4b,0.004200,0.00000000
7355,0x5796150423e13e8c48d1ffd465d05c22fa3b507a,0.004043,0.00000000
7356,0x63cad5ba6f0f3f381e4dc32a13d41ceb434de4a5,0.003990,0.00000000
7357,0x4c976d4f977a1f53ce1bde815b35229024ba69e0,0.003932,0.00000000
7358,0x62d7d6e1c4ad0e6fda4075463a58a24662054d5e,0.003852,0.00000000
7359,0xf3eb9dc9626800f5c2157a14adfaba2177e1f7b5,0.003698,0.00000000
7360,0xb7e6188d72099743d261f810083a1ab29adc9bef,0.003645,0.00000000
7361,0xa0c9d28c26f0c45cee1f9cf12b52eb1f418ef2db,0.003605,0.00000000
7362,0xabd97e5fe25f94b2a4af3be95db2666cef7ec696,0.003601,0.00000000
7363,0x11f7ef2d4f147b470db522c851a96cf1bf5d3934,0.003580,0.00000000
7364,0xfc1e989a91c15d12b208860a6adfe3bddfc4c486,0.003382,0.00000000
7365,0xa5d66c90ed68491cf1e9b949096212a690b52c06,0.003351,0.00000000
7366,0xa22dce9a02f1241d6d896fb6e44defc06a2b252f,0.003311,0.00000000
7367,0xc97e1bb9a83c6fed9c112b9a9d36299d984dbecc,0.003264,0.00000000
7368,0x2ecd0fe6ec1dbf22184efe9188f89ce832e6321a,0.003181,0.00000000
7369,0x09eed9a030e6fdaf828dfe3a09d383ae015ced7e,0.003020,0.00000000
7370,0x05a0beda7c72f3f1f7053c588ce8693e2ad665f7,0.002923,0.00000000
7371,0x0648279d6e3b387de78927e172d696bc953842ee,0.002889,0.00000000
7372,0x324ec00e2731aee487e33d2adef60c520baea855,0.002887,0.00000000
7373,0x7773306761d3026f750dcf931b52cbe325e9162c,0.002816,0.00000000
7374,0x04ee28a213e8df1cee2e488440e889489ce2e6d5,0.002790,0.00000000
7375,0x9d8eb9038a76e134f4017506d0ed63b060caa377,0.002727,0.00000000
7376,0x92c496ab842874ad4739e1abce26202914cf26fa,0.002650,0.00000000
7377,0x839bb496125b3c51c9f28d4e91012917e21239f7,0.002647,0.00000000
7378,0x644e78fa105d2adbc357db8f2777b2f67052b604,0.002600,0.00000000
7379,0xe8a8b458bcd1ececc6b6b58f80929b29ccecff40,0.002587,0.00000000
7380,0x741904bcda6616739d4fb98c8d21a84f5f2f106c,0.002469,0.00000000
7381,0xc88b6a0c23e483bddb83c880b1cab018cb3d3350,0.002400,0.00000000
7382,0x5fa555ac8a0a8f4c79572b6049eabaaf067178be,0.002397,0.00000000
7383,0x43085701c85c756a15628c8dd437144a4106ad45,0.002366,0.00000000
7384,0xa2f68de9a9aa62c91cc1769f659bc127da0bdac8,0.002364,0.00000000
7385,0x7eddcf7f222e030a58a0d4b03d55e91b1e25b27e,0.002344,0.00000000
7386,0x89f6514be4b7bde4489783d0b15130d16acd4c30,0.002329,0.00000000
7387,0xb86d3e165bd34a5ab898a1a789c4f135f1adba52,0.002273,0.00000000
7388,0x9608c90e06240cd37fbab93bbcff7fe0b8e754a9,0.002270,0.00000000
7389,0xc9065f71c7e1df5f3602fcf27fe1681d4dd66269,0.002245,0.00000000
7390,0x80f1280d9735b9dcb8fefc42f1ec846092aca824,0.002238,0.00000000
7391,0x9065160a6f647abdbc4a6ac284270b0480e8e3a2,0.002211,0.00000000
7392,0x7fe6e8a268c83fffef9bffa8d2e172a1c614f79c,0.002201,0.00000000
7393,0x23f0d08797a87e63f55637b02ef25361290d52e4,0.002200,0.00000000
7394,0xd229dc2667506284e313a11f435dd0508e9c7fb2,0.002200,0.00000000
7395,0x0db05b320362794f7e3d3605986148101247a08a,0.002182,0.00000000
7396,0xa8493bcc5e49ef2dfed348cb5a5a3d922750957f,0.002176,0.00000000
7397,0xd17ae94e595c3987c277114aecb377e89450bc07,0.002093,0.00000000
7398,0xf5ef13d2a5d5f08d6f1e48b8bc2d10afde285adb,0.002063,0.00000000
7399,0x5c9de2bffc6916ea0aebf15c1aeee8dc22523449,0.002013,0.00000000
7400,0x510f45c3156624313e788dc238bc465aacc90731,0.002000,0.00000000
7401,0x69e627187931ca1810e4b6c80583c938797ff69d,0.001998,0.00000000
7402,0x206d3122815cc97c8b325ab8f521099a049b2705,0.001943,0.00000000
7403,0x816d5b532cc36e85061684b49a3774e4d506706c,0.001911,0.00000000
7404,0xcfdb4767e505aa588d08df64c8755be36ae6b4ad,0.001884,0.00000000
7405,0x5ac82beac2e5eb6a024343250610af11b0d7202b,0.001866,0.00000000
7406,0xe656136bf7a5e6fa2691a5d64f4df4f7cb195757,0.001865,0.00000000
7407,0xed8241384a0a5aa41b0756d34427cd6027baa295,0.001800,0.00000000
7408,0x48a55dfe9d0e5ef1d31ff1f2a1b726bf7b89bd65,0.001799,0.00000000
7409,0x8b31ee107bd620f1a0a7eb8fa2969cfc90508cf4,0.001773,0.00000000
7410,0x9fa9b5033af89d85d5fe0d9c3d3cd12cf1e31c97,0.001750,0.00000000
7411,0x4f1fee5c1c51f96c0800ef4c2807353711eddd9a,0.001750,0.00000000
7412,0xe0149e59e26869344128a65f6e9f429b50228757,0.001744,0.00000000
7413,0x57cf25e90f93118a22f0419828fd6784448b9529,0.001741,0.00000000
7414,0xd330486b45c5071ae83275db8084e9f15efb8c57,0.001740,0.00000000
7415,0x42943014eee24f7eade16ce3d608fa40854bdcb1,0.001705,0.00000000
7416,0xbf77b7836f2a51b7526636838cf690bc24b2e28d,0.001690,0.00000000
7417,0x6e4ba09946060e921d4ad6ac74d440dba9bb9ac0,0.001690,0.00000000
7418,0x116d5045e8365e1e07c146e46332886ea48deed8,0.001626,0.00000000
7419,0x643c94706d3b3f056e8289e1f2de26b8aff88f1e,0.001620,0.00000000
7420,0xc12ea8824373b44d2a76a0d1fa3dc460e5336e2f,0.001600,0.00000000
7421,0x04b6c439ba5184213e46cc504eb3e06692618acd,0.001600,0.00000000
7422,0x1e08f1f051dbc2980042f196dcb9335140e3af52,0.001590,0.00000000
7423,0x82ce44eb5ca0b26a683fbc97763d6d6643063ae9,0.001571,0.00000000
7424,0xe4c16d476c65bc04bcf762cbe9d37285049b6b1e,0.001566,0.00000000
7425,0xf7b33a3b130eb9f4bf361408672b226f25f50857,0.001555,0.00000000
7426,0x345d8ee5452cfd028f9a1de66d3ad9bd66017794,0.001433,0.00000000
7427,0x9c3ae3059378ccdee943e97ea501de2ae0847d0f,0.001424,0.00000000
7428,0x018a8ce50c02628f1efea74e6d9bc5aef58ddf0d,0.001393,0.00000000
7429,0xc333256e07fff873aacd7a001ccd0ac9d66e5f74,0.001352,0.00000000
7430,0xef24b7da86d9a516c7146ed02c006b82175e412c,0.001351,0.00000000
7431,0xb8f937b7bcfe9da01ad616544f149324a9a40a5f,0.001322,0.00000000
7432,0xede604ddada71c5b3e5a5b247b1ea42d421bd1aa,0.001320,0.00000000
7433,0x9f244affb48392b880fb8af3fb92ef6c47ca34dc,0.001310,0.00000000
7434,0xf309f83dd9cefba01ad0bcb23437bd6db8e5952b,0.001305,0.00000000
7435,0x5ffd71ada755cb2e0635adda04fde47a56fc4dc1,0.001257,0.00000000
7436,0x573f6be97a306e8c2de51890bfc25ad239703995,0.001255,0.00000000
7437,0x36feed87c93bb72860a4249694c0b8cdfa21af8f,0.001200,0.00000000
7438,0x405ed99e12daf1ee89dbdd1d0d4fd933d63eb13d,0.001200,0.00000000
7439,0x740a459a14f360bb2563f14d55905b3e1ead3bf1,0.001140,0.00000000
7440,0x503afb3c46e29f857c615f37595ff721bfa32177,0.001140,0.00000000
7441,0x6ffc5848c46319e7c6d48f56ca2152b213d4535f,0.001128,0.00000000
7442,0x6d91d01ce59e1af81a1cdb771a067689cd2d9748,0.001100,0.00000000
7443,0x9a2d746104607de6d1caf1dc301005b98a083cff,0.001091,0.00000000
7444,0x6f3c1274377786b2390ad7bf7e00cf735dd3b3b6,0.001081,0.00000000
7445,0x2c2fbd030d348ce91f7ad24fa7cc55495f8edb15,0.001077,0.00000000
7446,0x3cdde4345d9a0008bc7b9b2d144dc62b3ca04fec,0.001060,0.00000000
7447,0x358b080ec9853655827a981717e6745e8876d45c,0.001060,0.00000000
7448,0x574dac020604afc9894a2466739f482f6bbe9434,0.001048,0.00000000
7449,0xb1ca74591e34d90ad2c2d7196637ca2c79869bbf,0.001015,0.00000000
7450,0x3b470fe82325d59e5cb61e2da69ea309b0a48e60,0.001000,0.00000000
7451,0xeed14e91b92466b55e06bb2146dd6d4ecf0bc213,0.001000,0.00000000
7452,0xaf985e22f934da5c99e0fcd7cb866b154f6f27ef,0.001000,0.00000000
7453,0x2e747c3f86cc0192f1c9ad043f4e73c3a576fcd2,0.001000,0.00000000
7454,0xe4861e426a1f4d57ee10cad9804a659c967ea65e,0.001000,0.00000000
7455,0xb471e3e0221a8e1d72574d49282abeae26dd3951,0.000994,0.00000000
7456,0xc4f92a110c461043f3ee53f2b601d59936438e2f,0.000949,0.00000000
7457,0xd4b9a2e56c36c670eaf45119d6fa069722b0ae9a,0.000933,0.00000000
7458,0x9b2a3b92b1d86938d3ed37b0519952c227ba6d09,0.000925,0.00000000
7459,0x02013dd12ef13ca4823ed4c2513e2437c3921f91,0.000876,0.00000000
7460,0x7c81247ae0a35b03e3f4a704dcd6b101dca53abd,0.000857,0.00000000
7461,0x2211503df6e6dfb11ce29283b0917a9f5f67a774,0.000851,0.00000000
7462,0xf77ff50b50bc738606346329d0584c14ba5bc0ea,0.000840,0.00000000
7463,0x4680bf15455b164742ea404a97c364b4b27b91b3,0.000822,0.00000000
7464,0xc0d2f592d38cc5592c16b895549be909d6472795,0.000808,0.00000000
7465,0x0cc3b52c417139ef077730ff658bcaea7bd891ce,0.000803,0.00000000
7466,0x77b22ff83e16ced7ee8287ac436fbed9a733ae37,0.000777,0.00000000
7467,0x5927c261ca73fa3c4e13c3e3a3ea4528f6ae83b7,0.000757,0.00000000
7468,0xf28b0b5db307d91074534d0ccac78a1349c8ea69,0.000751,0.00000000
7469,0x217acda0590147a9e1015aab869d3962fc21515c,0.000724,0.00000000
7470,0x2886f5a53d6d1e4e2bc3f2b2fb2e05a5a8315caf,0.000684,0.00000000
7471,0x1e034344f7ac9f1f5dfae55e53f5d597c13f76bc,0.000675,0.00000000
7472,0x2b7725c15225a2c2a4623de40d897384bcecca54,0.000655,0.00000000
7473,0x83331b4835c713347f1e66a476a019e82eb52e0b,0.000638,0.00000000
7474,0x81ba93b26bce8ca5d649b6607df15e6d45462d8f,0.000620,0.00000000
7475,0x0410126f183e1d3c33459345659e0440d1d01831,0.000602,0.00000000
7476,0x40abdef6189e5a0a581027c52fb957ca14defe39,0.000573,0.00000000
7477,0x36331e299247e5d0d3261e1d9852f6e0cffee95c,0.000502,0.00000000
7478,0xb5ff1a8fe20eb34ab3e348b97a9e7420f0732778,0.000486,0.00000000
7479,0x511fa3c78a4309ed340102dc09f5eef34a40e324,0.000475,0.00000000
7480,0x199554ccb0c7e11a8c5275a41f3e61a92c235846,0.000466,0.00000000
7481,0x568aa716c5b50faf0af2455f804d27ef28a21cb2,0.000461,0.00000000
7482,0xb530ff1955754b6fa90283dcce5b085f35a0f928,0.000457,0.00000000
7483,0xc35f435d50218ee40248c42f9a7efef5ead460cf,0.000435,0.00000000
7484,0x563b32b9b1d3e1a2c5eeadfa50159b44226fcadf,0.000434,0.00000000
7485,0xb83456c0bab41c589920d824c194ea0023a945ae,0.000429,0.00000000
7486,0x7470b580e341ed37858c847ad5ce82de3940a9fe,0.000425,0.00000000
7487,0x91dd1b53381a932e4da34beaa517cd64a41f3740,0.000376,0.00000000
7488,0x04b3c47fcebe20812f19fe0c50d98a8854cd7b0c,0.000370,0.00000000
7489,0x8392876883cf0e9e7ee24d9b1f606ed88644f23b,0.000366,0.00000000
7490,0xec01c918e2f700f47332ddc2d216ae9e747bd1a5,0.000362,0.00000000
7491,0x87816fe4946f3c6f672c6af33b6ba9df34cc0a10,0.000359,0.00000000
7492,0x40087f44e5d85c8d78e6d792ffe4d414c630e983,0.000344,0.00000000
7493,0x6107097ad26d7d95f336ab55c510701639591911,0.000341,0.00000000
7494,0x46b918a05de12a72e1dc15410b4d9d49339812d8,0.000339,0.00000000
7495,0xe417c40f09d24374a60c8d73a01e8fc902e2ffde,0.000338,0.00000000
7496,0xc66de8b4bc6f2dd5a10798322a33777710ec3f89,0.000331,0.00000000
7497,0x384fb7d34104935b5ba7a3ae4c44906bf457a27e,0.000324,0.00000000
7498,0xa05686ce26c33fb9949c1332fa4c0c3ab88ea1d0,0.000321,0.00000000
7499,0x265afcf63a6d781a0f446c4e1ac1540f9b74b2c0,0.000320,0.00000000
7500,0x591da90657f4fad6fb9995c9e215d3ccfcda41fb,0.000311,0.00000000
7501,0x0d9dab1a248f63b0a48965ba8435e4de7497a3dc,0.000310,0.00000000
7502,0xbcfc8f4cd76aa28c337e3cf4fd139a161566282c,0.000309,0.00000000
7503,0xf70853810b8fc6869068dc8f7f94c439c9a2cdca,0.000299,0.00000000
7504,0x1a468d4e2720b282074d3097da9eea66cb7fea06,0.000295,0.00000000
7505,0xfc5291f17cd70429c7a11f1aff5e130f94d7a8c3,0.000295,0.00000000
7506,0x6b5143aa68d88e21dd0db0e455b66cfb5a370536,0.000290,0.00000000
7507,0xd0284d999985b4b014ffb3fd6b8e63ade65d6464,0.000289,0.00000000
7508,0xa4efede9bd81a1ff03fa0e47f0636a69440fdad8,0.000287,0.00000000
7509,0xc74282568be8e73b28afc8f93d78704ac6f4d739,0.000282,0.00000000
7510,0xb8b104c753363d7214c9856ca175c6b183d69ebf,0.000281,0.00000000
7511,0xd3aafd5dc7a03d3f4932830294f74cfc9764085b,0.000279,0.00000000
7512,0xae0bc11e4ae2a1b303329dac187cd6c75c5bcf1e,0.000278,0.00000000
7513,0x9b4e401758d94038daa327e7b4d13772412d4df7,0.000273,0.00000000
7514,0xa37ecc25bee9b5ec8bd7fe7831d0d679c7f7fd9e,0.000272,0.00000000
7515,0x939ec8aed1e83c371b6a420456e0d977dffa6940,0.000268,0.00000000
7516,0xe83f75907fb4c575414fa6f5cfe8cef24dc5870c,0.000262,0.00000000
7517,0xf740d775fa60e37a98b7337ad52ce25b68772a9d,0.000255,0.00000000
7518,0xc6937741b7d49b92ba742ad116d957a49400db81,0.000255,0.00000000
7519,0xf8de3ea7b2c9822d49d66410aba1419a751f0ee2,0.000249,0.00000000
7520,0x525d584c1a460843c34736b319bcb638a4de99e7,0.000247,0.00000000
7521,0x7c2a9f0b0f2e12d4a4dad6afcee154fd9eef50cf,0.000217,0.00000000
7522,0x3486fb9f991d5dfda0219931835c183425819277,0.000209,0.00000000
7523,0x2073801349b25b5a0dab8d36a9007eb149bd7e07,0.000204,0.00000000
7524,0x2c825edb17c2c04983a481ebd2da2a39424c7cb7,0.000182,0.00000000
7525,0x3474fbbc6e43dcb0398e2eacbe1032cced806742,0.000182,0.00000000
7526,0x6ea08ca8f313d860808ef7431fc72c6fbcf4a72d,0.000182,0.00000000
7527,0x672061b75f770331b0c7c2a566a9ac0a9ba331d2,0.000166,0.00000000
7528,0x4a54ca29a0b687a50be92c52564eb1b597679260,0.000145,0.00000000
7529,0xe82de5de03da1358c7b32f9947a0a9e46a827d6d,0.000137,0.00000000
7530,0x624921352f494eaeb5fa9ff20ea14cc95031f936,0.000117,0.00000000
7531,0x51af6d810c0805d62446f4df926d7b8f1189e792,0.000112,0.00000000
7532,0x00000000ecfb25b63e2bc620a08e2c0272c551d8,0.000106,0.00000000
7533,0x42e213a3ad048e899b89ea8cb11d21bc97b84748,0.000105,0.00000000
7534,0x2a7bcdcfe62d01984c6287849b6e1f3e6df54427,0.000101,0.00000000
7535,0x41ddb6fa6af16d7c4992204aa9a265b1d47af396,0.000100,0.00000000
7536,0xf1a3e3a1ae5754124363637aecbe5ce6b2d888bb,0.000099,0.00000000
7537,0x8f897d64786815e5ea210cce9b070f85a6332703,0.000099,0.00000000
7538,0xf2f72263025c619346bf1ac297f66c6deb929534,0.000097,0.00000000
7539,0x4d6bd72959753f7f695d28bc8fd9dfb1f29dec64,0.000094,0.00000000
7540,0x3f0d924587f91a5228815aa3b6001172f6ab6dc5,0.000090,0.00000000
7541,0x3b219273cadf3c80ff5a5799d2844fe2aca5fda1,0.000089,0.00000000
7542,0x5400dbbe02cd65c777ab24e08a7c856edbbcb5dc,0.000088,0.00000000
7543,0x23face08ba5c730cc79d2eb05ee43b45a2879c35,0.000077,0.00000000
7544,0x296658bbf87d0395736e7103ddcd2c6adc6fedbe,0.000076,0.00000000
7545,0x10161dc4bbdd1855e4b5ba9f251569dc067fc66e,0.000074,0.00000000
7546,0xeb4e93233cdbba82163bca0455ce904744e3cc09,0.000067,0.00000000
7547,0xfb79eba7fbe8df42e5e4551bec542c53fa817804,0.000055,0.00000000
7548,0x3c6832efbf7c101affe1e80f39a16b76e91bf3b0,0.000050,0.00000000
7549,0x358d65b1a1443282858663fa5cc9ce797b28d32f,0.000049,0.00000000
7550,0x42402daa53c70b9a8f71e57ebdd2136976c3d566,0.000049,0.00000000
7551,0xbe0f4b42a74e0f0917efd1c9cb6eaccedf4ca128,0.000048,0.00000000
7552,0xb3c9fa3705759db8f05eeddb268ad6b548140bc6,0.000048,0.00000000
7553,0xc33f0ae73596adbcc06497dc93dce1f46f880e48,0.000048,0.00000000
7554,0x0b319e1ec7daefaf2b8440308e27305450c91e66,0.000047,0.00000000
7555,0x6263891d4a4f73d365734e4c31cb21d257e25927,0.000046,0.00000000
7556,0x5485f04032c403787ac0cbf78f376a702972e066,0.000046,0.00000000
7557,0x663d38feba653d12e1e43ee470386e1ef5fa3889,0.000045,0.00000000
7558,0x2ac76e0ce48b353c9d87290614abebf2b97c04bf,0.000045,0.00000000
7559,0xf4f24dd78377f7f0bc492e77702aa9a6560686e6,0.000045,0.00000000
7560,0xce7a92ae748cd38c3e4a99092e624b4a4139679f,0.000045,0.00000000
7561,0x038aa62833b08f5d3a10315ed92ad9d2ad2f0595,0.000044,0.00000000
7562,0x8201d5ee83a1740b8055365b09f31cfc75d721dd,0.000044,0.00000000
7563,0x6167e7bf00ee523e7a6e7f0bfb30603e2af2b720,0.000044,0.00000000
7564,0xf796fe7d1f84faf9d6b158bdf95ac017859a6d73,0.000044,0.00000000
7565,0x271d2e52e39a890f67a49c19fe973ea118defc57,0.000044,0.00000000
7566,0xae17d7369746de2013992e1fe2125ed78b9a2ca5,0.000044,0.00000000
7567,0x30b1ab9f9fa4ae287cf28be01a9eb7f6de4d449f,0.000044,0.00000000
7568,0xebf6dd7659efbce8e1170cc16c4e7dac4a2db5e7,0.000043,0.00000000
7569,0xdc9b964ba93be36d214326290c39cef3654b1b08,0.000043,0.00000000
7570,0x27a0c21dba4983ee37affc1fbd1be95ecf88377e,0.000043,0.00000000
7571,0x5b06b824e1f806bac4efe8f567c6a2a41edd26e6,0.000043,0.00000000
7572,0xee56b24d24f95688f1877a1c6afc6345e459d4bb,0.000043,0.00000000
7573,0xb4149c7fddf793c41d09a8bbb1bfc2fead85ec7e,0.000043,0.00000000
7574,0x69f77f9ece4c8c238b7ec88906112002101eb23a,0.000043,0.00000000
7575,0x5b65bdd95b3f2f5de25c72ec751633dbcb612c77,0.000042,0.00000000
7576,0xa45b7ec972206cc9f999fe4f86ef99506a788cc0,0.000042,0.00000000
7577,0x4bd3b90c9f63ce7fe5742f8f39355e6e5184c0db,0.000042,0.00000000
7578,0x0bbb31976b5637c9531b192aaca054498438da12,0.000042,0.00000000
7579,0xcad3aed7ef7db26ee945f59a1eee742b92163d82,0.000041,0.00000000
7580,0x79d4ecb2e28d973d8bb88850c32392bf64832a21,0.000041,0.00000000
7581,0x8b1fb4937bab5d02248a0825bf2564863237b00f,0.000041,0.00000000
7582,0x01519dee82a34fa0222d6a6672eaa3f4e2e2c7a0,0.000040,0.00000000
7583,0xa1237368393f363a67882bf801610eff9e677da2,0.000040,0.00000000
7584,0x5acedd254567e4024ac329f79580d6c12567e3c3,0.000040,0.00000000
7585,0x361e13ad1fdf8aeba365ab789fe6079b9ef82b2c,0.000039,0.00000000
7586,0x5e64c431cc80d9c84e0ced0e71da1a3c9429eca5,0.000039,0.00000000
7587,0xc4f37e12393a0bec460501c121c70fa6fe179528,0.000039,0.00000000
7588,0x57af27eea832f295095b7695a019e81cad3e6c27,0.000038,0.00000000
7589,0xfe6e2241cd51345194405a64fcbdfb88be649ded,0.000038,0.00000000
7590,0xc4f03ff425da32d90d79f95b01917d47830a7f32,0.000038,0.00000000
7591,0x253b353def88d7a2da1c0bd0cb7759df13f0a08a,0.000038,0.00000000
7592,0xa75c0b39e31f2692789bfbea9992533022bf58c0,0.000038,0.00000000
7593,0xf9b553e1afa7e72af2535c98a530801221eb6587,0.000038,0.00000000
7594,0x113d1805464dda167fb98c791f64ee74f6d942d2,0.000037,0.00000000
7595,0x3aa6fcc9c6686d6d0befcc8bb88ec1dd85877358,0.000037,0.00000000
7596,0xfb8d5a64221aa2b9d57b292faf3037ecfc75094c,0.000037,0.00000000
7597,0x49d92a2cc23923fcc8806bdd058b3f4a7b6127f3,0.000037,0.00000000
7598,0x266d1343a4fbe4f0a4cc9edc750e19fe6bd52f67,0.000037,0.00000000
7599,0x1e3d9c5ed47f946e43d00e81d9338b10a1c3117f,0.000037,0.00000000
7600,0x6e15b55df4446c4a50fc62cecf8376c1435355b1,0.000036,0.00000000
7601,0xe06464a06982ff100372001c50eeb74c95d20e26,0.000036,0.00000000
7602,0x611106efc243ced41918fe569930866543432488,0.000036,0.00000000
7603,0x477868ebe33952b13d06f5558689c94397c02e64,0.000036,0.00000000
7604,0x4b9133a4de32cead9b6f5ae4af787238d18f3fdd,0.000035,0.00000000
7605,0x0ecfbcc305c73115445d4d122b8cfebfbb21f3a3,0.000035,0.00000000
7606,0x4cc3f292c6b019cd93a0f0a2c5968f78bfcd89b3,0.000035,0.00000000
7607,0x734b8627721d71b822e39101fb933fa9a12e0495,0.000035,0.00000000
7608,0x07492cfe8e56362a8d64c1b7e161e4e81d000dc1,0.000035,0.00000000
7609,0x3c4aafeabd614d4240f71d96617408c75a177c3f,0.000034,0.00000000
7610,0x4ad9008133473726ae1e12df6e22aec305b8bb2c,0.000034,0.00000000
7611,0x35c8b4d61aa6ae8d808952109210eb535d3147e0,0.000034,0.00000000
7612,0x950ddb55da37714100c3c450aed0dbbb1f665259,0.000034,0.00000000
7613,0x5bce09da02e9e664e40c95cf6760d5249d3f8441,0.000034,0.00000000
7614,0xbc68a833b5c59440bd303024847c9a89cdcdef2f,0.000033,0.00000000
7615,0xf2533218d7784d7bef6e67a4f69c9ec00d9ea852,0.000033,0.00000000
7616,0x1b8e1d2ec2fd397574a6a8d414b1538a6de519a8,0.000033,0.00000000
7617,0xd9db4fa984ea139e5b68c5958e82c5cd4451c54b,0.000033,0.00000000
7618,0x0a8d096dbde86495324558ff9df4c97cfc9641b5,0.000033,0.00000000
7619,0x49a0f82123e28e89d7ced1cff1cf08a096973ac5,0.000033,0.00000000
7620,0x67152747c79b1070791fd8ef128e76db3b38cc37,0.000033,0.00000000
7621,0x2217415e9276fe586813adfda3fa0fb24d4ec4bb,0.000033,0.00000000
7622,0xeb42336ad8bf20cf144e9da1a7748f69b4fa15dd,0.000032,0.00000000
7623,0xcd694d4fdcc8117e63e14a6442a5e73cbd3b90b5,0.000032,0.00000000
7624,0x3787e3aa55018e97ef69aa64abea3ae40f587036,0.000031,0.00000000
7625,0x66c0276a2eab13fadd3778646f74ffcaf24b37e5,0.000031,0.00000000
7626,0x232dd0ecb4b8829018bd59e6fdaf1f93b5c49a24,0.000030,0.00000000
7627,0x1c83616cbf08177b7fc5f7eaa35b12c0d9ae5e93,0.000029,0.00000000
7628,0xce811133ade1af637df0435c8a745b4d6b4c24d5,0.000029,0.00000000
7629,0xa7a2097ce4bebe471008adf0241b64f50f930405,0.000026,0.00000000
7630,0x450ce91417c7aafb687b1e906de96334443b9374,0.000025,0.00000000
7631,0x6cdb5a96a5a97652a3ba96221511848839077ccf,0.000025,0.00000000
7632,0x2153858ad1b03e57ed0286c11366d08207a7fb79,0.000025,0.00000000
7633,0x69322d1527f0071de9b265fc213c8645e93f1f9f,0.000020,0.00000000
7634,0xfb7c1b009e1f76420a97b685b8ec106507de2914,0.000020,0.00000000
7635,0x493bdc046be3b8ba750b69e0356e912d084a9d3f,0.000016,0.00000000
7636,0x828ae1566824a9835acb6f565e1e9ea22bfb883a,0.000016,0.00000000
7637,0x322ef8f983b7e6d906cf7ff7057dd8a4d1cdc657,0.000010,0.00000000
7638,0xcbdd1e01c7dc64ae0405319dfd5ebec1f332f0b7,0.000010,0.00000000
7639,0x006825c72ac633bc47eae2e5962c7032b70688e4,0.000010,0.00000000
7640,0x93a27128ab4adac527e741ea268e5706048c2ed3,0.000010,0.00000000
7641,0x871f3a95a414765d426ff8fb3081b4e8df231452,0.000009,0.00000000
7642,0xe8786d5bbecf42fe66a8dd1bffb4eb155521bf56,0.000009,0.00000000
7643,0xfcddbe1baea7df71b839c5f597c58479c512b782,0.000009,0.00000000
7644,0xa08e6504087a8329db7696436ac9b614981cae08,0.000009,0.00000000
7645,0x3a5eedc432b6fb0e5eedf206b63f7d9334989309,0.000008,0.00000000
7646,0x336e12ffba1588e3cb41309c2cde46ce415663df,0.000007,0.00000000
7647,0x8d5c6192a915e2605af8cdb9411e6e7b00eab88f,0.000007,0.00000000
7648,0xae6eb7adf6e69637f6d556c44429af8c59a2b103,0.000007,0.00000000
7649,0x664ff858d290dc367590e64d922934bb1b424454,0.000006,0.00000000
7650,0x65809ffab67f6a505e61b727d35c978ded175533,0.000006,0.00000000
7651,0x67dab6a9af48b0bf9374cffdc47b40f4fd5ef571,0.000006,0.00000000
7652,0x427aa9d72dc657c9df5ad14c2aaf4aeecbba0c0e,0.000006,0.00000000
7653,0x0c3bfc6f2a8cbdbe3577385139f4da7e09a739b6,0.000005,0.00000000
7654,0xedf418f818160008f5e0363027c99eaf1071ffbd,0.000005,0.00000000
7655,0x33f10e6668f2ae057a758b30758a6fbab92c8ae0,0.000005,0.00000000
7656,0x38cfe53c70108acd2060d89a958103e55604e04a,0.000005,0.00000000
7657,0xfad758bbb7d5b4c78cfaf72769390e9918992405,0.000005,0.00000000
7658,0xf41dc352f6c33d6e73cf6c03a816c35e963fb862,0.000004,0.00000000
7659,0x4a4803e09cbb72fcf1de0efd6626ea6f78b252fe,0.000004,0.00000000
7660,0xe5be39cc2a5ac80f7543e8c441481ef00988c795,0.000004,0.00000000
7661,0x502f91ae08393e4aa423ff5c13b6480ca2425448,0.000004,0.00000000
7662,0xc56d45fe1f8b9be53d75a636863d14fed9e37da1,0.000004,0.00000000
7663,0x6f6cded0632e347e968262a4f3fdaae18ae929d4,0.000003,0.00000000
7664,0xd808a219cc10b565e21df45da92c2f9bc204c334,0.000003,0.00000000
7665,0x7b32e9f7419836aa50fda10af4137400ae5c5f1b,0.000003,0.00000000
7666,0x9707f24c6e6bb41586263176163c4a6e87039250,0.000003,0.00000000
7667,0x5892242be2719d44ba22275cfc5b5689884f6bc9,0.000003,0.00000000
7668,0x439e4c479965b7a934ae01157e51207c4ff99099,0.000003,0.00000000
7669,0x18c8dbc5e690bac73bea4792a149da059926b12d,0.000003,0.00000000
7670,0x7c60dce50ea1e28cb02cadef8cc2d41c794d8770,0.000003,0.00000000
7671,0xcbfbedaaedc6bfe05f9201acb2a5dd312eaf77d0,0.000003,0.00000000
7672,0x2951282bff117c12f5f4777f71f515f542f5362e,0.000003,0.00000000
7673,0x24dc43d37852e8008a9934c519bb7483dee70cbe,0.000002,0.00000000
7674,0xd69175cf589355d9e2b93c0327fc6fdf91ff7089,0.000002,0.00000000
7675,0xe5dff24b9a03ce8e2e7148fa6a2d306c5b276a12,0.000002,0.00000000
7676,0xc20c8cf876ef591971ad7954e9744d530cfc0cc1,0.000002,0.00000000
7677,0xbdb939c9cd180e400027a64a3ea6660f80817fa6,0.000002,0.00000000
7678,0xb8c7df075f97e2be61c438e9167c04c4d5856003,0.000001,0.00000000
7679,0x220c8ea6efdfb103b7022b13593a3545df9dbbe3,0.000001,0.00000000
7680,0x167f011906984c4587ba547d775b3cef45683686,0.000001,0.00000000
7681,0xccacf955c6ab6ca9d8452f9c3c2bccf9d8797516,0.000001,0.00000000
